Date,gold,silver,log_gold,dlog_gold,log_silver,dlog_silver,log_ratio
2000-08-30,273.8999938964844,4.929999828338623,5.612763053985295,,1.5953389532348463,,4.017424100750448
2000-08-31,278.29998779296875,5.002999782562256,5.628699624668994,0.015936570683699358,1.610037689044595,0.014698735809748786,4.018661935624399
2000-09-01,277.0,5.004000186920166,5.6240175061873385,-0.004682118481655451,1.610237629958814,0.00019994091421882132,4.013779876228525
2000-09-05,275.79998779296875,4.998000144958496,5.619675921098754,-0.004341585088584843,1.6090378614160608,-0.0011997685427531657,4.010638059682693
2000-09-06,274.20001220703125,4.982999801635742,5.613857811646927,-0.005818109451826814,1.6060320794910672,-0.003005781924993567,4.00782573215586
2000-09-07,274.0,4.934999942779541,5.6131281063880705,-0.0007297052588564057,1.5963526612906203,-0.009679418200446932,4.01677544509745
2000-09-08,273.29998779296875,4.922999858856201,5.610570048268704,-0.002558058119366713,1.593918072105781,-0.0024345891848391865,4.0166519761629225
2000-09-11,273.1000061035156,4.885000228881836,5.609838050828673,-0.0007319974400310514,1.5861693323487545,-0.0077487397570266126,4.023668718479918
2000-09-12,272.8999938964844,4.908999919891357,5.6091054053489,-0.0007326454797729198,1.591070238757186,0.004900906408431549,4.018035166591714
2000-09-13,272.79998779296875,4.892000198364258,5.608738881222124,-0.0003665241267754027,1.5876012583736288,-0.003468980383557252,4.021137622848496
2000-09-14,272.3999938964844,4.888000011444092,5.607271551868912,-0.0014673293532121434,1.5867832242105568,-0.0008180341630719123,4.020488327658356
2000-09-15,272.29998779296875,4.868000030517578,5.606904354850366,-0.0003671970185461504,1.5826831813942983,-0.004100042816258531,4.024221173456068
2000-09-18,271.3999938964844,4.875999927520752,5.603593724911764,-0.0033106299386016502,1.584325196754536,0.0016420153602376697,4.0192685281572285
2000-09-19,271.8999938964844,4.882999897003174,5.605434329190777,0.0018406042790122257,1.585759763986583,0.001434567232047046,4.019674565204194
2000-09-20,269.0,4.829999923706055,5.594711379601839,-0.010722949588937603,1.5748464518686334,-0.010913312117949658,4.019864927733206
2000-09-21,270.29998779296875,4.872000217437744,5.599532408121353,0.004821028519513604,1.5835045750376737,0.008658123169040355,4.016027833083679
2000-09-22,271.79998779296875,4.909999847412109,5.605066456805227,0.005534048683874637,1.5912739107294653,0.007769335691791612,4.013792546075762
2000-09-25,274.1000061035156,4.914999961853027,5.613493025576218,0.00842656877099035,1.5922917458377925,0.001017835108327203,4.021201279738425
2000-09-26,273.8999938964844,4.931000232696533,5.612763053985295,-0.0007299715909230287,1.595541854432524,0.0032501085947314046,4.017221199552771
2000-09-27,278.3999938964844,4.9679999351501465,5.6290589065367165,0.016295852551421852,1.6030173315776644,0.007475477145140408,4.026041574959052
2000-09-28,275.6000061035156,4.953000068664551,5.618950561285787,-0.010108345250929851,1.599993467469325,-0.0030238641083393247,4.018957093816462
2000-09-29,273.6000061035156,4.89900016784668,5.611667208056566,-0.007283353229220246,1.5890311369178538,-0.010962330551471222,4.022636071138713
2000-10-02,273.1000061035156,4.906000137329102,5.609838050828673,-0.001829157227893674,1.5904589738283683,0.0014278369105145128,4.019379077000305
2000-10-03,271.6000061035156,4.913000106811523,5.604330418156985,-0.005507632671688079,1.591884774927102,0.0014258010987335812,4.012445643229883
2000-10-04,270.29998779296875,4.874000072479248,5.599532408121353,-0.004798010035631961,1.5839149700736028,-0.007969804853499074,4.01561743804775
2000-10-05,270.6000061035156,4.888999938964844,5.600641738292177,0.0011093301708244852,1.5869877711123284,0.0030728010387255367,4.013653967179849
2000-10-06,269.29998779296875,4.882999897003174,5.595825954488807,-0.004815783803370444,1.585759763986583,-0.001228007125745334,4.010066190502224
2000-10-09,270.1000061035156,4.885000228881836,5.598792283395814,0.0029663289070072096,1.5861693323487545,0.0004095683621714308,4.012622951047059
2000-10-10,272.3999938964844,4.918000221252441,5.607271551868912,0.008479268473098323,1.5929019887822962,0.006732656433541706,4.014369563086616
2000-10-11,270.5,4.869999885559082,5.600272098286537,-0.0069994535823756365,1.5830939135953364,-0.009808075186959808,4.0171781846912005
2000-10-12,276.3999938964844,4.922999858856201,5.621849069811331,0.02157697152479443,1.593918072105781,0.010824158510444715,4.02793099770555
2000-10-13,272.3999938964844,4.882999897003174,5.607271551868912,-0.014577517942418794,1.585759763986583,-0.008158308119198043,4.021511787882329
2000-10-16,271.5,4.88100004196167,5.60396213937399,-0.003309412494922448,1.5853501255019515,-0.00040963848463149155,4.018612013872039
2000-10-17,271.1000061035156,4.8429999351501465,5.60248777901851,-0.0014743603554796536,1.5775343500306618,-0.007815775471289754,4.024953428987848
2000-10-18,270.29998779296875,4.853000164031982,5.599532408121353,-0.002955370897157472,1.5795971042231987,0.0020627541925368753,4.019935303898154
2000-10-19,270.1000061035156,4.828000068664551,5.598792283395814,-0.0007401247255387489,1.574432317457437,-0.0051647867657615976,4.024359965938377
2000-10-20,271.20001220703125,4.828000068664551,5.602856601077416,0.004064317681602425,1.574432317457437,0.0,4.028424283619979
2000-10-23,270.1000061035156,4.785999774932861,5.598792283395814,-0.004064317681602425,1.5656949424600337,-0.008737374997403347,4.033097340935781
2000-10-24,270.1000061035156,4.798999786376953,5.598792283395814,0.0,1.5684075183620323,0.002712575901998582,4.030384765033782
2000-10-25,266.20001220703125,4.763999938964844,5.584247951817627,-0.01454433157818702,1.561087638681308,-0.007319879680724339,4.023160313136319
2000-10-26,264.8999938964844,4.730999946594238,5.579352373237195,-0.004895578580431881,1.554136585360539,-0.006951053320769063,4.025215787876656
2000-10-27,264.3999938964844,4.745999813079834,5.57746308489313,-0.0018892883440653208,1.557302118628791,0.0031655332682520854,4.0201609662643385
2000-10-30,264.29998779296875,4.748000144958496,5.577084775423972,-0.0003783094691574007,1.5577235072778541,0.0004213886490631591,4.019361268146119
2000-10-31,264.8999938964844,4.754000186920166,5.579352373237195,0.0022675978132227215,1.558986408256505,0.0012629009786508938,4.02036596498069
2000-11-01,263.8999938964844,4.77400016784668,5.57557022038114,-0.0037821528560550988,1.563184563075138,0.004198154818632949,4.012385657306002
2000-11-02,264.3999938964844,4.710999965667725,5.57746308489313,0.001892864511989778,1.549900192430221,-0.013284370644917054,4.0275628924629086
2000-11-03,264.6000061035156,4.741000175476074,5.578219274747807,0.0007561898546777357,1.5562481209324408,0.0063479285022198795,4.021971153815366
2000-11-06,264.5,4.761000156402588,5.577841251298354,-0.00037802344945347954,1.5604577630631662,0.004209642130725388,4.017383488235188
2000-11-07,264.29998779296875,4.7210001945495605,5.577084775423972,-0.0007564758743816569,1.5520206827735452,-0.00843708028962098,4.025064092650427
2000-11-08,265.0,4.738999843597412,5.579729825986222,0.002645050562249729,1.5558261099821615,0.0038054272086163188,4.02390371600406
2000-11-09,265.79998779296875,4.749000072479248,5.582744100353518,0.003014274367296288,1.5579340848289869,0.0021079748468253445,4.024810015524531
2000-11-10,264.5,4.706999778747559,5.577841251298354,-0.00490284905516436,1.549050715414024,-0.008883369414962816,4.02879053588433
2000-11-13,264.29998779296875,4.671999931335449,5.577084775423972,-0.0007564758743816569,1.54158723082889,-0.007463484585134017,4.035497544595082
2000-11-14,264.8999938964844,4.678999900817871,5.579352373237195,0.0022675978132227215,1.543084390686787,0.0014971598578970013,4.036267982550408
2000-11-15,265.1000061035156,4.671999931335449,5.580107136318426,0.0007547630812307915,1.54158723082889,-0.0014971598578970013,4.038519905489536
2000-11-16,265.79998779296875,4.659999847412109,5.582744100353518,0.002636964035092504,1.5390154153933715,-0.002571815435518543,4.043728684960147
2000-11-17,265.70001220703125,4.644999980926514,5.582367898708677,-0.00037620164484142293,1.5357913681595614,-0.00322404723381009,4.046576530549116
2000-11-20,266.29998779296875,4.642000198364258,5.584623446980489,0.002255548271811847,1.5351453505847428,-0.0006460175748186359,4.049478096395746
2000-11-21,265.70001220703125,4.626999855041504,5.582367898708677,-0.002255548271811847,1.531908678596032,-0.003236671988710693,4.050459220112645
2000-11-22,266.29998779296875,4.625,5.584623446980489,0.002255548271811847,1.5314763709643886,-0.0004323076316434804,4.0531470760161
2000-11-27,270.1000061035156,4.695000171661377,5.598792283395814,0.014168836415325181,1.5464981492228191,0.01502177825843054,4.052294134172994
2000-11-28,269.79998779296875,4.697999954223633,5.597680898528913,-0.0011113848669008775,1.547136876492922,0.0006387272701029456,4.050544022035991
2000-11-29,266.3999938964844,4.614999771118164,5.584998915755139,-0.012681982773774081,1.5293118183596168,-0.01782505813330526,4.055687097395522
2000-11-30,270.1000061035156,4.673999786376953,5.598792283395814,0.013793367640674958,1.5420151904121193,0.012703372052502493,4.056777092983695
2000-12-01,268.70001220703125,4.639999866485596,5.5935955610514085,-0.00519672234440538,1.5347143374635075,-0.0073008529486118245,4.0588812235879015
2000-12-04,270.70001220703125,4.714000225067139,5.60101124171457,0.007415680663161339,1.550536852258346,0.015822514794838538,4.050474389456224
2000-12-05,270.3999938964844,4.703999996185303,5.599902321596636,-0.0011089201179341757,1.5484132097853782,-0.0021236424729678127,4.051489111811257
2000-12-06,274.29998779296875,4.754000186920166,5.614222353441073,0.014320031844436976,1.558986408256505,0.01057319847112681,4.055235945184568
2000-12-07,273.20001220703125,4.723999977111816,5.6102041723783005,-0.004018181062772186,1.5526558934900305,-0.006330514766474504,4.0575482788882695
2000-12-08,272.20001220703125,4.6479997634887695,5.606537135063181,-0.0036670373151190816,1.5364369686650927,-0.016218924824937808,4.070100166398088
2000-12-11,270.20001220703125,4.656000137329102,5.59916247070386,-0.00737466435932177,1.5381567399242182,0.00171977125912548,4.061005730779641
2000-12-12,270.29998779296875,4.659999847412109,5.599532408121353,0.000369937417493027,1.5390154153933715,0.0008586754691533027,4.060516992727981
2000-12-13,268.6000061035156,4.623000144958496,5.593223306812575,-0.006309101308777265,1.5310438763620247,-0.007971539031346841,4.06217943045055
2000-12-14,269.0,4.5980000495910645,5.594711379601839,0.0014880727892636614,1.5256214371263452,-0.0054224392356794215,4.069089942475494
2000-12-15,270.3999938964844,4.563000202178955,5.599902321596636,0.005190941994796638,1.5179803462536043,-0.007641090872740897,4.081921975343032
2000-12-18,269.70001220703125,4.574999809265137,5.5973102754072,-0.0025920461894353153,1.5206066570368033,0.0026263107831989707,4.076703618370397
2000-12-19,269.70001220703125,4.585000038146973,5.5973102754072,0.0,1.5227901140283786,0.0021834569915752944,4.074520161378822
2000-12-20,272.5,4.5960001945495605,5.607638614103299,0.010328338696098172,1.5251864023166999,0.00239628828832128,4.082452211786599
2000-12-21,273.70001220703125,4.598999977111816,5.6120326606466735,0.004394046543374941,1.5258388835810128,0.000652481264312943,4.0861937770656604
2000-12-22,273.70001220703125,4.611000061035156,5.6120326606466735,0.0,1.5284447664614274,0.002605882880414523,4.083587894185246
2000-12-26,274.1000061035156,4.623000144958496,5.613493025576218,0.0014603649295441556,1.5310438763620247,0.0025991099005973073,4.082449149214193
2000-12-27,275.20001220703125,4.583000183105469,5.617498150416132,0.004005124839914664,1.522353845480176,-0.00869003088184872,4.095144304935957
2000-12-28,271.70001220703125,4.586999893188477,5.604698561360646,-0.012799589055486393,1.5232261923293309,0.0008723468491549369,4.0814723690313155
2000-12-29,272.0,4.585000038146973,5.605802066295998,0.001103504935351829,1.5227901140283786,-0.0004360783009522695,4.083011952267619
2001-01-02,268.3999938964844,4.545000076293945,5.5924783823571556,-0.013323683938842201,1.5140277444157886,-0.008762369612590026,4.078450637941367
2001-01-03,268.0,4.489999771118164,5.5909869805108565,-0.0014914018462990342,1.5018526507782517,-0.012175093637536882,4.089134329732605
2001-01-04,267.29998779296875,4.5320000648498535,5.588371577476966,-0.0026154030338902956,1.5111633574750831,0.009310706696831428,4.077208220001883
2001-01-05,268.0,4.554999828338623,5.5909869805108565,0.0026154030338902956,1.5162254930255594,0.005062135550476299,4.074761487485297
2001-01-08,268.0,4.545000076293945,5.5909869805108565,0.0,1.5140277444157886,-0.0021977486097708443,4.0769592360950675
2001-01-09,267.5,4.550000190734863,5.589119566336061,-0.001867414174795634,1.5151272748826083,0.0010995304668197647,4.073992291453452
2001-01-10,264.70001220703125,4.534999847412109,5.578597155349531,-0.010522410986530062,1.511825049920376,-0.003302224962232314,4.066772105429155
2001-01-11,264.0,4.557000160217285,5.575949103146316,-0.0026480522032148457,1.516664547440245,0.004839497519868896,4.059284555706071
2001-01-12,263.8999938964844,4.622000217437744,5.57557022038114,-0.00037888276517605846,1.5308275588962692,0.014163011456024277,4.044742661484871
2001-01-16,263.29998779296875,4.677000045776367,5.57329402014058,-0.0022762002405603,1.5426568885312981,0.011829329635028918,4.030637131609281
2001-01-17,263.20001220703125,4.710000038146973,5.572914245830459,-0.00037977431012059526,1.5496879161274713,0.007031027596173134,4.023226329702988
2001-01-18,264.20001220703125,4.794000148773193,5.576706438291976,0.0037921924615167413,1.567365167045399,0.01767725091792771,4.009341271246576
2001-01-19,264.29998779296875,4.749000072479248,5.577084775423972,0.0003783371319965312,1.5579340848289869,-0.00943108221641209,4.019150690594985
2001-01-22,266.3999938964844,4.77400016784668,5.584998915755139,0.007914140331166664,1.563184563075138,0.005250478246151102,4.021814352680001
2001-01-23,266.1000061035156,4.776000022888184,5.583872200920568,-0.001126714834571274,1.5636033808826342,0.0004188178074961968,4.020268820037933
2001-01-24,264.29998779296875,4.76800012588501,5.577084775423972,-0.0067874254965953895,1.5619269561651057,-0.0016764247175284908,4.015157819258866
2001-01-25,264.5,4.784999847412109,5.577841251298354,0.0007564758743816569,1.5654859930161207,0.003559036851014996,4.012355258282233
2001-01-26,262.79998779296875,4.804999828338623,5.571393240160564,-0.006448011137790033,1.5696570066966824,0.004171013680561719,4.001736233463881
2001-01-29,262.79998779296875,4.802999973297119,5.571393240160564,0.0,1.5692407171230618,-0.0004162895736206096,4.002152523037502
2001-01-30,265.5,4.796000003814697,5.581614840681993,0.010221600521429508,1.5677822379606592,-0.0014584791624026039,4.013832602721334
2001-01-31,265.6000061035156,4.790999889373779,5.5819914405823825,0.0003765999003890741,1.566739134810561,-0.0010431031500981458,4.0152523057718215
2001-02-01,268.5,4.789999961853027,5.5928509139489195,0.010859473366537031,1.5665304034589465,-0.00020873135161458833,4.026320510489973
2001-02-02,267.1000061035156,4.76800012588501,5.587623142966965,-0.005227770981954372,1.5619269561651057,-0.004603447293840768,4.025696186801859
2001-02-05,265.20001220703125,4.677999973297119,5.580484304341236,-0.007138838625729171,1.542870662453804,-0.019056293711301686,4.037613641887432
2001-02-06,263.29998779296875,4.6529998779296875,5.57329402014058,-0.007190284200656372,1.5375121466277566,-0.005358515826047405,4.035781873512823
2001-02-07,262.79998779296875,4.611000061035156,5.571393240160564,-0.0019007799800156988,1.5284447664614274,-0.009067380166329242,4.042948473699137
2001-02-08,260.1000061035156,4.559999942779541,5.56106619592064,-0.010327044239923922,1.5173226109779483,-0.011122155483479057,4.043743584942692
2001-02-09,259.8999938964844,4.552999973297119,5.560296918163352,-0.0007692777572883003,1.515786350487747,-0.001536260490201391,4.044510567675605
2001-02-12,260.70001220703125,4.552999973297119,5.56337036776351,0.00307344960015854,1.515786350487747,0.0,4.047584017275764
2001-02-13,260.29998779296875,4.552999973297119,5.561834765104509,-0.0015356026590014338,1.515786350487747,0.0,4.046048414616762
2001-02-14,259.3999938964844,4.579999923706055,5.558371248352985,-0.0034635167515242316,1.5216989814680268,0.005912630980279943,4.036672266884958
2001-02-15,255.10000610351562,4.513000011444092,5.541655649073738,-0.016715599279246263,1.50696212338067,-0.014736858087356808,4.0346935256930685
2001-02-16,258.20001220703125,4.48799991607666,5.553734525689967,0.012078876616228307,1.5014071495208987,-0.005554973859771328,4.0523273761690675
2001-02-20,256.1000061035156,4.418000221252441,5.545568017038027,-0.008166508651939353,1.4856871550776982,-0.01571999444320049,4.059880861960329
2001-02-21,258.20001220703125,4.406000137329102,5.553734525689967,0.008166508651939353,1.4829672795488076,-0.0027198755288906362,4.070767246141159
2001-02-22,258.5,4.413000106811523,5.554895693948484,0.0011611682585170868,1.4845547544912447,0.0015874749424371615,4.070340939457239
2001-02-23,260.8999938964844,4.431000232696533,5.564137168748602,0.00924147480011861,1.4886253447329307,0.00407059024168599,4.075511824015671
2001-02-26,265.79998779296875,4.442999839782715,5.582744100353518,0.018606931604916,1.491329787893162,0.002704443160231218,4.091414312460357
2001-02-27,267.3999938964844,4.414000034332275,5.588745641842429,0.006001541488910966,1.4847813156125862,-0.006548472280575757,4.103964326229843
2001-02-28,266.79998779296875,4.4720001220703125,5.5864992682879775,-0.002246373554451786,1.4978357631493793,0.013054447536793079,4.088663505138598
2001-03-01,265.20001220703125,4.394999980926514,5.580484304341236,-0.006014963946741503,1.4804675267973255,-0.017368236352053756,4.10001677754391
2001-03-02,262.1000061035156,4.419000148773193,5.568726133616333,-0.011758170724903039,1.4859134598153128,0.005445933017987237,4.08281267380102
2001-03-05,262.5,4.415999889373779,5.570251082031678,0.0015249484153452286,1.4852342839235664,-0.0006791758917463753,4.085016798108112
2001-03-06,259.8999938964844,4.4079999923706055,5.560296918163352,-0.009954163868326482,1.483421070119807,-0.001813213803759428,4.076875848043545
2001-03-07,261.3999938964844,4.427999973297119,5.566051777840788,0.005754859677436386,1.4879480088159296,0.00452693869612264,4.0781037690248585
2001-03-08,265.3999938964844,4.47599983215332,5.581238098900686,0.0151863210598977,1.49872975295042,0.0107817441344904,4.082508345950266
2001-03-09,270.79998779296875,4.48799991607666,5.601380495960456,0.020142397059769834,1.5014071495208987,0.0026773965704787184,4.0999733464395565
2001-03-12,271.6000061035156,4.408999919891357,5.604330418156985,0.002949922196529009,1.4836478882064552,-0.017759261314443497,4.120682529950529
2001-03-13,266.79998779296875,4.419000148773193,5.5864992682879775,-0.017831149869007135,1.4859134598153128,0.0022655716088575417,4.1005858084726645
2001-03-14,262.5,4.427999973297119,5.570251082031678,-0.016248186256299313,1.4879480088159296,0.0020345490006168365,4.082303073215749
2001-03-15,260.0,4.324999809265137,5.560681631015528,-0.009569451016150587,1.4644120962832952,-0.02353591253263443,4.096269534732232
2001-03-16,258.1000061035156,4.288000106811523,5.5533471303724395,-0.007334500643088049,1.4558204486779043,-0.008591647605390884,4.097526681694536
2001-03-19,259.79998779296875,4.295000076293945,5.5599120572502345,0.006564926877794974,1.4574515731996516,0.0016311245217472958,4.102460484050583
2001-03-20,260.5,4.328000068664551,5.5626028611934215,0.0026908039431869923,1.4651055574093723,0.007653984209720743,4.097497303784049
2001-03-21,261.8999938964844,4.322999954223633,5.56796272820891,0.0053598670154881844,1.463949595096467,-0.0011559623129053787,4.104013133112443
2001-03-22,261.1000061035156,4.334000110626221,5.564903499081244,-0.0030592291276656525,1.466490928639368,0.002541333542900981,4.098412570441877
2001-03-23,261.5,4.3420000076293945,5.566434283504978,0.0015307844237337775,1.4683350732132154,0.001844144573847517,4.098099210291762
2001-03-26,261.8999938964844,4.359000205993652,5.56796272820891,0.001528444703931875,1.4722427205133437,0.00390764730012827,4.095720007695566
2001-03-27,261.0,4.414000034332275,5.564520407322694,-0.003442320886215988,1.4847813156125862,0.012538595099242489,4.079739091710108
2001-03-28,259.70001220703125,4.354000091552734,5.559527165673058,-0.004993241649636104,1.4710949838396257,-0.013686331772960525,4.088432181833432
2001-03-29,258.79998779296875,4.317999839782715,5.556055515458927,-0.0034716502141307615,1.4627922949881025,-0.008302688851523188,4.093263220470824
2001-03-30,257.8999938964844,4.2779998779296875,5.552571889221088,-0.0034836262378385996,1.4534855821257786,-0.009306712862323874,4.09908630709531
2001-04-02,255.60000610351562,4.297999858856201,5.543613746382548,-0.008958142838539906,1.4581497653809048,0.004664183255126186,4.085463981001643
2001-04-03,256.79998779296875,4.296000003814697,5.5482975242806365,0.0046837778980881595,1.4576843580945285,-0.0004654072863763403,4.090613166186108
2001-04-04,258.3999938964844,4.322999954223633,5.55450874828803,0.00621122400739349,1.463949595096467,0.006265237001938484,4.090559153191563
2001-04-05,258.1000061035156,4.341000080108643,5.5533471303724395,-0.0011616179155904405,1.4681047547714168,0.004155159674949838,4.085242375601023
2001-04-06,260.0,4.321000099182129,5.560681631015528,0.007334500643088049,1.4634868799033087,-0.004617874868108052,4.097194751112219
2001-04-09,258.29998779296875,4.301000118255615,5.554121652842672,-0.006559978172855807,1.4588475812965105,-0.004639298606798237,4.095274071546161
2001-04-10,257.29998779296875,4.310999870300293,5.550242671844902,-0.00387898099776951,1.461169865679238,0.002322284382727524,4.089072806165664
2001-04-11,258.70001220703125,4.353000164031982,5.555669136378032,0.005426464533130115,1.4708653002526735,0.009695434573435469,4.084803836125359
2001-04-12,260.1000061035156,4.357999801635742,5.56106619592064,0.005397059542607607,1.4720131910051582,0.0011478907524846704,4.089053004915482
2001-04-16,263.29998779296875,4.432000160217285,5.57329402014058,0.01222782421993962,1.4888509855950915,0.016837794589933397,4.0844430345454885
2001-04-17,261.1000061035156,4.360000133514404,5.564903499081244,-0.008390521059335576,1.4724720879835123,-0.01637889761157929,4.092431411097731
2001-04-18,261.29998779296875,4.35699987411499,5.565669125810028,0.0007656267287838858,1.4717837182427158,-0.0006883697407964462,4.093885407567312
2001-04-19,265.29998779296875,4.419000148773193,5.580861215131513,0.015192089321485192,1.4859134598153128,0.014129741572596943,4.0949477553162
2001-04-20,264.79998779296875,4.434999942779541,5.578974777963792,-0.001886437167721411,1.4895276028595226,0.0036141430442098166,4.089447175104269
2001-04-23,263.70001220703125,4.434999942779541,5.574812139650598,-0.004162638313193412,1.4895276028595226,0.0,4.085284536791075
2001-04-24,264.1000061035156,4.447999954223633,5.5763278424137095,0.001515702763111193,1.4924545466568317,0.0029269437973091783,4.083873295756877
2001-04-25,262.3999938964844,4.364999771118164,5.569870033809584,-0.006457808604125148,1.473618136855863,-0.01883640980096879,4.096251896953722
2001-04-26,264.3999938964844,4.376999855041504,5.57746308489313,0.007593051083545355,1.476363525090527,0.00274538823466397,4.101099559802603
2001-04-27,263.8999938964844,4.35699987411499,5.57557022038114,-0.001892864511989778,1.4717837182427158,-0.004579806847811119,4.1037865021384246
2001-04-30,264.0,4.320000171661377,5.575949103146316,0.00037888276517605846,1.463255441992448,-0.008528276250267863,4.112693661153868
2001-05-01,264.3999938964844,4.349999904632568,5.57746308489313,0.0015139817468137196,1.470175823177045,0.006920381184597035,4.107287261716085
2001-05-02,265.3999938964844,4.360000133514404,5.581238098900686,0.003775014007556088,1.4724720879835123,0.002296264806467274,4.108766010917174
2001-05-03,266.29998779296875,4.329999923706055,5.584623446980489,0.0033853480798029523,1.4655675243945496,-0.006904563588962631,4.1190559225859396
2001-05-04,266.1000061035156,4.327000141143799,5.583872200920568,-0.0007512460599210513,1.4648744938620675,-0.0006930305324821529,4.1189977070585
2001-05-07,266.1000061035156,4.294000148773193,5.583872200920568,0.0,1.45721873410335,-0.007655759758717462,4.126653466817218
2001-05-08,265.1000061035156,4.303999900817871,5.580107136318426,-0.0037650646021418765,1.4595447998153082,0.0023260657119581474,4.120562336503117
2001-05-09,270.0,4.386000156402588,5.598421958998375,0.018314822679949216,1.4784176856552005,0.018872885839892328,4.1200042733431745
2001-05-10,269.1000061035156,4.322999954223633,5.595083080414077,-0.003338878584298044,1.463949595096467,-0.014468090558733548,4.13113348531761
2001-05-11,267.8999938964844,4.309999942779541,5.59061375376775,-0.004469326646327154,1.4609378908394477,-0.003011704257019243,4.129675862928302
2001-05-14,268.29998779296875,4.331999778747559,5.5921057119338835,0.0014919581661336778,1.4660292780647721,0.0050913872253244286,4.126076433869112
2001-05-15,268.1000061035156,4.295000076293945,5.591360068007731,-0.0007456439261526171,1.4574515731996516,-0.00857770486512055,4.133908494808079
2001-05-16,272.0,4.438000202178955,5.605802066295998,0.014441998288266866,1.4902038700667226,0.03275229686707104,4.115598196229275
2001-05-17,273.6000061035156,4.46999979019165,5.611667208056566,0.005865141760568626,1.4973883616884853,0.007184491621762712,4.114278846368081
2001-05-18,287.3999938964844,4.552000045776367,5.660874952407918,0.049207744351351224,1.5155667068803493,0.01817834519186401,4.145308245527568
2001-05-21,285.3999938964844,4.526000022888184,5.653891683656907,-0.0069832687510107405,1.5098385522683901,-0.005728154611959191,4.1440531313885165
2001-05-22,285.1000061035156,4.544000148773193,5.652840017326959,-0.00105166632994802,1.5138077141594293,0.00396916189103913,4.13903230316753
2001-05-23,283.6000061035156,4.559999942779541,5.647564816179536,-0.005275201147422415,1.5173226109779483,0.00351489681851902,4.130242205201588
2001-05-24,279.1000061035156,4.603000164031982,5.6315701624108385,-0.01599465376869791,1.5267083004709896,0.009385689493041305,4.104861861939849
2001-05-25,277.8999938964844,4.563000202178955,5.627261314785465,-0.004308847625373424,1.5179803462536043,-0.008727954217385259,4.109280968531861
2001-05-29,273.79998779296875,4.5229997634887695,5.6123978682705955,-0.014863446514869594,1.5091754382049176,-0.008804908048686722,4.103222430065678
2001-05-30,265.70001220703125,4.422999858856201,5.582367898708677,-0.030029969561918612,1.4868181669748624,-0.022357271230055265,4.095549731733815
2001-05-31,265.29998779296875,4.395999908447266,5.580861215131513,-0.0015066835771637699,1.480695015715002,-0.006123151259860293,4.1001661994165115
2001-06-01,266.3999938964844,4.408999919891357,5.584998915755139,0.00413770062362584,1.4836478882064552,0.0029528724914531512,4.1013510275486835
2001-06-04,264.8999938964844,4.321000099182129,5.579352373237195,-0.005646542517943942,1.4634868799033087,-0.020161008303146488,4.115865493333886
2001-06-05,265.70001220703125,4.328999996185303,5.582367898708677,0.0030155254714818724,1.4653365675786476,0.0018496876753388847,4.117031331130029
2001-06-06,265.70001220703125,4.328000068664551,5.582367898708677,0.0,1.4651055574093723,-0.00023101016927529194,4.117262341299305
2001-06-07,266.0,4.322999954223633,5.583496308781699,0.0011284100730222235,1.463949595096467,-0.0011559623129053787,4.119546713685232
2001-06-08,273.3999938964844,4.357999801635742,5.610935901965359,0.02743959318365974,1.4720131910051582,0.008063595908691212,4.138922710960201
2001-06-11,267.8999938964844,4.326000213623047,5.59061375376775,-0.020322148197609025,1.4646433769120601,-0.007369814093098004,4.1259703768556895
2001-06-12,271.5,4.364999771118164,5.60396213937399,0.013348385606239965,1.473618136855863,0.008974759943802813,4.130344002518127
2001-06-13,272.0,4.40500020980835,5.605802066295998,0.0018399269220079617,1.482740307017733,0.009122170161870002,4.123061759278265
2001-06-14,275.29998779296875,4.460000038146973,5.617861367807728,0.01205930151173007,1.4951487745851055,0.012408467567372572,4.122712593222622
2001-06-15,271.20001220703125,4.39300012588501,5.602856601077416,-0.01500476673031148,1.4800123936494605,-0.015136380935645066,4.122844207427956
2001-06-18,272.3999938964844,4.414999961853027,5.607271551868912,0.004414950791495897,1.4850078254156125,0.004995431766152025,4.1222637264532995
2001-06-19,273.3999938964844,4.39300012588501,5.610935901965359,0.0036643500964466114,1.4800123936494605,-0.004995431766152025,4.130923508315899
2001-06-20,272.3999938964844,4.3379998207092285,5.607271551868912,-0.0036643500964466114,1.467413371074398,-0.012599022575062513,4.139858180794514
2001-06-21,272.6000061035156,4.315999984741211,5.608005541652438,0.0007339897835256792,1.4623290438604877,-0.005084327213910278,4.14567649779195
2001-06-22,272.29998779296875,4.298999786376953,5.606904354850366,-0.0011011868020718296,1.4583823878228088,-0.003946656037678853,4.148521967027557
2001-06-25,273.70001220703125,4.294000148773193,5.6120326606466735,0.005128305796307409,1.45721873410335,-0.0011636537194588126,4.154813926543324
2001-06-26,276.20001220703125,4.343999862670898,5.621125285171538,0.00909262452486459,1.4687955510181205,0.011576816914770527,4.152329734153417
2001-06-27,272.1000061035156,4.304999828338623,5.60616966822035,-0.01495561695118841,1.459777098004809,-0.0090184530133115,4.146392570215541
2001-06-28,269.29998779296875,4.293000221252441,5.595825954488807,-0.01034371373154297,1.4569858407803773,-0.0027912572244317424,4.138840113708429
2001-06-29,270.6000061035156,4.291999816894531,5.600641738292177,0.004815783803370444,1.4567527821064128,-0.00023305867396450353,4.143888956185764
2001-07-02,269.3999938964844,4.2769999504089355,5.596197241320303,-0.004444496971873768,1.453251817649947,-0.0035009644564658604,4.142945423670357
2001-07-03,267.6000061035156,4.243000030517578,5.589493351062427,-0.0067038902578762105,1.4452705734126408,-0.007981244237306173,4.144222777649786
2001-07-05,265.1000061035156,4.208000183105469,5.580107136318426,-0.009386214744001364,1.4369875189490648,-0.008283054463575912,4.143119617369361
2001-07-06,265.8999938964844,4.235000133514404,5.583120275294797,0.0030131389763710104,1.4433833596304408,0.006395840681375997,4.139736915664356
2001-07-09,266.5,4.2129998207092285,5.585374243605899,0.002253968311102028,1.4381749404403223,-0.005208419190118496,4.147199303165577
2001-07-10,266.20001220703125,4.235000133514404,5.584247951817627,-0.0011262917882719492,1.4433833596304408,0.005208419190118496,4.140864592187186
2001-07-11,268.29998779296875,4.23199987411499,5.5921057119338835,0.007857760116256607,1.4426746648100126,-0.0007086948204282351,4.149431047123871
2001-07-12,266.6000061035156,4.241000175476074,5.585749430638515,-0.006356281295368582,1.444799131868561,0.002124467058548296,4.140950298769954
2001-07-13,267.1000061035156,4.2820000648498535,5.587623142966965,0.0018737123284502388,1.4544202053122488,0.0096210734436879,4.133202937654716
2001-07-16,266.8999938964844,4.186999797821045,5.586874033542304,-0.0007491094246612207,1.431984438749698,-0.022435766562550752,4.154889594792606
2001-07-17,268.1000061035156,4.224999904632568,5.591360068007731,0.004486034465426947,1.4410192382369638,0.00903479948726571,4.150340829770768
2001-07-18,270.3999938964844,4.264999866485596,5.599902321596636,0.008542253588904813,1.450442149638975,0.009422911402011236,4.149460171957661
2001-07-19,269.3999938964844,4.2179999351501465,5.596197241320303,-0.0037050802763323176,1.4393610666820325,-0.011081082956942545,4.156836174638271
2001-07-20,269.8999938964844,4.218999862670898,5.59805149740997,0.001854256089666606,1.4395981005920466,0.00023703391001417273,4.158453396817923
2001-07-23,268.79998779296875,4.238999843597412,5.593967563235931,-0.004083934174039072,1.4443273554743947,0.0047292548823480995,4.149640207761536
2001-07-24,269.70001220703125,4.239999771118164,5.5973102754072,0.0033427121712694685,1.4445632152622998,0.00023585978790507944,4.1527470601449
2001-07-25,267.70001220703125,4.2129998207092285,5.589866996125974,-0.007443279281226012,1.4381749404403223,-0.006388274821977458,4.151692055685652
2001-07-26,266.20001220703125,4.2220001220703125,5.584247951817627,-0.005619044308347476,1.44030897833904,0.002134037898717578,4.143938973478587
2001-07-27,267.3999938964844,4.202000141143799,5.588745641842429,0.004497690024802381,1.4355606360124795,-0.004748342326560406,4.1531850058299495
2001-07-30,264.6000061035156,4.190000057220459,5.578219274747807,-0.010526367094621847,1.4327007475904805,-0.002859888421999024,4.145518527157327
2001-07-31,266.20001220703125,4.210000038146973,5.584247951817627,0.006028677069819466,1.4374626567553286,0.004761909164848088,4.1467852950622985
2001-08-01,267.3999938964844,4.2170000076293945,5.588745641842429,0.004497690024802381,1.4391239765736223,0.0016613198182937605,4.149621665268807
2001-08-02,267.3999938964844,4.21999979019165,5.588745641842429,0.0,1.4398350783303009,0.0007111017566785449,4.148910563512128
2001-08-03,267.8999938964844,4.2129998207092285,5.59061375376775,0.001868111925320548,1.4381749404403223,-0.0016601378899785413,4.152438813327428
2001-08-06,267.1000061035156,4.177999973297119,5.587623142966965,-0.0029906108007846655,1.429832656743067,-0.008342283697255315,4.157790486223898
2001-08-07,267.20001220703125,4.1579999923706055,5.5879974873474865,0.0003743443805213076,1.42503418760095,-0.004798469142117012,4.1629632997465364
2001-08-08,267.8999938964844,4.138000011444092,5.59061375376775,0.002616266420263358,1.4202125820889606,-0.004821605511989402,4.170401171678789
2001-08-09,273.3999938964844,4.204999923706055,5.610935901965359,0.020322148197609025,1.4362742752812856,0.016061693192324977,4.174661626684073
2001-08-10,273.8999938964844,4.135000228881836,5.612763053985295,0.0018271520199357738,1.4194873838279713,-0.016786891453314245,4.193275670157323
2001-08-13,275.70001220703125,4.136000156402588,5.619313362306251,0.006550308320956155,1.4197291750210663,0.00024179119309497565,4.1995841872851845
2001-08-14,276.29998779296875,4.190999984741211,5.621487187749018,0.002173825442767452,1.4329393653020877,0.013210190281021328,4.188547822446931
2001-08-15,275.70001220703125,4.144000053405762,5.619313362306251,-0.002173825442767452,1.4216615178446725,-0.011277847457415113,4.1976518444615785
2001-08-16,275.20001220703125,4.190000057220459,5.617498150416132,-0.0018152118901184622,1.4327007475904805,0.011039229745807955,4.184797402825652
2001-08-17,279.29998779296875,4.256999969482422,5.632286429245325,0.014788278829192869,1.448564679677216,0.015863932086735533,4.183721749568109
2001-08-20,276.1000061035156,4.144999980926514,5.6207631410422865,-0.011523288203038717,1.4219027839856935,-0.026661895691522552,4.198860357056593
2001-08-21,275.0,4.184999942779541,5.616771097666572,-0.003992043375714793,1.4315066902686886,0.009603906282995123,4.185264407397883
2001-08-22,274.8999938964844,4.202000141143799,5.616407372968524,-0.0003637246980474629,1.4355606360124795,0.004053945743790921,4.1808467369560445
2001-08-23,275.29998779296875,4.214000225067139,5.617861367807728,0.0014539948392036095,1.4384123687913786,0.002851732778899052,4.1794489990163495
2001-08-24,272.5,4.182000160217285,5.607638614103299,-0.010222753704429266,1.4307896393176045,-0.00762272947377407,4.176848974785694
2001-08-27,272.6000061035156,4.193999767303467,5.608005541652438,0.000366927549139362,1.4336548769965285,0.002865237678923993,4.174350664655909
2001-08-28,272.29998779296875,4.179999828338623,5.606904354850366,-0.0011011868020718296,1.430311205469349,-0.0033436715271795148,4.176593149381017
2001-08-29,273.70001220703125,4.182000160217285,5.6120326606466735,0.005128305796307409,1.4307896393176045,0.0004784338482555217,4.1812430213290686
2001-08-30,275.3999938964844,4.156000137329102,5.618224564132188,0.0061919034855142385,1.4245531062805563,-0.006236533037048186,4.193671457851631
2001-08-31,274.3999938964844,4.1620001792907715,5.614586873608597,-0.003637690523590642,1.4259957710494744,0.0014426647689180783,4.188591102559123
2001-09-04,271.6000061035156,4.142000198364258,5.604330418156985,-0.010256455451612467,1.4211788108643275,-0.004816960185146879,4.183151607292658
2001-09-05,272.0,4.14900016784668,5.605802066295998,0.0014716481390131264,1.4228673818054611,0.0016885709411336158,4.182934684490537
2001-09-06,273.0,4.1479997634887695,5.60947179518496,0.0036697288889619983,1.4226262333491426,-0.00024114845631850734,4.186845561835817
2001-09-07,273.1000061035156,4.144000053405762,5.609838050828673,0.0003662556437129538,1.4216615178446725,-0.0009647155044700817,4.188176532984
2001-09-10,271.6000061035156,4.156000137329102,5.604330418156985,-0.005507632671688079,1.4245531062805563,0.002891588435883774,4.179777311876428
2001-09-11,271.6000061035156,4.175000190734863,5.604330418156985,0.0,1.429114403987815,0.00456129770725866,4.17521601416917
2001-09-14,290.20001220703125,4.293000221252441,5.670570382514288,0.06623996435730373,1.4569858407803773,0.02787143679256232,4.213584541733911
2001-09-17,289.79998779296875,4.382999897003174,5.6691909877643205,-0.0013793947499678438,1.47773339793751,0.020747557157132723,4.19145758982681
2001-09-18,288.1000061035156,4.442999839782715,5.663307663275889,-0.0058833244884315405,1.491329787893162,0.013596389955651933,4.171977875382727
2001-09-19,291.5,4.7179999351501465,5.675040005790547,0.011732342514657823,1.5513849672402833,0.060055179347121346,4.123655038550264
2001-09-20,289.0,4.510000228881836,5.666426688112432,-0.008613317678114463,1.5062972042644385,-0.045087762975844825,4.160129483847994
2001-09-21,291.8999938964844,4.5920000076293945,5.676411256950457,0.009984568838024899,1.5243156606787187,0.018018456414280237,4.152095596271739
2001-09-24,289.70001220703125,4.570000171661377,5.668845946912104,-0.007565310038352813,1.5195132424687772,-0.004802418209941539,4.149332704443327
2001-09-25,290.5,4.521999835968018,5.671603576291966,0.0027576293798619034,1.5089543375815664,-0.010558904887210785,4.1626492387104
2001-09-26,293.29998779296875,4.599999904632568,5.681195934363796,0.009592358071829565,1.5260562827629987,0.017101945181432265,4.1551396516007975
2001-09-27,291.70001220703125,4.579999923706055,5.675725918721571,-0.005470015642225157,1.5216989814680268,-0.004357301294971805,4.154026937253544
2001-09-28,292.3999938964844,4.646999835968018,5.678122707001767,0.0023967882801958496,1.5362218148043723,0.014522833336345409,4.141900892197395
2001-10-01,292.20001220703125,4.638999938964844,5.677438541092886,-0.0006841659088809848,1.5344988126126424,-0.0017230021917298277,4.142939728480243
2001-10-02,289.8999938964844,4.622000217437744,5.669536014873744,-0.00790252621914167,1.5308275588962692,-0.003671253716373224,4.138708455977475
2001-10-03,290.5,4.60699987411499,5.671603576291966,0.0020675614182223967,1.5275768586290541,-0.0032507002672150787,4.144026717662912
2001-10-04,290.5,4.63700008392334,5.671603576291966,0.0,1.534067623507952,0.006490764878897881,4.137535952784014
2001-10-05,291.3999938964844,4.664999961853027,5.674696872815614,0.0030932965236480925,1.5400878261220354,0.006020202614083425,4.134609046693579
2001-10-08,292.3999938964844,4.650000095367432,5.678122707001767,0.0034258341861521657,1.5368672401083898,-0.00322058601364561,4.1412554668933765
2001-10-09,288.8999938964844,4.53000020980835,5.666080586345448,-0.012042120656318822,1.5107219858102505,-0.026145254298139298,4.155358600535197
2001-10-10,285.70001220703125,4.418000221252441,5.654942351963472,-0.01113823438197592,1.4856871550776982,-0.025034830732552305,4.169255196885773
2001-10-11,281.79998779296875,4.4029998779296875,5.641197556146512,-0.013744795816959865,1.4822860990492666,-0.0034010560284316593,4.158911457097245
2001-10-12,284.8999938964844,4.447999954223633,5.652138220080501,0.010940663933989292,1.4924545466568317,0.01016844760756519,4.15968367342367
2001-10-15,282.1000061035156,4.370999813079834,5.642261639643951,-0.009876580436550597,1.4749917731174689,-0.017462773539362875,4.167269866526482
2001-10-16,282.29998779296875,4.322999954223633,5.6429702920180995,0.0007086523741488548,1.463949595096467,-0.011042178021001936,4.179020696921633
2001-10-17,283.3999938964844,4.3480000495910645,5.646859305719827,0.0038890137017277837,1.4697159806644515,0.005766385567984589,4.1771433250553756
2001-10-18,279.20001220703125,4.243000030517578,5.631928414609675,-0.014930891110152444,1.4452705734126408,-0.02444540725181077,4.186657841197034
2001-10-19,280.1000061035156,4.257999897003174,5.635146704056551,0.003218289446875744,1.4487995422822724,0.00352896886963161,4.186347161774278
2001-10-22,275.5,4.21999979019165,5.6185876285929695,-0.016559075463581152,1.4398350783303009,-0.00896446395197148,4.178752550262669
2001-10-23,276.1000061035156,4.228000164031982,5.6207631410422865,0.0021755124493170186,1.4417291068045803,0.001894028474279441,4.179034034237706
2001-10-24,275.8999938964844,4.203000068664551,5.620038459101038,-0.0007246819412483063,1.4357985723600128,-0.005930534444567481,4.184239886741025
2001-10-25,277.79998779296875,4.208000183105469,5.626901386378445,0.006862927277406783,1.4369875189490648,0.001188946589051998,4.1899138674293805
2001-10-26,277.8999938964844,4.203000068664551,5.627261314785465,0.00035992840702014917,1.4357985723600128,-0.001188946589051998,4.191462742425452
2001-10-29,279.1000061035156,4.230999946594238,5.6315701624108385,0.004308847625373424,1.4424383591154388,0.00663978675542598,4.1891318032954
2001-10-30,280.6000061035156,4.251999855041504,5.63693018942002,0.005360027009181145,1.4473894263878626,0.004951067272423781,4.1895407630321575
2001-10-31,279.5,4.214000225067139,5.633002292595154,-0.00392789682486594,1.4384123687913786,-0.00897705759648404,4.194589923803775
2001-11-01,279.70001220703125,4.196000099182129,5.633717643851214,0.0007153512560602593,1.4341317141713548,-0.004280654620023805,4.199585929679859
2001-11-02,279.79998779296875,4.098999977111816,5.634075018603677,0.0003573747524630022,1.4107430359383548,-0.02338867823299995,4.223331982665322
2001-11-05,278.5,4.086999893188477,5.629418059367339,-0.004656959236338132,1.4078111784476834,-0.0029318574906713746,4.221606880919655
2001-11-06,279.70001220703125,4.107999801635742,5.633717643851214,0.00429958448387513,1.4129362437790034,0.005125065331319956,4.220781400072211
2001-11-07,281.0,4.118000030517578,5.638354669333745,0.0046370254825314206,1.4153676160163744,0.002431372237370999,4.222987053317371
2001-11-08,276.79998779296875,4.067999839782715,5.623295179642967,-0.015059489690778527,1.4031514388015327,-0.012216177214841695,4.220143740841435
2001-11-09,277.3999938964844,4.070000171661377,5.625460485878151,0.0021653062351845165,1.4036430416317451,0.0004916028302124342,4.2218174442464065
2001-11-12,278.29998779296875,4.107999801635742,5.628699624668994,0.0032391387908425884,1.4129362437790034,0.009293202147258262,4.215763380889991
2001-11-13,277.79998779296875,4.135000228881836,5.626901386378445,-0.0017982382905490368,1.4194873838279713,0.006551140048967952,4.207414002550474
2001-11-14,277.79998779296875,4.138000011444092,5.626901386378445,0.0,1.4202125820889606,0.0007251982609892682,4.2066888042894846
2001-11-15,275.1000061035156,4.105999946594238,5.617134690117063,-0.009766696261381824,1.4124493055899805,-0.007763276498980121,4.204685384527083
2001-11-16,274.70001220703125,4.0929999351501465,5.615679637538909,-0.001455052578154259,1.4092781816661775,-0.003171123923803032,4.206401455872731
2001-11-19,272.70001220703125,4.056000232696533,5.608372334615133,-0.007307302923775794,1.4001973236598206,-0.009080858006356829,4.208175010955312
2001-11-20,273.0,4.047999858856201,5.60947179518496,0.0010994605698266824,1.3982228971176245,-0.0019744265421961504,4.2112488980673355
2001-11-21,272.8999938964844,4.0329999923706055,5.6091054053489,-0.000366389836059966,1.3945105139994893,-0.003712383118135154,4.21459489134941
2001-11-26,272.29998779296875,4.026000022888184,5.606904354850366,-0.0022010504985336965,1.3927733329026926,-0.0017371810967967694,4.214131021947674
2001-11-27,273.20001220703125,4.038000106811523,5.6102041723783005,0.003299817527934401,1.3957495463422362,0.0029762134395436846,4.214454626036064
2001-11-28,274.1000061035156,4.11299991607666,5.613493025576218,0.003288853197917163,1.4141526688438764,0.018403122501640112,4.199340356732341
2001-11-29,273.5,4.063000202178955,5.611301621862036,-0.0021914037141819165,1.4019216667665915,-0.012231002077284892,4.209379955095445
2001-11-30,273.8999938964844,4.127999782562256,5.612763053985295,0.0014614321232588878,1.4177929755053882,0.01587130873879672,4.194970078479907
2001-12-03,276.8999938964844,4.199999809265137,5.623656408134606,0.01089335414931103,1.435084479876259,0.01729150437087079,4.188571928258346
2001-12-04,275.3999938964844,4.127999782562256,5.618224564132188,-0.005431844002417918,1.4177929755053882,-0.01729150437087079,4.2004315886268
2001-12-05,273.70001220703125,4.176000118255615,5.6120326606466735,-0.0061919034855142385,1.4293538788982527,0.01156090339286453,4.182678781748421
2001-12-06,274.20001220703125,4.2170000076293945,5.613857811646927,0.0018251510002533777,1.4391239765736223,0.009770097675369627,4.1747338350733045
2001-12-07,273.8999938964844,4.25,5.612763053985295,-0.0010947576616322507,1.4469189829363254,0.0077950063627030275,4.165844071048969
2001-12-10,272.20001220703125,4.224999904632568,5.606537135063181,-0.006225918922113216,1.4410192382369638,-0.005899744699361609,4.165517896826218
2001-12-11,272.20001220703125,4.256999969482422,5.606537135063181,0.0,1.448564679677216,0.007545441440252265,4.157972455385965
2001-12-12,273.79998779296875,4.244999885559082,5.6123978682705955,0.005860733207414093,1.445741792804319,-0.0028228868728970014,4.1666560754662765
2001-12-13,273.8999938964844,4.264999866485596,5.612763053985295,0.0003651857146991233,1.450442149638975,0.004700356834655972,4.16232090434632
2001-12-14,278.0,4.35699987411499,5.627621113690637,0.014858059705342264,1.4717837182427158,0.021341568603740813,4.1558373954479215
2001-12-17,277.70001220703125,4.360000133514404,5.626541438270373,-0.0010796754202635483,1.4724720879835123,0.0006883697407964462,4.154069350286861
2001-12-18,280.3999938964844,4.414999961853027,5.63621713339326,0.009675695122886907,1.4850078254156125,0.012535737432100236,4.1512093079776475
2001-12-19,275.5,4.302999973297119,5.6185876285929695,-0.017629504800290796,1.4593124476508197,-0.025695377764792804,4.159275180942149
2001-12-20,276.0,4.39300012588501,5.62040086571715,0.0018132371241801337,1.4800123936494605,0.02069994599864078,4.14038847206769
2001-12-21,278.0,4.465000152587891,5.627621113690637,0.007220247973487304,1.4962692485026814,0.016256854853220926,4.1313518651879555
2001-12-26,279.70001220703125,4.535999774932861,5.633717643851214,0.006096530160577096,1.5120455168074738,0.015776268304792396,4.12167212704374
2001-12-27,277.3999938964844,4.460999965667725,5.625460485878151,-0.00825715797306259,1.4953729484500338,-0.01667256835744002,4.130087537428118
2001-12-28,276.5,4.488999843597412,5.6222108209623896,-0.0032496649157618407,1.5016299249584961,0.006256976508462353,4.120580896003894
2001-12-31,278.70001220703125,4.578999996185303,5.630135978287798,0.007925157325408883,1.521480632841873,0.01985070788337695,4.108655345445925
2002-01-02,278.8999938964844,4.526000022888184,5.630853272749199,0.0007172944614008969,1.5098385522683901,-0.011642080573482927,4.121014720480809
2002-01-03,278.20001220703125,4.598999977111816,5.628340323367959,-0.002512949381240581,1.5258388835810128,0.016000331312622684,4.102501439786946
2002-01-04,278.8999938964844,4.642000198364258,5.630853272749199,0.002512949381240581,1.5351453505847428,0.009306467003729946,4.095707922164457
2002-01-07,278.6000061035156,4.659999847412109,5.629777083253514,-0.0010761894956852203,1.5390154153933715,0.003870064808628726,4.090761667860143
2002-01-08,278.8999938964844,4.632999897003174,5.630853272749199,0.0010761894956852203,1.5332045842033808,-0.005810831189990706,4.097648688545819
2002-01-09,283.3999938964844,4.703000068664551,5.646859305719827,0.01600603297062797,1.5482006175630705,0.014996033359689687,4.098658688156757
2002-01-10,287.1000061035156,4.692999839782715,5.6598306083862155,0.01297130266638824,1.5460720026726498,-0.0021286148904207103,4.113758605713565
2002-01-11,287.3999938964844,4.690999984741211,5.660874952407918,0.0010443440217020594,1.5456457760935414,-0.0004262265791084019,4.115229176314376
2002-01-14,285.3999938964844,4.507999897003174,5.653891683656907,-0.0069832687510107405,1.5058535733299638,-0.03979220276357753,4.148038110326943
2002-01-15,284.3999938964844,4.547999858856201,5.6503816764680606,-0.003510007188846309,1.5146875448540327,0.00883397152406884,4.135694131614028
2002-01-16,287.29998779296875,4.554999828338623,5.660526923496446,0.010145247028385818,1.5162254930255594,0.0015379481715267485,4.144301430470887
2002-01-17,284.3999938964844,4.438000202178955,5.6503816764680606,-0.010145247028385818,1.4902038700667226,-0.02602162295883681,4.160177806401338
2002-01-18,283.1000061035156,4.3379998207092285,5.645800213677428,-0.004581462790632429,1.467413371074398,-0.02279049899232466,4.178386842603031
2002-01-22,281.5,4.281000137329102,5.640132447579745,-0.005667766097682936,1.4541866592415522,-0.013226711832845739,4.185945788338193
2002-01-23,278.6000061035156,4.252999782562256,5.629777083253514,-0.010355364326231076,1.4476245651457618,-0.0065620940957904494,4.182152518107753
2002-01-24,278.1000061035156,4.265999794006348,5.627980783187116,-0.0017963000663980822,1.4506765717618506,0.0030520066160888426,4.177304211425265
2002-01-25,278.79998779296875,4.297999858856201,5.630494635102181,0.002513851915065146,1.4581497653809048,0.007473193619054186,4.172344869721276
2002-01-28,278.29998779296875,4.243000030517578,5.628699624668994,-0.0017950104331871941,1.4452705734126408,-0.012879191968264037,4.183429051256353
2002-01-29,281.3999938964844,4.288000106811523,5.639777122990467,0.0110774983214732,1.4558204486779043,0.01054987526526352,4.183956674312563
2002-01-30,281.8999938964844,4.285999774932861,5.6415523764687165,0.0017752534782493612,1.4553538445392191,-0.00046660413868515604,4.186198531929497
2002-01-31,282.1000061035156,4.216000080108643,5.642261639643951,0.0007092631752341205,1.4388868302401623,-0.016467014299056837,4.203374809403789
2002-02-01,286.0,4.306000232696533,5.655991810819852,0.013730171175901695,1.4600094529822378,0.021122622742075547,4.1959823578376145
2002-02-04,289.29998779296875,4.288000106811523,5.667464169787027,0.011472358967174578,1.4558204486779043,-0.0041890043043335545,4.211643721109123
2002-02-05,298.20001220703125,4.39300012588501,5.6977644432663554,0.03030027347932851,1.4800123936494605,0.02419194497155619,4.2177520496168945
2002-02-06,297.5,4.361000061035156,5.695414224985685,-0.002350218280670724,1.4727014028563084,-0.007310990793152117,4.222712822129377
2002-02-07,299.70001220703125,4.3420000076293945,5.702782015053452,0.00736779006776711,1.4683350732132154,-0.004366329643092914,4.234446941840236
2002-02-08,303.5,4.452000141143799,5.715381610499553,0.01259959544610112,1.4933534651167568,0.02501839190354138,4.222028145382796
2002-02-11,300.1000061035156,4.4120001792907715,5.7041157727845935,-0.011265837714959481,1.4843281420283294,-0.009025323088427406,4.219787630756264
2002-02-12,300.70001220703125,4.48199987411499,5.7061131305898645,0.001997357805270994,1.500069347291941,0.01574120526361167,4.206043783297924
2002-02-13,299.3999938964844,4.501999855041504,5.701780451599704,-0.004332678990160765,1.5045217102858515,0.004452362993910386,4.197258741313853
2002-02-14,299.70001220703125,4.5269999504089355,5.702782015053452,0.0010015634537481333,1.510059457499312,0.005537747213460564,4.19272255755414
2002-02-15,298.3999938964844,4.534999847412109,5.698434847875465,-0.00434716717798711,1.511825049920376,0.0017655924210639995,4.1866097979550885
2002-02-19,293.20001220703125,4.4670000076293945,5.680855011646299,-0.01757983622916548,1.4967170440779276,-0.015108005842448424,4.184137967568372
2002-02-20,292.29998779296875,4.396999835968018,5.677780630355204,-0.003074381291095385,1.4809224528932408,-0.015794591184686846,4.196858177461963
2002-02-21,293.20001220703125,4.416999816894531,5.680855011646299,0.003074381291095385,1.4854606911596753,0.004538238266434513,4.195394320486624
2002-02-22,293.20001220703125,4.394999980926514,5.680855011646299,0.0,1.4804675267973255,-0.004993164362349756,4.2003874848489735
2002-02-25,292.70001220703125,4.364999771118164,5.679148235402764,-0.001706776243535657,1.473618136855863,-0.006849389941462558,4.205530098546901
2002-02-26,298.0,4.420000076293945,5.697093486505405,0.017945251102641002,1.4861397133506802,0.012521576494817221,4.210953773154724
2002-02-27,296.29998779296875,4.423999786376953,5.691372413381303,-0.00572107312410175,1.4870442159327253,0.000904502582045108,4.204328197448578
2002-02-28,296.70001220703125,4.497000217437744,5.692721568439449,0.0013491550581461453,1.5034105561403024,0.0163663402075771,4.189311012299147
2002-03-01,298.0,4.548999786376953,5.697093486505405,0.0043719180659556045,1.5149073816274248,0.011496825487122386,4.18218610487798
2002-03-04,296.70001220703125,4.586999893188477,5.692721568439449,-0.0043719180659556045,1.5232261923293309,0.008318810701906099,4.169495376110119
2002-03-05,294.0,4.540999889373779,5.683579767338681,-0.009141801100767566,1.5131472277541709,-0.010078964575159999,4.17043253958451
2002-03-06,293.5,4.515999794006348,5.681877639268151,-0.0017021280705300512,1.507626600673231,-0.005520627080939811,4.17425103859492
2002-03-07,290.1000061035156,4.466000080108643,5.670225712166709,-0.011651927101442361,1.496493171355414,-0.011133429317817134,4.1737325408112955
2002-03-08,290.1000061035156,4.492000102996826,5.670225712166709,0.0,1.5022980598051427,0.005804888449728818,4.167927652361566
2002-03-11,291.1000061035156,4.4720001220703125,5.673666871718653,0.0034411595519436844,1.4978357631493793,-0.004462296655763476,4.175831108569273
2002-03-12,293.6000061035156,4.485000133514404,5.682218317528902,0.008551445810248914,1.5007385252798568,0.0029027621304775764,4.1814797922490445
2002-03-13,293.6000061035156,4.517000198364258,5.682218317528902,0.0,1.507848100587511,0.0071095753076542145,4.174370216941391
2002-03-14,291.0,4.488999843597412,5.673323267171493,-0.008895050357408785,1.5016299249584961,-0.006218175629014944,4.171693342212997
2002-03-15,289.8999938964844,4.48199987411499,5.669536014873744,-0.0037872522977489,1.500069347291941,-0.0015605776665550408,4.169466667581803
2002-03-18,292.1000061035156,4.492000102996826,5.67709623028899,0.007560215415246319,1.5022980598051427,0.0022287125132016694,4.1747981704838475
2002-03-19,292.79998779296875,4.51200008392334,5.679489740396475,0.0023935101074847864,1.5067405327957886,0.004442472990645818,4.1727492076006865
2002-03-20,292.1000061035156,4.521999835968018,5.67709623028899,-0.0023935101074847864,1.5089543375815664,0.0022138047857778176,4.168141892707424
2002-03-21,292.79998779296875,4.499000072479248,5.679489740396475,0.0023935101074847864,1.5038551659691146,-0.005099171612451769,4.17563457442736
2002-03-22,297.29998779296875,4.531000137329102,5.6947416889444105,0.015251948547935434,1.510942695993785,0.007087530024670441,4.183798992950625
2002-03-25,297.3999938964844,4.572000026702881,5.695078013503137,0.00033632455872645295,1.5199507517730892,0.009008055779304192,4.175127261730047
2002-03-26,296.6000061035156,4.578999996185303,5.692384450282104,-0.0026935632210332017,1.521480632841873,0.0015298810687838227,4.17090381744023
2002-03-27,302.20001220703125,4.671000003814697,5.71108909023252,0.018704639950416713,1.5413731823366477,0.019892549494774592,4.169715907895872
2002-03-28,302.6000061035156,4.640999794006348,5.712411821524499,0.0013227312919781298,1.53492981587342,-0.00644336646322774,4.177482005651079
2002-04-01,303.20001220703125,4.690999984741211,5.714392694028873,0.001980872504374176,1.5456457760935414,0.010715960220121445,4.168746917935332
2002-04-02,305.8999938964844,4.73799991607666,5.723258231204207,0.008865537175334559,1.5556150880237738,0.009969311930232427,4.167643143180434
2002-04-03,302.6000061035156,4.6579999923706055,5.712411821524499,-0.010846409679708735,1.5385861698242371,-0.01702891819953667,4.173825651700262
2002-04-04,301.1000061035156,4.616000175476074,5.7074424557584145,-0.004969365766084088,1.5295285672205452,-0.009057602603691928,4.177913888537869
2002-04-05,300.1000061035156,4.571000099182129,5.7041157727845935,-0.0033266829738209935,1.519732021047732,-0.009796546172813114,4.184383751736862
2002-04-08,300.5,4.560999870300293,5.705447753975262,0.0013319811906686851,1.5175418692928808,-0.002190151754851266,4.187905884682381
2002-04-09,298.79998779296875,4.548999786376953,5.6997744124051435,-0.005673341570118673,1.5149073816274248,-0.0026344876654560423,4.184867030777719
2002-04-10,301.70001220703125,4.61899995803833,5.709433186625841,0.009658774220697275,1.5301782223638893,0.015270840736464564,4.179254964261951
2002-04-11,302.20001220703125,4.578000068664551,5.71108909023252,0.001655903606679665,1.5212622365291846,-0.008915985834704765,4.189826853703336
2002-04-12,302.1000061035156,4.5879998207092285,5.710758108596253,-0.0003309816362673246,1.5234441601889257,0.002181923659741125,4.187313948407327
2002-04-15,300.0,4.445000171661377,5.703782474656201,-0.006975633940052184,1.4917799075848497,-0.031664252604076015,4.212002567071352
2002-04-16,298.79998779296875,4.400000095367432,5.6997744124051435,-0.0040080622510574315,1.4816045625986316,-0.010175344986218082,4.218169849806512
2002-04-17,302.1000061035156,4.445000171661377,5.710758108596253,0.010983696191109615,1.4917799075848497,0.010175344986218082,4.218978201011403
2002-04-18,304.5,4.493000030517578,5.718671087149952,0.007912978553698657,1.5025206368802726,0.010740729295422913,4.216150450269679
2002-04-19,302.29998779296875,4.498000144958496,5.711419861404892,-0.007251225745060097,1.5036328857644459,0.0011122488841732725,4.207786975640445
2002-04-22,303.0,4.538000106811523,5.713732805509369,0.0023129441044771326,1.5124864098947857,0.008853524130339796,4.201246395614583
2002-04-23,304.0,4.565000057220459,5.717027701406222,0.003294895896853056,1.518418526581534,0.005932116686748312,4.198609174824687
2002-04-24,304.29998779296875,4.557000160217285,5.718014016787804,0.0009863153815823367,1.516664547440245,-0.0017539791412890526,4.2013494693475595
2002-04-25,308.1000061035156,4.614999771118164,5.730424425412799,0.012410408624995206,1.5293118183596168,0.0126472709193719,4.201112607053183
2002-04-26,311.6000061035156,4.646999835968018,5.741720333584255,0.01129590817145587,1.5362218148043723,0.0069099964447554285,4.2054985187798835
2002-04-29,311.20001220703125,4.636000156402588,5.740435831529915,-0.0012845020543403862,1.5338519592140423,-0.0023698555903299834,4.206583872315873
2002-04-30,308.8999938964844,4.5320000648498535,5.733017580165663,-0.00741825136425156,1.5111633574750831,-0.022688601738959147,4.22185422269058
2002-05-01,309.1000061035156,4.5289998054504395,5.733664868884158,0.0006472887184942877,1.5105011216176705,-0.0006622358574126519,4.223163747266487
2002-05-02,308.29998779296875,4.543000221252441,5.731073295297452,-0.0025915735867059198,1.5135876354791011,0.003086513861430662,4.217485659818351
2002-05-03,312.20001220703125,4.5970001220703125,5.743644047181367,0.012570751883915321,1.525403943378433,0.011816307899331857,4.218240103802934
2002-05-06,311.20001220703125,4.5960001945495605,5.740435831529915,-0.0032082156514521287,1.5251864023166999,-0.0002175410617331064,4.215249429213215
2002-05-07,311.6000061035156,4.618000030517578,5.741720333584255,0.0012845020543403862,1.5299617175407008,0.004775315224000876,4.2117586160435545
2002-05-08,308.20001220703125,4.572000026702881,5.7307489624935135,-0.010971371090741755,1.5199507517730892,-0.010010965767611513,4.210798210720425
2002-05-09,309.5,4.614999771118164,5.734958092124651,0.004209129631137287,1.5293118183596168,0.009361066586527578,4.2056462737650335
2002-05-10,311.0,4.6579999923706055,5.739792912179234,0.004834820054583133,1.5385861698242371,0.0092743514646203,4.201206742354997
2002-05-13,310.6000061035156,4.5960001945495605,5.738505930365313,-0.001286981813921173,1.5251864023166999,-0.013399767507537241,4.213319528048613
2002-05-14,307.29998779296875,4.5960001945495605,5.727824429412939,-0.010681500952373746,1.5251864023166999,0.0,4.202638027096239
2002-05-15,308.70001220703125,4.625999927520752,5.73236997105146,0.004545541638520945,1.5316925481414463,0.006506145824746401,4.2006774229100134
2002-05-16,309.79998779296875,4.638999938964844,5.735926888579826,0.003556917528365844,1.5344988126126424,0.0028062644711961404,4.201428075967184
2002-05-17,310.6000061035156,4.6539998054504395,5.738505930365313,0.0025790417854869574,1.5377270230774431,0.003228210464800707,4.200778907287869
2002-05-20,315.70001220703125,4.769000053405762,5.7547924342305,0.01628650386518693,1.5621366505146115,0.024409627437168346,4.192655783715888
2002-05-21,315.79998779296875,4.834000110626221,5.755109063167231,0.00031662893673090053,1.575674305166318,0.013537654651706532,4.179434758000912
2002-05-22,318.0,4.824999809265137,5.762051382780177,0.006942319612946335,1.573810695260407,-0.0018636099059110567,4.1882406875197695
2002-05-23,322.5,4.896999835968018,5.776103136235827,0.014051753455650129,1.588622739223757,0.014812043963350119,4.18748039701207
2002-05-24,320.3999938964844,4.85699987411499,5.76957019614453,-0.006532940091297235,1.580420937445343,-0.008201801778414008,4.189149258699187
2002-05-28,323.8999938964844,4.869999885559082,5.780434807333457,0.010864611188926787,1.5830939135953364,0.002672976149993289,4.1973408937381205
2002-05-29,325.3999938964844,4.933000087738037,5.785055176027974,0.004620368694517651,1.5959473400375401,0.012853426442203775,4.189107835990434
2002-05-30,325.5,4.968999862670898,5.785362461648624,0.00030728562065007736,1.6032185849830123,0.007271244945472155,4.182143876665612
2002-05-31,326.5,5.026000022888184,5.788429948716486,0.0030674870678613075,1.6146244436753565,0.011405858692344228,4.173805505041129
2002-06-03,326.70001220703125,5.067999839782715,5.789042355971674,0.0006124072551880744,1.6229462308453788,0.008321787170022299,4.166096125126295
2002-06-04,327.79998779296875,5.11299991607666,5.7924036290704635,0.003361273098789752,1.6317862996841441,0.008840068838765314,4.160617329386319
2002-06-05,321.20001220703125,4.933000087738037,5.772064020077062,-0.02033960899340137,1.5959473400375401,-0.035838959646603996,4.176116680039522
2002-06-06,324.8999938964844,4.986000061035156,5.783517423889226,0.011453403812163643,1.6066339973426729,0.01068665730513274,4.176883426546553
2002-06-07,324.6000061035156,4.9710001945495605,5.782593673883681,-0.0009237500055450099,1.603621066249441,-0.003012931093231863,4.17897260763424
2002-06-10,318.70001220703125,4.9029998779296875,5.764250259725867,-0.018343414157813598,1.5898472377720303,-0.01377382847741071,4.174403021953837
2002-06-11,319.70001220703125,4.873000144958496,5.767383094248564,0.003132834522697081,1.5837097936086488,-0.006137444163381467,4.183673300639915
2002-06-12,320.29998779296875,4.909999847412109,5.769258018503868,0.0018749242553042222,1.5912739107294653,0.007564117120816505,4.177984107774403
2002-06-13,317.70001220703125,4.827000141143799,5.761107579698609,-0.008150438805259341,1.5742251859188359,-0.017048724810629468,4.186882393779773
2002-06-14,319.1000061035156,4.8470001220703125,5.765504552411479,0.004396972712870095,1.5783599820479535,0.004134796129117602,4.187144570363525
2002-06-17,317.3999938964844,4.820000171661377,5.760162788862581,-0.005341763548898371,1.5727739636769018,-0.00558601837105166,4.187388825185679
2002-06-18,319.20001220703125,4.8420000076293945,5.765817903818232,0.005655114955651186,1.5773278600915368,0.004553896414634995,4.188490043726695
2002-06-19,319.79998779296875,4.839000225067139,5.767695762229024,0.0018778584107916885,1.576708134322265,-0.0006197257692717173,4.190987627906758
2002-06-20,323.20001220703125,4.867000102996826,5.778271364416219,0.010575602187195443,1.5824777520135989,0.005769617691333773,4.19579361240262
2002-06-21,324.6000061035156,4.8520002365112305,5.782593673883681,0.004322309467461594,1.5793910398269035,-0.0030867121866953173,4.203202634056777
2002-06-24,324.29998779296875,4.863999843597412,5.781668975672102,-0.0009246982115787006,1.581861112508728,0.002470072681824531,4.1998078631633735
2002-06-25,320.20001220703125,4.828999996185303,5.7689458386857595,-0.012723136986342531,1.5746394061014488,-0.00722170640727926,4.194306432584311
2002-06-26,320.5,4.848999977111816,5.7698822763607245,0.000936437674964985,1.578772493403029,0.0041330873015801295,4.191109782957696
2002-06-27,319.20001220703125,4.875999927520752,5.765817903818232,-0.004064372542492478,1.584325196754536,0.005552703351507038,4.181492707063696
2002-06-28,313.5,4.833000183105469,5.7477993600729755,-0.018018543745256466,1.5754674307494492,-0.008857766005086809,4.172331929323526
2002-07-01,314.0,4.867000102996826,5.749392985908253,0.0015936258352775567,1.5824777520135989,0.007010321264149688,4.166915233894654
2002-07-02,312.79998779296875,4.929999828338623,5.74556396964612,-0.0038290162621335,1.5953389532348463,0.012861201221247454,4.150225016411273
2002-07-03,310.8999938964844,4.934999942779541,5.739471297432943,-0.006092672213176442,1.5963526612906203,0.001013708055773943,4.143118636142323
2002-07-08,312.1000061035156,4.960000038146973,5.743323668833016,0.0038523714000726628,1.601405748427758,0.005053087137137702,4.141917920405258
2002-07-09,316.1000061035156,5.038000106811523,5.7560586385303845,0.012734969697368648,1.617009199131594,0.015603450703836064,4.13904943939879
2002-07-10,314.70001220703125,5.03000020980835,5.751619842859783,-0.004438795670601792,1.6154200258230484,-0.0015891733085455773,4.136199817036735
2002-07-11,317.20001220703125,5.072000026702881,5.759532528244398,0.007912685384614981,1.6237352223996884,0.008315196576639927,4.13579730584471
2002-07-12,315.6000061035156,5.046000003814697,5.754475608311122,-0.00505691993327595,1.6185958509748504,-0.005139371424838002,4.135879757336271
2002-07-15,319.6000061035156,5.10099983215332,5.767070232989478,0.012594624678356148,1.6294365660361272,0.010840715061276818,4.13763366695335
2002-07-16,317.20001220703125,5.01800012588501,5.759532528244398,-0.007537704745080198,1.61303147303092,-0.016405093005207094,4.146501055213477
2002-07-17,317.3999938964844,4.989999771118164,5.760162788862581,0.0006302606181831649,1.6074358638953228,-0.0055956091355973125,4.152726924967258
2002-07-18,317.0,4.989999771118164,5.75890177387728,-0.0012610149853005126,1.6074358638953228,0.0,4.151465909981957
2002-07-19,323.8999938964844,5.063000202178955,5.780434807333457,0.021533033456176298,1.621959232920411,0.014523369025088328,4.158475574413045
2002-07-22,323.6000061035156,5.0329999923706055,5.779508204045634,-0.0009266032878230135,1.6160162262783488,-0.005943006642062265,4.1634919777672845
2002-07-23,312.70001220703125,4.874000072479248,5.745244303501311,-0.03426390054432282,1.5839149700736028,-0.03210125620474602,4.161329333427708
2002-07-24,311.5,4.854000091552734,5.741399338227508,-0.0038449652738030693,1.5798031261657062,-0.004111843907896651,4.161596212061801
2002-07-25,309.79998779296875,4.85099983215332,5.735926888579826,-0.0054724496476818985,1.5791848346626502,-0.0006182915030559233,4.156742053917176
2002-07-26,303.3999938964844,4.660999774932861,5.715052046797373,-0.02087484178245269,1.5392299691032956,-0.03995486555935468,4.175822077694077
2002-07-29,302.5,4.636000156402588,5.7120812774708964,-0.0029707693264766633,1.5338519592140423,-0.005378009889253299,4.178229318256854
2002-07-30,303.70001220703125,4.65500020980835,5.716040412246076,0.003959134775179507,1.5379419558006404,0.004089996586598144,4.1780984564454355
2002-07-31,303.20001220703125,4.59499979019165,5.714392694028873,-0.00164771821720322,1.524968710147508,-0.012973245653132404,4.1894239838813645
2002-08-01,304.0,4.579999923706055,5.717027701406222,0.002635007377349119,1.5216989814680268,-0.0032697286794811653,4.195328719938195
2002-08-02,307.0,4.590000152587891,5.726847747587197,0.009820046180974984,1.5238800573160023,0.0021810758479754444,4.202967690271194
2002-08-05,307.79998779296875,4.630000114440918,5.729450181745807,0.0026024341586099453,1.5325568928154032,0.008676835499400903,4.196893288930403
2002-08-06,305.5,4.610000133514404,5.72194977861165,-0.007500403134156564,1.5282278859704665,-0.004329006844936645,4.193721892641184
2002-08-07,314.29998779296875,4.671999931335449,5.750347904964733,0.02839812635308281,1.54158723082889,0.013359344858423494,4.208760674135843
2002-08-08,310.3999938964844,4.635000228881836,5.737861768645676,-0.012486136319057373,1.5336362483990116,-0.007950982429878461,4.2042255202466645
2002-08-09,314.20001220703125,4.666999816894531,5.75002976467267,0.012167996026994032,1.540516427733594,0.006880179334582515,4.209513336939075
2002-08-12,314.1000061035156,4.590000152587891,5.74971142597636,-0.0003183386963092616,1.5238800573160023,-0.016636370417591806,4.225831368660359
2002-08-13,314.20001220703125,4.577000141143799,5.75002976467267,0.0003183386963092616,1.5210437925091271,-0.002836264806875155,4.228985972163542
2002-08-14,311.79998779296875,4.454999923706055,5.742361917473479,-0.007667847199190447,1.4940270437973078,-0.02701674871181936,4.248334873676171
2002-08-15,314.29998779296875,4.480000019073486,5.750347904964733,0.007985987491253788,1.4996230506843684,0.005596006887060634,4.250724854280365
2002-08-16,313.70001220703125,4.489999771118164,5.7484371541097055,-0.0019107508550275654,1.5018526507782517,0.0022296000938832883,4.246584503331453
2002-08-19,306.0,4.4019999504089355,5.723585101952381,-0.024852052157324778,1.482058971838694,-0.019793678939557635,4.241526130113686
2002-08-20,308.70001220703125,4.434000015258789,5.73236997105146,0.008784869099079273,1.4893021146354344,0.007243142796740321,4.243067856416026
2002-08-21,307.6000061035156,4.416999816894531,5.728800257473867,-0.00356971357759317,1.4854606911596753,-0.0038414234757591093,4.243339566314192
2002-08-22,306.6000061035156,4.461999893188477,5.725543986344809,-0.003256271129057353,1.4955970720723029,0.010136380912627585,4.229946914272507
2002-08-23,306.70001220703125,4.420000076293945,5.725870110921416,0.00032612457660619043,1.4861397133506802,-0.009457358721622677,4.239730397570735
2002-08-26,309.3999938964844,4.434999942779541,5.734634918412024,0.008764807490608817,1.4895276028595226,0.00338788950884239,4.245107315552502
2002-08-27,312.29998779296875,4.5,5.743964225201516,0.009329306789491731,1.5040773967762742,0.014549793916751597,4.239886828425242
2002-08-28,309.3999938964844,4.494999885559082,5.734634918412024,-0.009329306789491731,1.5029656424639797,-0.0011117543122944884,4.231669275948045
2002-08-29,312.8999938964844,4.5269999504089355,5.745883631168554,0.0112487127565295,1.510059457499312,0.0070938150353323515,4.235824173669242
2002-08-30,312.3999938964844,4.436999797821045,5.744284398428029,-0.0015992327405252027,1.4899784268301826,-0.020081030669129474,4.254305971597846
2002-09-03,313.3999938964844,4.453999996185303,5.7474803104467584,0.0031959120187297074,1.4938025679787104,0.0038241411485278043,4.253677742468048
2002-09-04,314.8999938964844,4.465000152587891,5.752255108724586,0.00477479827782723,1.4962692485026814,0.002466680523971032,4.255985860221904
2002-09-05,318.20001220703125,4.514999866485596,5.762680154266449,0.010425045541863298,1.5074051572976517,0.011135908794970284,4.255274996968797
2002-09-06,319.8999938964844,4.51200008392334,5.7680084278760235,0.005328273609574552,1.5067405327957886,-0.0006646245018631092,4.261267895080235
2002-09-09,321.29998779296875,4.578999996185303,5.772375228129184,0.004366800253160719,1.521480632841873,0.014740100046084503,4.250894595287312
2002-09-10,317.8999938964844,4.557000160217285,5.761736848717274,-0.010638379411910037,1.516664547440245,-0.004816085401628145,4.2450723012770295
2002-09-11,316.6000061035156,4.541999816894531,5.75763916672523,-0.004097681992043967,1.5133674033695244,-0.00329714407072057,4.244271763355706
2002-09-12,318.8999938964844,4.586999893188477,5.764877554876734,0.007238388151503905,1.5232261923293309,0.00985878895980652,4.241651362547403
2002-09-13,316.6000061035156,4.553999900817871,5.75763916672523,-0.007238388151503905,1.516005945862424,-0.007220246466906888,4.2416332208628065
2002-09-16,317.1000061035156,4.548999786376953,5.759217200792222,0.0015780340669921955,1.5149073816274248,-0.0010985642349992109,4.244309819164798
2002-09-17,317.0,4.577000141143799,5.75890177387728,-0.0003154269149421296,1.5210437925091271,0.006136410881702359,4.237857981368153
2002-09-18,320.6000061035156,4.61899995803833,5.770194259213243,0.01129248533596261,1.5301782223638893,0.009134429854762205,4.240016036849354
2002-09-19,322.6000061035156,4.638999938964844,5.776413184610871,0.006218925397628361,1.5344988126126424,0.004320590248753087,4.241914371998229
2002-09-20,321.8999938964844,4.629000186920166,5.774240919343856,-0.0021722652670153053,1.5323409024293801,-0.0021579101832622793,4.241900016914476
2002-09-23,323.0,4.626999855041504,5.777652323222656,0.0034114038788004564,1.531908678596032,-0.0004322238333480666,4.245743644626624
2002-09-24,325.8999938964844,4.64900016784668,5.78659056711533,0.008938243892673725,1.5366521788122713,0.00474350021623926,4.249938388303059
2002-09-25,322.20001220703125,4.578999996185303,5.775172508629376,-0.011418058485953786,1.521480632841873,-0.01517154597039827,4.253691875787503
2002-09-26,320.29998779296875,4.505000114440918,5.769258018503868,-0.005914490125507932,1.5051879164633903,-0.01629271637848273,4.264070102040478
2002-09-27,319.70001220703125,4.486999988555908,5.767383094248564,-0.0018749242553042222,1.5011843244433467,-0.004003592020043634,4.266198769805218
2002-09-30,323.8999938964844,4.53000020980835,5.780434807333457,0.013051713084892391,1.5107219858102505,0.009537661366903816,4.269712821523206
2002-10-01,320.8999938964844,4.46999979019165,5.771129529095818,-0.009305278237638603,1.4973883616884853,-0.013333624121765197,4.273741167407333
2002-10-02,321.5,4.46999979019165,5.772997543677674,0.0018680145818557037,1.4973883616884853,0.0,4.275609181989188
2002-10-03,321.1000061035156,4.46999979019165,5.771752620103614,-0.0012449235740596976,1.4973883616884853,0.0,4.274364258415129
2002-10-04,322.1000061035156,4.474999904632568,5.774862075286285,0.0031094551826713612,1.4985063304156605,0.0011179687271751781,4.276355744870624
2002-10-07,321.8999938964844,4.438000202178955,5.774240919343856,-0.0006211559424293966,1.4902038700667226,-0.00830246034893789,4.284037049277133
2002-10-08,318.20001220703125,4.361000061035156,5.762680154266449,-0.011560765077406998,1.4727014028563084,-0.017502467210414263,4.289978751410141
2002-10-09,319.6000061035156,4.3379998207092285,5.767070232989478,0.0043900787230288785,1.467413371074398,-0.005288031781910396,4.29965686191508
2002-10-10,316.5,4.2729997634887695,5.757323241584231,-0.009746991405246597,1.4523161013117272,-0.015097269762670784,4.3050071402725045
2002-10-11,316.29998779296875,4.308000087738037,5.7566910917183955,-0.0006321498658357072,1.460473779660446,0.008157678348718722,4.29621731205795
2002-10-14,317.79998779296875,4.297999858856201,5.761422215691566,0.004731123973170881,1.4581497653809048,-0.002324014279541098,4.303272450310661
2002-10-15,312.6000061035156,4.310999870300293,5.7449244375123785,-0.01649777817918796,1.461169865679238,0.003020100298333217,4.283754571833141
2002-10-16,314.0,4.357999801635742,5.749392985908253,0.0044685483958746275,1.4720131910051582,0.010843325325920139,4.277379794903095
2002-10-17,311.6000061035156,4.333000183105469,5.741720333584255,-0.007672652323997831,1.4662601850161303,-0.005753005989027837,4.275460148568125
2002-10-18,312.70001220703125,4.3520002365112305,5.745244303501311,0.0035239699170555028,1.4706355638990514,0.004375378882921055,4.274608739602259
2002-10-21,310.8999938964844,4.343999862670898,5.739471297432943,-0.005773006068367614,1.4687955510181205,-0.0018400128809308303,4.270675746414822
2002-10-22,313.0,4.4039998054504395,5.746203190540153,0.006731893107209785,1.482513174684783,0.013717623666662515,4.26369001585537
2002-10-23,312.0,4.39900016784668,5.7430031878094825,-0.003200002730670448,1.4813772805222263,-0.001135894162556772,4.261625907287256
2002-10-24,310.70001220703125,4.354000091552734,5.738827855687805,-0.004175332121677755,1.4710949838396257,-0.010282296682600611,4.267732871848179
2002-10-25,313.3999938964844,4.39900016784668,5.7474803104467584,0.00865245475895371,1.4813772805222263,0.010282296682600611,4.266103029924532
2002-10-28,315.20001220703125,4.4039998054504395,5.753207396711614,0.005727086264855963,1.482513174684783,0.001135894162556772,4.270694222026831
2002-10-29,317.70001220703125,4.501999855041504,5.761107579698609,0.007900182986994686,1.5045217102858515,0.022008535601068413,4.256585869412758
2002-10-30,316.5,4.479000091552734,5.757323241584231,-0.0037843381143778387,1.4993998276656035,-0.005121882620247931,4.257923413918627
2002-10-31,318.0,4.499000072479248,5.762051382780177,0.004728141195945668,1.5038551659691146,0.0044553383035110805,4.258196216811062
2002-11-01,318.79998779296875,4.484000205993652,5.764563908625497,0.002512525845320468,1.5005155511496209,-0.0033396148194937414,4.264048357475876
2002-11-04,318.29998779296875,4.480999946594238,5.762994295937336,-0.0015696126881614703,1.4998462238857373,-0.000669327263883579,4.263148072051599
2002-11-05,318.20001220703125,4.488999843597412,5.762680154266449,-0.0003141416708869471,1.5016299249584961,0.0017837010727588254,4.261050229307953
2002-11-06,317.5,4.4770002365112305,5.760477818332746,-0.0022023359337026704,1.4989532320868884,-0.0026766928716077665,4.261524586245858
2002-11-07,320.5,4.544000148773193,5.7698822763607245,0.00940445802797818,1.5138077141594293,0.01485448207254092,4.256074562201295
2002-11-08,321.29998779296875,4.526000022888184,5.772375228129184,0.0024929517684597613,1.5098385522683901,-0.00396916189103913,4.262536675860794
2002-11-11,321.20001220703125,4.565999984741211,5.772064020077062,-0.0003112080521221472,1.5186375447657752,0.008798992497385028,4.2534264753112865
2002-11-12,324.5,4.593999862670898,5.782285536144145,0.01022151606708288,1.5247510743737624,0.006113529607987278,4.2575344617703825
2002-11-13,318.70001220703125,4.553999900817871,5.764250259725867,-0.018035276418277846,1.516005945862424,-0.008745128511338462,4.248244313863443
2002-11-14,317.8999938964844,4.556000232696533,5.761736848717274,-0.002513411008592925,1.5164450966596783,0.0004391507972543174,4.245291752057596
2002-11-15,320.70001220703125,4.572999954223633,5.770506144762817,0.008769296045542774,1.5201694346657788,0.0037243380061005027,4.250336710097038
2002-11-18,319.20001220703125,4.534999847412109,5.765817903818232,-0.004688240944584976,1.511825049920376,-0.008344384745402778,4.253992853897856
2002-11-19,318.6000061035156,4.545000076293945,5.763936416633247,-0.0018814871849848203,1.5140277444157886,0.0022026944954125494,4.249908672217458
2002-11-20,317.3999938964844,4.5329999923706055,5.760162788862581,-0.0037736277706663657,1.5113839702756338,-0.00264377414015482,4.248778818586947
2002-11-21,317.3999938964844,4.466000080108643,5.760162788862581,0.0,1.496493171355414,-0.014890798920219828,4.263669617507167
2002-11-22,320.70001220703125,4.540999889373779,5.770506144762817,0.010343355900236162,1.5131472277541709,0.016654056398756945,4.257358917008646
2002-11-25,317.79998779296875,4.4710001945495605,5.761422215691566,-0.009083929071250552,1.4976121407654996,-0.015535086988671232,4.263810074926067
2002-11-26,317.70001220703125,4.433000087738037,5.761107579698609,-0.000314635992957335,1.489076575554939,-0.008535565210560536,4.27203100414367
2002-11-27,316.79998779296875,4.414000034332275,5.758270621407974,-0.0028369582906346835,1.4847813156125862,-0.004295259942352914,4.273489305795389
2002-12-02,317.6000061035156,4.421999931335449,5.760792748590599,0.002522127182624345,1.4865920669073145,0.0018107512947282967,4.2742006816832845
2002-12-03,320.20001220703125,4.5320000648498535,5.7689458386857595,0.008153090095160742,1.5111633574750831,0.024571290567768633,4.257782481210676
2002-12-04,322.20001220703125,4.559000015258789,5.775172508629376,0.006226669943616869,1.517103304578264,0.005939947103180909,4.258069204051113
2002-12-05,324.79998779296875,4.622000217437744,5.783209570704298,0.008037062074921941,1.5308275588962692,0.013724254318005169,4.252382011808029
2002-12-06,326.29998779296875,4.631999969482422,5.78781716618882,0.004607595484521276,1.5329887336822705,0.0021611747860013075,4.2548284325065495
2002-12-09,325.79998779296875,4.599999904632568,5.786283658700077,-0.0015335074887428135,1.5260562827629987,-0.00693245091927186,4.260227375937078
2002-12-10,323.5,4.607999801635742,5.7791991139409555,-0.007084544759121236,1.5277938803457902,0.0017375975827915724,4.2514052335951655
2002-12-11,324.79998779296875,4.633999824523926,5.783209570704298,0.0040104567633427735,1.5334203881430983,0.005626507797308111,4.2497891825612
2002-12-12,331.3999938964844,4.74399995803833,5.803326086575095,0.020116515870796547,1.5568806528502157,0.023460264707117373,4.24644543372488
2002-12-13,333.20001220703125,4.703999996185303,5.808742946928435,0.005416860353339992,1.5484132097853782,-0.008467443064837488,4.260329737143056
2002-12-16,337.0,4.702000141143799,5.820082930352362,0.011339983423926725,1.5479879801356993,-0.0004252296496789487,4.272094950216662
2002-12-17,337.3999938964844,4.639999866485596,5.821269152022017,0.0011862216696556516,1.5347143374635075,-0.013273642672191777,4.28655481455851
2002-12-18,342.1000061035156,4.664999961853027,5.835103109824879,0.013833957802861896,1.5400878261220354,0.005373488658527936,4.295015283702844
2002-12-19,345.8999938964844,4.724999904632568,5.846149698297804,0.011046588472924945,1.5528675407621224,0.012779714640086981,4.293282157535682
2002-12-20,340.5,4.630000114440918,5.830415125589567,-0.015734572708237415,1.5325568928154032,-0.020310647946719218,4.297858232774163
2002-12-23,345.1000061035156,4.6529998779296875,5.843834247790181,0.01341912220061392,1.5375121466277566,0.0049552538123534,4.306322101162424
2002-12-24,346.79998779296875,4.6570000648498535,5.848748209707334,0.004913961917153209,1.5383714779254825,0.0008593312977258627,4.310376731781851
2002-12-26,348.8999938964844,4.699999809265137,5.854785330699133,0.006037120991798872,1.5475624681341262,0.009190990208643779,4.307222862565006
2002-12-27,349.20001220703125,4.711999893188477,5.855644858922581,0.0008595282234482582,1.5501124236813049,0.0025499555471786284,4.305532435241276
2002-12-30,343.3999938964844,4.6620001792907715,5.8388959306895964,-0.01674892823298446,1.5394445790714737,-0.010667844609831167,4.2994513516181225
2002-12-31,347.6000061035156,4.801000118255615,5.851052410950258,0.012156480260661517,1.568824254180258,0.029379675108784253,4.28222815677
2003-01-02,346.1000061035156,4.811999797821045,5.84672776827642,-0.004324642673838142,1.571112756096855,0.002288501916597019,4.275615012179565
2003-01-03,351.20001220703125,4.892000198364258,5.861355896519022,0.0146281282426024,1.5876012583736288,0.016488502276773787,4.273754638145394
2003-01-06,351.70001220703125,4.89900016784668,5.862778574188583,0.0014226776695611676,1.5890311369178538,0.0014298785442250495,4.27374743727073
2003-01-07,347.29998779296875,4.803999900817871,5.8501889246016505,-0.012589649586932872,1.5694488835719982,-0.019582253345855616,4.280740041029652
2003-01-08,353.8999938964844,4.855999946594238,5.869014370104976,0.018825445503325433,1.5802150427593054,0.010766159187307167,4.288799327345671
2003-01-09,353.29998779296875,4.843999862670898,5.867317519813637,-0.0016968502913385919,1.5777407973404942,-0.0024742454188111385,4.289576722473143
2003-01-10,354.5,4.859000205993652,5.870708345972182,0.003390826158544691,1.5808326978180134,0.0030919004775191716,4.289875648154169
2003-01-13,354.70001220703125,4.828000068664551,5.871272396194662,0.0005640502224801835,1.574432317457437,-0.00640038036057633,4.296840078737225
2003-01-14,352.0,4.752999782562256,5.863631175598097,-0.007641220596565468,1.5587759518843973,-0.015656365573039732,4.3048552237137
2003-01-15,350.70001220703125,4.76800012588501,5.8599311919537485,-0.0036999836443483147,1.5619269561651057,0.0031510042807083583,4.2980042357886425
2003-01-16,357.70001220703125,4.822999954223633,5.879694680391422,0.019763488437673615,1.5733961315955707,0.011469175430464995,4.306298548795851
2003-01-17,356.6000061035156,4.797999858856201,5.8766147225448995,-0.0030799578465225963,1.568199135000287,-0.0051969965952836095,4.308415587544612
2003-01-21,357.29998779296875,4.808000087738037,5.878575730864709,0.0019610083198093875,1.5702812154812502,0.0020820804809631444,4.308294515383459
2003-01-22,359.70001220703125,4.835999965667725,5.885270384638279,0.006694653773569925,1.5760879256532336,0.00580671017198342,4.309182458985045
2003-01-23,364.5,4.775000095367432,5.898526551448713,0.013256166810434067,1.5633939939049304,-0.012693931748303244,4.3351325575437825
2003-01-24,368.20001220703125,4.875,5.908626301952239,0.010099750503526295,1.5841201044498106,0.02072611054488016,4.324506197502428
2003-01-27,369.3999938964844,4.824999809265137,5.911880051242358,0.0032537492901187903,1.573810695260407,-0.010309409189403596,4.3380693559819505
2003-01-28,370.0,4.864999771118164,5.91350300563827,0.0016229543959118686,1.5820666685913412,0.008255973330934196,4.331436337046929
2003-01-29,366.29998779296875,4.800000190734863,5.90345263645954,-0.010050369178729923,1.5686159576502743,-0.013450710941066868,4.334836678809266
2003-01-30,368.6000061035156,4.86299991607666,5.909712061794365,0.006259425334825153,1.5816555141641244,0.013039556513850137,4.328056547630241
2003-01-31,368.29998779296875,4.853000164031982,5.908897790306758,-0.0008142714876067103,1.5795971042231987,-0.002058409940925765,4.32930068608356
2003-02-03,370.79998779296875,4.828000068664551,5.915662800770903,0.006765010464144794,1.574432317457437,-0.0051647867657615976,4.341230483313466
2003-02-04,379.0,4.910999774932861,5.937536205082426,0.02187340431152318,1.5914775412279192,0.01704522377048212,4.346058663854507
2003-02-05,376.3999938964844,4.761000156402588,5.9306523914957205,-0.006883813586705756,1.5604577630631662,-0.031019778164752987,4.370194628432555
2003-02-06,370.1000061035156,4.672999858856201,5.913773255883641,-0.01687913561207921,1.5418012335141802,-0.018656529548986,4.371972022369461
2003-02-07,369.8999938964844,4.645999908447266,5.91323268233796,-0.0005405735456811556,1.536006614642506,-0.005794618871674206,4.377226067695454
2003-02-10,363.70001220703125,4.5960001945495605,5.896329385556405,-0.016903296781555,1.5251864023166999,-0.0108202123258061,4.3711429832397055
2003-02-11,362.5,4.565999984741211,5.893024474294729,-0.003304911261675869,1.5186375447657752,-0.006548857550924714,4.374386929528955
2003-02-12,352.6000061035156,4.502999782562256,5.865334287273797,-0.027690187020932733,1.5047437930321264,-0.013893751733648818,4.36059049424167
2003-02-13,357.3999938964844,4.5289998054504395,5.87885558564778,0.013521298373983193,1.5105011216176705,0.005757328585544119,4.3683544640301095
2003-02-14,351.8999938964844,4.531000137329102,5.863347026983079,-0.0155085586647008,1.510942695993785,0.00044157437611458406,4.352404330989294
2003-02-18,344.20001220703125,4.551000118255615,5.841222919242375,-0.02212410774070417,1.5153470150190387,0.004404319025253622,4.325875904223336
2003-02-19,349.8999938964844,4.623000144958496,5.857647381930042,0.016424462687667507,1.5310438763620247,0.01569686134298598,4.326603505568018
2003-02-20,353.1000061035156,4.659999847412109,5.866751320219857,0.009103938289814373,1.5390154153933715,0.007971539031346841,4.327735904826485
2003-02-21,351.79998779296875,4.663000106811523,5.863062797604676,-0.0036885226151808226,1.539659040732365,0.0006436253389934254,4.323403756872311
2003-02-24,356.29998779296875,4.7129998207092285,5.875773038351247,0.012710240746571344,1.5503246098998422,0.010665569167477296,4.325448428451405
2003-02-25,352.29998779296875,4.639999866485596,5.864483050697656,-0.01128998765359146,1.5347143374635075,-0.015610272436334727,4.329768713234149
2003-02-26,354.0,4.65500020980835,5.869296913133774,0.004813862436118477,1.5379419558006404,0.0032276183371329203,4.331354957333134
2003-02-27,346.1000061035156,4.560999870300293,5.84672776827642,-0.022569144857354395,1.5175418692928808,-0.020400086507759596,4.329185898983539
2003-02-28,350.20001220703125,4.585000038146973,5.858504454709064,0.01177668643264429,1.5227901140283786,0.005248244735497787,4.335714340680686
2003-03-03,349.20001220703125,4.6570000648498535,5.855644858922581,-0.0028595957864832044,1.5383714779254825,0.01558136389710385,4.317273380997099
2003-03-04,353.20001220703125,4.6570000648498535,5.867034503291048,0.011389644368467344,1.5383714779254825,0.0,4.328663025365566
2003-03-05,353.1000061035156,4.622000217437744,5.866751320219857,-0.0002831830711915728,1.5308275588962692,-0.007543919029213253,4.3359237613235875
2003-03-06,356.79998779296875,4.660999774932861,5.877175366493322,0.010424046273465493,1.5392299691032956,0.008402410207026367,4.337945397390026
2003-03-07,350.79998779296875,4.676000118255615,5.8602162257003325,-0.016959140792989658,1.5424430688997308,0.003213099796435248,4.317773156800602
2003-03-10,354.70001220703125,4.668000221252441,5.871272396194662,0.01105617049432972,1.5407307618220036,-0.001712307077727182,4.330541634372659
2003-03-11,350.5,4.677999973297119,5.859360706474645,-0.011911689720017549,1.542870662453804,0.002139900631800362,4.31649004402084
2003-03-12,346.5,4.623000144958496,5.847882818629958,-0.01147788784468684,1.5310438763620247,-0.01182678609177934,4.316838942267934
2003-03-13,335.8999938964844,4.5279998779296875,5.816813478447614,-0.031069340182344085,1.51028031394189,-0.02076356242013455,4.306533164505724
2003-03-14,336.5,4.5269999504089355,5.8185981490847825,0.001784670637168695,1.510059457499312,-0.0002208564425780768,4.30853869158547
2003-03-17,337.1000061035156,4.439000129699707,5.820379640345965,0.001781491261182211,1.490429155070124,-0.01963030242918795,4.329950485275841
2003-03-18,337.6000061035156,4.452000141143799,5.821861780800936,0.0014821404549714146,1.4933534651167568,0.0029243100466327387,4.3285083156841795
2003-03-19,336.1000061035156,4.408999919891357,5.81740875289088,-0.004453027910056306,1.4836478882064552,-0.009705576910301605,4.333760864684424
2003-03-20,332.8999938964844,4.4079999923706055,5.807842126246597,-0.00956662664428265,1.483421070119807,-0.00022681808664826164,4.32442105612679
2003-03-21,326.0,4.3460001945495605,5.786897381366708,-0.0209447448798894,1.4692559265994372,-0.014165143520369794,4.317641454767271
2003-03-24,329.5,4.359000205993652,5.797576353942562,0.01067897257585404,1.4722427205133437,0.002986793913906549,4.325333633429218
2003-03-25,328.3999938964844,4.386000156402588,5.794232358992659,-0.0033439949499030064,1.4784176856552005,0.006174965141856781,4.315814673337458
2003-03-26,330.29998779296875,4.390999794006348,5.800001295439337,0.005768936446678197,1.4795569446668824,0.0011392590116818813,4.320444350772455
2003-03-27,328.70001220703125,4.386000156402588,5.795145517807475,-0.004855777631862068,1.4784176856552005,-0.0011392590116818813,4.316727832152274
2003-03-28,328.70001220703125,4.428999900817871,5.795145517807475,0.0,1.4881738025472635,0.009756116892063016,4.306971715260211
2003-03-31,335.8999938964844,4.460999965667725,5.816813478447614,0.021667960640138872,1.4953729484500338,0.007199145902770265,4.32144052999758
2003-04-01,334.29998779296875,4.433000087738037,5.8120387569108525,-0.004774721536761284,1.489076575554939,-0.00629637289509466,4.322962181355914
2003-04-02,329.6000061035156,4.3979997634887695,5.797879816553264,-0.014158940357588357,1.4811498383555715,-0.00792673719936765,4.316729978197692
2003-04-03,324.8999938964844,4.408999919891357,5.783517423889226,-0.014362392664038381,1.4836478882064552,0.0024980498508837545,4.29986953568277
2003-04-04,325.29998779296875,4.410999774932861,5.784747795953848,0.001230372064622287,1.484101370098739,0.00045348189228389124,4.300646425855109
2003-04-07,321.5,4.419000148773193,5.772997543677674,-0.011750252276174322,1.4859134598153128,0.0018120897165736505,4.287084083862361
2003-04-08,322.20001220703125,4.473999977111816,5.775172508629376,0.0021749649517026626,1.4982828579521168,0.012369398136804044,4.276889650677259
2003-04-09,325.6000061035156,4.479000091552734,5.7856696528738265,0.01049714424445014,1.4993998276656035,0.0011169697134867373,4.2862698252082225
2003-04-10,326.70001220703125,4.486000061035156,5.789042355971674,0.0033727030978472072,1.5009614497037134,0.0015616220381098334,4.28808090626796
2003-04-11,327.8999938964844,4.488999843597412,5.792708665236648,0.0036663092649744655,1.5016299249584961,0.0006684752547827522,4.291078740278152
2003-04-14,324.20001220703125,4.533999919891357,5.781360646954355,-0.011348018282292927,1.5116045344169113,0.009974609458415218,4.2697561125374435
2003-04-15,324.8999938964844,4.519000053405762,5.783517423889226,0.0021567769348704857,1.5082907422471912,-0.0033137921697201644,4.275226681642034
2003-04-16,325.79998779296875,4.480999946594238,5.786283658700077,0.0027662348108510315,1.4998462238857373,-0.008444518361453879,4.2864374348143395
2003-04-17,327.20001220703125,4.466000080108643,5.790571642036144,0.004287983336067391,1.496493171355414,-0.003353052530323364,4.294078470680731
2003-04-21,333.5,4.531000137329102,5.809642865355678,0.019071223319533814,1.510942695993785,0.014449524638371125,4.298700169361893
2003-04-22,334.3999938964844,4.5929999351501465,5.812337862958406,0.0026949976027283995,1.5245333912243761,0.013590695230591088,4.28780447173403
2003-04-23,331.5,4.623000144958496,5.803627809625917,-0.00871005333248931,1.5310438763620247,0.006510485137648514,4.272583933263892
2003-04-24,334.79998779296875,4.64300012588501,5.813533302154653,0.009905492528735849,1.5353607361506445,0.004316859788619842,4.278172566004009
2003-04-25,333.3999938964844,4.630000114440918,5.809342952009808,-0.004190350144845034,1.5325568928154032,-0.0028038433352413072,4.2767860591944045
2003-04-28,334.5,4.578000068664551,5.8126368795682835,0.0032939275584755734,1.5212622365291846,-0.011294656286218618,4.291374643039099
2003-04-29,333.70001220703125,4.547999858856201,5.810242422338183,-0.0023944572301006772,1.5146875448540327,-0.0065746916751519,4.29555487748415
2003-04-30,339.1000061035156,4.638000011444092,5.826295067130754,0.016052644792571513,1.5342832413008025,0.01959569644676984,4.2920118258299516
2003-05-01,342.1000061035156,4.761000156402588,5.835103109824879,0.008808042694124829,1.5604577630631662,0.02617452176236368,4.274645346761713
2003-05-02,341.0,4.783999919891357,5.831882477283517,-0.0032206325413621784,1.5652769999032128,0.004819236840046592,4.266605477380304
2003-05-05,342.29998779296875,4.802000045776367,5.835687509874347,0.003805032590830315,1.5690325073318325,0.003755507428619742,4.266655002542515
2003-05-06,342.5,4.7870001792907715,5.83627165770228,0.0005841478279329237,1.5659039478640524,-0.003128559467780123,4.2703677098382276
2003-05-07,341.8999938964844,4.729000091552734,5.834518278793499,-0.0017533789087815776,1.5537137830215892,-0.012190164842463158,4.28080449577191
2003-05-08,348.3999938964844,4.789000034332275,5.853351227459646,0.018832948666147153,1.5663216285294586,0.012607845507869309,4.287029598930188
2003-05-09,348.6000061035156,4.7870001792907715,5.853925150594571,0.0005739231349251028,1.5659039478640524,-0.00041768066540615045,4.288021202730518
2003-05-12,351.6000061035156,4.861000061035156,5.8624941831702815,0.008569032575710622,1.581244190619409,0.015340242755356615,4.2812499925508725
2003-05-13,350.0,4.814000129699707,5.857933154483459,-0.00456102868682251,1.5715283663030708,-0.009715824316338217,4.286404788180388
2003-05-14,352.29998779296875,4.863999843597412,5.864483050697656,0.006549896214196771,1.581861112508728,0.010332746205657273,4.282621938188928
2003-05-15,352.6000061035156,4.771999835968018,5.865334287273797,0.0008512365761408347,1.5627654698618254,-0.019095642646902666,4.302568817411971
2003-05-16,354.70001220703125,4.7820000648498535,5.871272396194662,0.005938108920865659,1.5648588825973737,0.0020934127355483056,4.306413513597288
2003-05-19,364.20001220703125,4.811999797821045,5.897703200810891,0.026430804616229153,1.571112756096855,0.006253873499481255,4.326590444714037
2003-05-20,366.29998779296875,4.763999938964844,5.90345263645954,0.005749435648648493,1.561087638681308,-0.010025117415547014,4.3423649977782315
2003-05-21,372.0,4.7170000076293945,5.918893854273146,0.0154412178136063,1.5511730059195499,-0.00991463276175808,4.3677208483535965
2003-05-22,368.1000061035156,4.6539998054504395,5.90835465696611,-0.010539197307036119,1.5377270230774431,-0.01344598284210674,4.370627633888667
2003-05-23,368.79998779296875,4.638999938964844,5.910254458583113,0.001899801617002872,1.5344988126126424,-0.003228210464800707,4.375755645970471
2003-05-27,367.79998779296875,4.61899995803833,5.907539278980902,-0.0027151796022106822,1.5301782223638893,-0.004320590248753087,4.377361056617013
2003-05-28,365.20001220703125,4.633999824523926,5.900445182146418,-0.007094096834483921,1.5334203881430983,0.003242165779208994,4.36702479400332
2003-05-29,369.6000061035156,4.567999839782715,5.91242135628137,0.011976174134951556,1.519075437279872,-0.014344950863226291,4.393345919001498
2003-05-30,364.5,4.526000022888184,5.898526551448713,-0.013894804832657037,1.5098385522683901,-0.009236885011481899,4.3886879991803225
2003-06-02,366.0,4.500999927520752,5.902633333401366,0.004106781952653016,1.5042995782078743,-0.005538974060515844,4.398333755193492
2003-06-03,365.20001220703125,4.504000186920166,5.900445182146418,-0.0021881512549475346,1.5049659323383133,0.0006663541304390286,4.395479249808105
2003-06-04,362.6000061035156,4.49399995803833,5.893300315153391,-0.007144866993026966,1.5027431644258722,-0.002222767912441137,4.390557150727519
2003-06-05,368.6000061035156,4.49399995803833,5.909712061794365,0.016411746640973668,1.5027431644258722,0.0,4.406968897368493
2003-06-06,363.70001220703125,4.538000106811523,5.896329385556405,-0.013382676237959856,1.5124864098947857,0.009743245468913475,4.3838429756616195
2003-06-09,361.79998779296875,4.511000156402588,5.891091539221472,-0.005237846334932961,1.5065188930976368,-0.0059675167971489085,4.384572646123836
2003-06-10,352.20001220703125,4.4629998207092285,5.8641992307214785,-0.02689230849999369,1.4958211454744295,-0.010697747623207299,4.368378085247049
2003-06-11,355.5,4.493000030517578,5.873525249243295,0.009326018521816692,1.5025206368802726,0.006699491405843139,4.371004612363023
2003-06-12,353.29998779296875,4.5,5.867317519813637,-0.00620772942965786,1.5040773967762742,0.0015567598960015694,4.363240123037363
2003-06-13,356.6000061035156,4.570000171661377,5.8766147225448995,0.00929720273126211,1.5195132424687772,0.015435845692503003,4.357101480076122
2003-06-16,359.0,4.60699987411499,5.883322388488279,0.006707665943379126,1.5275768586290541,0.008063616160276954,4.355745529859225
2003-06-17,363.20001220703125,4.605000019073486,5.894953680336805,0.011631291848526182,1.5271426738491782,-0.0004341847798758902,4.367811006487626
2003-06-18,357.20001220703125,4.554999828338623,5.878295883176563,-0.016657797160242183,1.5162254930255594,-0.01091718082361881,4.362070390151003
2003-06-19,361.29998779296875,4.566999912261963,5.88970860436718,0.011412721190617425,1.5188565149915552,0.002631021965995739,4.370852089375624
2003-06-20,356.29998779296875,4.525000095367432,5.875773038351247,-0.013935566015932821,1.5096175982275648,-0.009238916763990357,4.366155440123682
2003-06-23,353.0,4.554999828338623,5.8664680569332965,-0.009304981417950664,1.5162254930255594,0.006607894797994618,4.350242563907737
2003-06-24,346.29998779296875,4.51200008392334,5.847305416158502,-0.01916264077479468,1.5067405327957886,-0.009484960229770856,4.340564883362713
2003-06-25,349.29998779296875,4.561999797821045,5.855931116865659,0.008625700707157513,1.517761079544143,0.011020546748354398,4.338170037321516
2003-06-26,343.8999938964844,4.519999980926514,5.840350899690283,-0.015580217175376276,1.508511989624342,-0.009249089919801001,4.331838910065941
2003-06-27,345.20001220703125,4.505000114440918,5.844123994571472,0.003773094881188932,1.5051879164633903,-0.003324073160951624,4.338936078108082
2003-06-30,346.0,4.557000160217285,5.846438775057725,0.0023147804862526655,1.516664547440245,0.011476630976854585,4.32977422761748
2003-07-01,351.3999938964844,4.573999881744385,5.861925158383857,0.015486383326132724,1.520388069746716,0.0037235223064711054,4.341537088637141
2003-07-02,351.29998779296875,4.633999824523926,5.861640524523613,-0.00028463386024402126,1.5334203881430983,0.013032318396382303,4.328220136380515
2003-07-03,351.0,4.682000160217285,5.860786223465865,-0.0008543010577479748,1.5437254032885572,0.010305015145458896,4.317060820177308
2003-07-07,348.1000061035156,4.728000164031982,5.852489812351193,-0.008296411114672608,1.5535023147975322,0.009776911508974973,4.298987497553661
2003-07-08,344.1000061035156,4.736000061035156,5.840932330541056,-0.011557481810136494,1.5551929104691953,0.0016905956716630754,4.285739420071861
2003-07-09,343.6000061035156,4.815999984741211,5.839478207873533,-0.0014541226675230945,1.5719437048381666,0.01675079436897131,4.267534503035367
2003-07-10,344.29998779296875,4.808000087738037,5.841513334889841,0.002035127016307925,1.5702812154812502,-0.0016624893569163746,4.271232119408591
2003-07-11,344.79998779296875,4.797999858856201,5.842964503386314,0.0014511684964730875,1.568199135000287,-0.0020820804809631444,4.274765368386027
2003-07-14,347.70001220703125,4.789999961853027,5.851340074121756,0.00837557073544204,1.5665304034589465,-0.0016687315413406179,4.28480967066281
2003-07-15,342.1000061035156,4.651000022888184,5.835103109824879,-0.016236964296877154,1.5370822551630916,-0.029448148295854848,4.298020854661788
2003-07-16,343.1000061035156,4.656000137329102,5.838021967653724,0.002918857828844601,1.5381567399242182,0.0010744847611265929,4.299865227729505
2003-07-17,344.20001220703125,4.670000076293945,5.841222919242375,0.0032009515886510798,1.541159088017839,0.003002348093620766,4.300063831224536
2003-07-18,347.20001220703125,4.723999977111816,5.849901017944695,0.008678098702319836,1.5526558934900305,0.011496805472191562,4.297245124454664
2003-07-21,350.8999938964844,4.74399995803833,5.86050126519528,0.010600247250585504,1.5568806528502157,0.004224759360185182,4.303620612345064
2003-07-22,350.6000061035156,4.783999919891357,5.859645989895906,-0.0008552752993740143,1.5652769999032128,0.008396347052997077,4.294368989992694
2003-07-23,358.6000061035156,5.064000129699707,5.882207578191433,0.02256158829552657,1.6221567104539811,0.05687971055076835,4.260050867737451
2003-07-24,362.20001220703125,5.105000019073486,5.892196579151773,0.009989000960340277,1.6302204553528652,0.008063744898884062,4.261976123798908
2003-07-25,362.70001220703125,5.070000171661377,5.893576079944856,0.0013795007930834657,1.623340851461351,-0.006879603891514208,4.2702352284835055
2003-07-28,364.79998779296875,5.190000057220459,5.899349224737919,0.005773144793062457,1.6467337082029339,0.023392856741582868,4.252615516534985
2003-07-29,361.70001220703125,5.1620001792907715,5.890815172707101,-0.008534052030817918,1.6413241360292328,-0.005409572173701083,4.249491036677869
2003-07-30,356.20001220703125,5.056000232696533,5.875492405125722,-0.015322767581379182,1.620575702868395,-0.020748433160837854,4.254916702257327
2003-07-31,354.0,5.116000175476074,5.869296913133774,-0.006195491991947577,1.6323729180160629,0.011797215147667961,4.236923995117712
2003-08-01,346.1000061035156,5.0929999351501465,5.84672776827642,-0.022569144857354395,1.6278670351693332,-0.004505882846729703,4.218860733107086
2003-08-04,349.20001220703125,5.015999794006348,5.855644858922581,0.008917090646161085,1.6126327622633037,-0.015234272906029522,4.243012096659277
2003-08-05,349.6000061035156,4.935999870300293,5.856789661239949,0.001144802317368132,1.5965552603268085,-0.016077501936495153,4.2602344009131405
2003-08-06,350.79998779296875,4.966000080108643,5.8602162257003325,0.0034265644603834744,1.602614703217397,0.006059442890588462,4.257601522482935
2003-08-07,352.5,5.033999919891357,5.8650506222523235,0.004834396551991027,1.6162148807996073,0.013600177582210327,4.248835741452716
2003-08-08,356.29998779296875,4.98799991607666,5.875773038351247,0.01072241609892366,1.6070350109927418,-0.00917986980686547,4.268738027358506
2003-08-11,361.70001220703125,4.995999813079834,5.890815172707101,0.015042134355853776,1.608637554849366,0.0016025438566242833,4.282177617857735
2003-08-12,358.5,4.857999801635742,5.881928660039675,-0.008886512667426238,1.5806267897474855,-0.028010765101880608,4.301301870292189
2003-08-13,362.1000061035156,5.026000022888184,5.8919204336274795,0.009991773587804786,1.6146244436753565,0.03399765392787102,4.277295989952123
2003-08-14,366.0,5.031000137329102,5.902633333401366,0.010712899773886342,1.6156187988057626,0.0009943551304061327,4.287014534595603
2003-08-15,363.20001220703125,4.922999858856201,5.894953680336805,-0.007679653064561087,1.593918072105781,-0.021700726699981576,4.3010356082310235
2003-08-18,358.3999938964844,4.922999858856201,5.881649664070877,-0.01330401626592792,1.593918072105781,0.0,4.287731591965096
2003-08-19,361.6000061035156,4.991000175476074,5.890538645397212,0.008888981326335532,1.6076363256459718,0.013718253540190739,4.282902319751241
2003-08-20,365.6000061035156,5.01800012588501,5.901539856274512,0.011001210877299883,1.61303147303092,0.0053951473849482845,4.288508383243592
2003-08-21,360.6000061035156,4.940999984741211,5.887769327695217,-0.01377052857929506,1.5975677367754144,-0.015463736255505678,4.290201590919803
2003-08-22,363.1000061035156,4.993000030517578,5.894678295229752,0.006908967534534405,1.6080369376305448,0.010469200855130367,4.286641357599207
2003-08-25,361.29998779296875,4.98799991607666,5.88970860436718,-0.004969690862571596,1.6070350109927418,-0.0010019266378029634,4.282673593374438
2003-08-26,365.79998779296875,4.998000144958496,5.902086702585985,0.012378098218804645,1.6090378614160608,0.002002850423318936,4.293048841169924
2003-08-27,373.5,5.126999855041504,5.922918004572872,0.02083130198688732,1.6345206645280121,0.02548280311195139,4.28839734004486
2003-08-28,370.5,5.127999782562256,5.914853444736141,-0.008064559836730822,1.6347156772163118,0.00019501268829968943,4.280137767519829
2003-08-29,375.70001220703125,5.109000205993652,5.928790985071355,0.013937540335214216,1.6310037306684197,-0.0037119465478920866,4.297787254402936
2003-09-02,373.20001220703125,4.98799991607666,5.922114501682275,-0.006676483389080445,1.6070350109927418,-0.02396871967567793,4.315079490689533
2003-09-03,373.8999938964844,5.059999942779541,5.9239883656591426,0.001873863976867618,1.621366471990983,0.01433146099824123,4.302621893668159
2003-09-04,372.8999938964844,5.015999794006348,5.921310270817075,-0.002678094842067935,1.6126327622633037,-0.008733709727679395,4.308677508553771
2003-09-05,377.6000061035156,5.129000186920166,5.933835450435317,0.012525179618242177,1.6349107448509144,0.022277982587610712,4.298924705584403
2003-09-08,375.1000061035156,5.089000225067139,5.927192673359544,-0.006642777075772877,1.627081391832896,-0.007829353018018459,4.3001112815266485
2003-09-09,381.70001220703125,5.247000217437744,5.944634991731879,0.017442318372334675,1.6576565261449672,0.03057513431207126,4.286978465586912
2003-09-10,380.0,5.247000217437744,5.940171252720432,-0.004463739011447032,1.6576565261449672,0.0,4.282514726575465
2003-09-11,379.70001220703125,5.327000141143799,5.939381499386903,-0.0007897533335281537,1.672788254430788,0.015131728285820767,4.266593244956115
2003-09-12,375.79998779296875,5.198999881744385,5.929057054496577,-0.010324444890326134,1.6484662766557399,-0.024321977775048076,4.280590777840837
2003-09-15,374.5,5.192999839782715,5.925591802957274,-0.0034652515393034378,1.6473115340096327,-0.0011547426461071542,4.278280268947642
2003-09-16,373.5,5.2129998207092285,5.922918004572872,-0.0026737983844018487,1.6511554713929564,0.00384393738332367,4.271762533179915
2003-09-17,376.20001220703125,5.2789998054504395,5.930120949315178,0.007202944742306094,1.663736648987991,0.012581177595034632,4.2663843003271875
2003-09-18,376.6000061035156,5.255000114440918,5.931183632429944,0.0010626831147657612,1.6591800261064438,-0.004556622881547234,4.2720036063235
2003-09-19,381.79998779296875,5.2820000648498535,5.944896879319328,0.013713246889384578,1.6643048261524591,0.005124800046015343,4.2805920531668695
2003-09-22,387.20001220703125,5.264999866485596,5.958941386928845,0.014044507609516366,1.6610811202270772,-0.0032237059253819034,4.297860266701767
2003-09-23,385.8999938964844,5.235000133514404,5.955578252727259,-0.003363134201586071,1.6553668698266841,-0.005714250400393084,4.300211382900574
2003-09-24,387.5,5.302000045776367,5.959715848793402,0.004137596066143168,1.6680841165006262,0.012717246673942029,4.2916317322927755
2003-09-25,385.0,5.214000225067139,5.953243334287785,-0.006472514505617255,1.6513473586772351,-0.016736757823391013,4.30189597561055
2003-09-26,380.79998779296875,5.13700008392334,5.94227427086093,-0.01096906342685422,1.636469267822164,-0.014878090855071191,4.305805003038767
2003-09-29,382.3999938964844,5.070000171661377,5.94646716521617,0.004192894355239396,1.623340851461351,-0.013128416360812967,4.323126313754819
2003-09-30,385.3999938964844,5.13700008392334,5.954281740143433,0.007814574927262896,1.636469267822164,0.013128416360812967,4.317812472321268
2003-10-01,384.29998779296875,5.099999904632568,5.95142346580647,-0.0028582743369627295,1.6292405210307834,-0.007228746791380525,4.322182944775687
2003-10-02,383.1000061035156,5.09499979019165,5.948296067638515,-0.003127398167954709,1.6282596254954234,-0.0009808955353600712,4.320036442143092
2003-10-03,369.3999938964844,4.829999923706055,5.911880051242358,-0.036416016396157325,1.5748464518686334,-0.05341317362678999,4.337033599373725
2003-10-06,372.70001220703125,4.809999942779541,5.920773839238181,0.008893787995822855,1.5706970722215243,-0.004149379647109042,4.350076767016656
2003-10-07,377.20001220703125,4.875,5.9327755831215265,0.012001743883345739,1.5841201044498106,0.013423032228286225,4.348655478671716
2003-10-08,375.3999938964844,4.864999771118164,5.92799210789371,-0.004783475227816858,1.5820666685913412,-0.002053435858469399,4.345925439302368
2003-10-09,369.20001220703125,4.836999893188477,5.9113385356921615,-0.016653572201548172,1.5762946717586621,-0.005771996832679038,4.3350438639335
2003-10-10,373.6000061035156,4.90500020980835,5.923185722691721,0.011847186999559334,1.5902551357917087,0.013960464033046627,4.332930586900012
2003-10-13,375.20001220703125,4.974999904632568,5.927459249666801,0.004273526975079989,1.604425351441223,0.014170215649514262,4.323033898225578
2003-10-14,375.70001220703125,4.927000045776367,5.928790985071355,0.001331735404554557,1.594730292852747,-0.00969505858847608,4.334060692218609
2003-10-15,372.6000061035156,4.941999912261963,5.920505474548367,-0.008285510522988204,1.5977700898128695,0.003039796960122576,4.3227353847354975
2003-10-16,372.70001220703125,4.916999816894531,5.920773839238181,0.00026836468981361605,1.592698551190536,-0.005071538622333449,4.3280752880476445
2003-10-17,371.79998779296875,4.934999942779541,5.918356042455091,-0.0024177967830896208,1.5963526612906203,0.003654110100084207,4.322003381164471
2003-10-20,374.0,5.0,5.924255797414532,0.005899754959441061,1.6094379124341003,0.013085251143480026,4.314817884980432
2003-10-21,381.70001220703125,5.063000202178955,5.944634991731879,0.02037919431734636,1.621959232920411,0.012521320486310827,4.322675758811467
2003-10-22,386.5,5.130000114440918,5.957131868027477,0.01249687629559837,1.6351056814908491,0.013146448570438007,4.322026186536628
2003-10-23,384.70001220703125,5.166999816894531,5.952463841489549,-0.004668026537927972,1.642292213867565,0.0071865323767159595,4.310171627621984
2003-10-24,388.8999938964844,5.159999847412109,5.963322225467396,0.010858383977846664,1.6409365499221742,-0.0013556639453908836,4.322385675545221
2003-10-27,387.8999938964844,5.186999797821045,5.960747558711156,-0.0025746667562396297,1.646155456391249,0.005218906469074858,4.3145921023199065
2003-10-28,383.20001220703125,5.0920000076293945,5.9485570779522146,-0.012190480758941469,1.62767068219347,-0.01848477419777894,4.320886395758745
2003-10-29,386.79998779296875,5.138999938964844,5.957907732020113,0.009350654067898034,1.6368584961332378,0.009187813939767642,4.321049235886875
2003-10-30,384.29998779296875,5.129000186920166,5.95142346580647,-0.00648426621364262,1.6349107448509144,-0.0019477512823233845,4.316512720955556
2003-10-31,384.5,5.059000015258789,5.951943788945699,0.0005203231392290064,1.6211688383259661,-0.013741906524948222,4.330774950619733
2003-11-03,377.0,4.921000003814697,5.932245187448011,-0.019698601497688095,1.5935117626590285,-0.027657075666937647,4.338733424788982
2003-11-04,379.8999938964844,5.02400016784668,5.939908044127469,0.0076628566794578745,1.61422646257487,0.020714699915841406,4.325681581552599
2003-11-05,382.6000061035156,4.979000091552734,5.946990072958886,0.007082028831416842,1.605229086047821,-0.008997376527048795,4.341760986911065
2003-11-06,380.6000061035156,4.951000213623047,5.941748970898612,-0.005241102060273839,1.5995896195267394,-0.005639466521081715,4.342159351371873
2003-11-07,383.29998779296875,5.052000045776367,5.9488179405393105,0.007068969640698697,1.6197842135492833,0.020194594022543866,4.329033726990027
2003-11-10,386.6000061035156,5.085999965667725,5.9573905825619065,0.008572642022596,1.6264916602495787,0.0067074467002954385,4.330898922312327
2003-11-11,388.1000061035156,5.063000202178955,5.961263054101518,0.003872471539611233,1.621959232920411,-0.004532427329167588,4.339303821181106
2003-11-12,394.8999938964844,5.330999851226807,5.9786325528367525,0.017369498735234856,1.6735388099334405,0.0515795770130294,4.305093742903312
2003-11-13,394.1000061035156,5.290999889373779,5.976604699688184,-0.0020278531485686813,1.666007243013618,-0.0075315669198225965,4.310597456674566
2003-11-14,397.79998779296875,5.410999774932861,5.985949335733518,0.009344636045334198,1.6884338770662268,0.022426634052608918,4.2975154586672915
2003-11-17,391.5,5.2230000495910645,5.969985515430857,-0.015963820302660636,1.653071958948909,-0.035361918117317925,4.316913556481948
2003-11-18,397.6000061035156,5.36299991607666,5.985446490133313,0.015460974702455665,1.679523504352207,0.026451545403298082,4.305922985781106
2003-11-19,394.8999938964844,5.265999794006348,5.9786325528367525,-0.006813937296560546,1.6612710219564464,-0.018252482395760605,4.317361530880306
2003-11-20,393.70001220703125,5.257999897003174,5.975589228955613,-0.0030433238811395924,1.6597507067190955,-0.0015203152373508555,4.315838522236517
2003-11-21,396.0,5.290999889373779,5.981414211254481,0.005824982298867631,1.666007243013618,0.006256536294522386,4.315406968240863
2003-11-24,391.5,5.241000175476074,5.969985515430857,-0.011428695823623158,1.6565123533014394,-0.00949488971217849,4.313473162129418
2003-11-25,391.1000061035156,5.297999858856201,5.968963297367491,-0.0010222180633663314,1.667329364208919,0.010817010907479663,4.301633933158572
2003-11-26,396.79998779296875,5.355000019073486,5.98343234464703,0.014469047279538572,1.6780307074615208,0.010701343252601747,4.305401637185509
2003-12-01,402.70001220703125,5.445000171661377,5.998191898170374,0.014759553523344238,1.694697787911347,0.01666708044982612,4.303494110259027
2003-12-02,403.70001220703125,5.495999813079834,6.0006720580967725,0.0024801599263986063,1.7040205209098283,0.009322732998481298,4.2966515371869445
2003-12-03,403.8999938964844,5.4679999351501465,6.001167307457915,0.0004952493611423137,1.6989129070018176,-0.005107613908010622,4.302254400456097
2003-12-04,403.29998779296875,5.452000141143799,5.999680671611454,-0.0014866358464606932,1.6959825397227302,-0.0029303672790874646,4.303698131888724
2003-12-05,406.3999938964844,5.4720001220703125,6.007337881245779,0.007657209634325035,1.6996442026284202,0.003661662905690033,4.307693678617359
2003-12-08,406.6000061035156,5.539999961853027,6.007829916205352,0.0004920349595725071,1.7119944938734573,0.01235029124503706,4.295835422331894
2003-12-09,408.20001220703125,5.635000228881836,6.011757280280279,0.003927364074927553,1.7289971881096333,0.017002694236176064,4.282760092170646
2003-12-10,406.20001220703125,5.599999904632568,6.00684567919806,-0.004911601082219441,1.722766580711205,-0.0062306073984284005,4.284079098486854
2003-12-11,404.6000061035156,5.578999996185303,6.002898939818953,-0.00394673937910639,1.7190095481796313,-0.0037570325315736675,4.283889391639322
2003-12-12,409.3999938964844,5.622000217437744,6.014692658318748,0.011793718499794714,1.7266875111605657,0.007677962980934483,4.288005147158183
2003-12-15,409.20001220703125,5.638999938964844,6.014204063908926,-0.0004885944098225181,1.7297067340012897,0.0030192228407239785,4.284497329907635
2003-12-16,407.70001220703125,5.629000186920166,6.010531639766417,-0.003672424142508568,1.727931839688527,-0.001774894312762676,4.2825998000778895
2003-12-17,412.0,5.691999912261963,6.021023349349527,0.010491709583109632,1.7390616648133337,0.011129825124806647,4.281961684536193
2003-12-18,410.3999938964844,5.711999893188477,6.0171322789844455,-0.003891070365081184,1.7425692063377867,0.003507541524452984,4.274563072646659
2003-12-19,409.20001220703125,5.7220001220703125,6.014204063908926,-0.00292821507551988,1.7443184159614227,0.0017492096236360055,4.269885647947503
2003-12-22,410.6000061035156,5.709000110626221,6.0176195194497035,0.003415455540777934,1.7420438963596347,-0.0022745196017879277,4.275575623090068
2003-12-23,411.0,5.735000133514404,6.018593214496234,0.0009736950465306649,1.7465877738619622,0.004543877502327431,4.272005440634272
2003-12-24,412.29998779296875,5.78000020980835,6.021751210105696,0.003157995609461395,1.754403718983308,0.007815945121345758,4.267347491122388
2003-12-29,414.79998779296875,5.916999816894531,6.027796446926656,0.006045236820960476,1.7778295327488969,0.023425813765588943,4.249966914177759
2003-12-30,416.8999938964844,5.982999801635742,6.032846370246512,0.005049923319855765,1.7889220812532465,0.011092548504349597,4.243924288993266
2003-12-31,415.70001220703125,5.953000068664551,6.029963875623593,-0.0028824946229191184,1.7838953057056979,-0.005026775547548601,4.246068569917895
2004-01-05,424.3999938964844,6.232999801635742,6.050676392358311,0.020712516734718633,1.8298577260018682,0.04596242029617037,4.220818666356443
2004-01-06,422.79998779296875,6.315999984741211,6.046899225124201,-0.003777167234110479,1.8430860939775013,0.013228367975633093,4.203813131146699
2004-01-07,421.8999938964844,6.250999927520752,6.044768304663558,-0.0021309204606430043,1.8327414393548507,-0.010344654622650662,4.212026865308707
2004-01-08,424.0,6.261000156402588,6.049733455231958,0.0049651505683998565,1.8343399417436215,0.001598502388770795,4.215393513488336
2004-01-09,426.3999938964844,6.485000133514404,6.0553778585375735,0.005644403305615775,1.8694918383565957,0.03515189661297424,4.185886020180978
2004-01-12,426.29998779296875,6.605000019073486,6.055143295136327,-0.0002345634012463904,1.8878269408620232,0.01833510250542747,4.167316354274304
2004-01-13,423.70001220703125,6.586999893188477,6.049025686443066,-0.006117608693260834,1.885097993443052,-0.002728947418971117,4.163927693000014
2004-01-14,421.70001220703125,6.421999931335449,6.044294189699706,-0.00473149674335982,1.8597295849752402,-0.025368408467811854,4.184564604724466
2004-01-15,408.3999938964844,6.204999923706055,6.012247071345565,-0.03204711835414109,1.8253554063610111,-0.03437417861422909,4.186891664984554
2004-01-16,406.70001220703125,6.322000026702881,6.008075842928008,-0.004171228417557238,1.8440356180172288,0.018680211656217693,4.16404022491078
2004-01-20,412.70001220703125,6.315000057220459,6.022720966336998,0.014645123408989491,1.842927764863493,-0.0011078531537358494,4.179793201473505
2004-01-21,411.1000061035156,6.199999809265137,6.018836508750623,-0.003884457586374346,1.8245492612873577,-0.01837850357613524,4.194287247463265
2004-01-22,410.0,6.3420000076293945,6.016157159698354,-0.0026793490522694086,1.8471941773191507,0.022644916031792972,4.168962982379203
2004-01-23,407.8999938964844,6.355000019073486,6.011022031360248,-0.005135128338105588,1.8492419076427526,0.0020477303236019484,4.161780123717495
2004-01-26,406.6000061035156,6.307000160217285,6.007829916205352,-0.003192115154896591,1.8416601530846033,-0.007581754558149356,4.166169763120749
2004-01-27,410.0,6.550000190734863,6.016157159698354,0.008327243493002179,1.8794650787669867,0.03780492568238336,4.136692080931367
2004-01-28,414.5,6.625,6.02707297457535,0.010915814876995888,1.890850371872286,0.011385293105299343,4.1362226027030635
2004-01-29,398.5,6.22599983215332,5.98770749823027,-0.03936547634507992,1.8287340450604248,-0.06211632681186119,4.158973453169845
2004-01-30,402.20001220703125,6.245999813079834,5.996949507689201,0.009242009458930944,1.831941228934507,0.0032071838740821423,4.165008278754694
2004-02-02,398.70001220703125,6.039999961853027,5.988209285004393,-0.008740222684807897,1.7984040056309996,-0.03353722330350739,4.1898052793733935
2004-02-03,399.20001220703125,6.120999813079834,5.989462575016044,0.001253290011651309,1.8117254513314114,0.013321445700411827,4.177737123684633
2004-02-04,401.0,6.144999980926514,5.993961427306569,0.004498852290525157,1.8156387399140947,0.003913288582683361,4.178322687392475
2004-02-05,398.1000061035156,6.119999885559082,5.9867032453378854,-0.0072581819686838855,1.811562077824738,-0.004076662089356642,4.175141167513147
2004-02-06,403.6000061035156,6.275000095367432,6.000424303602139,0.013721058264253294,1.8365735002158445,0.02501142239110643,4.163850803386294
2004-02-09,406.79998779296875,6.425000190734863,6.008321634166953,0.007897330564814453,1.8601966604676432,0.02362316025179867,4.14812497369931
2004-02-10,406.3999938964844,6.385000228881836,6.007337881245779,-0.0009837529211740303,1.8539515253313048,-0.006245135136338398,4.153386355914474
2004-02-11,410.20001220703125,6.554999828338623,6.01664487539701,0.009306994151231152,1.8802280910278097,0.02627656569650494,4.1364167843692
2004-02-12,413.70001220703125,6.617000102996826,6.02514110297433,0.008496227577319715,1.889642110595409,0.009414019567599352,4.1354989923789205
2004-02-13,410.29998779296875,6.578999996185303,6.016888569696662,-0.00825253327766795,1.8838827575240316,-0.005759353071377538,4.13300581217263
2004-02-17,416.0,6.7769999504089355,6.030685260261263,0.0137966905646012,1.9135345188364217,0.029651761312390112,4.117150741424842
2004-02-18,412.29998779296875,6.697000026702881,6.021751210105696,-0.008934050155567697,1.901659668915203,-0.011874849921218678,4.120091541190493
2004-02-19,409.79998779296875,6.65500020980835,6.015669206017021,-0.006082004088674431,1.895368483373498,-0.006291185541704936,4.120300722643523
2004-02-20,397.5,6.53000020980835,5.985194934094387,-0.03047427192263452,1.8764069754182549,-0.018961507955243206,4.108787958676132
2004-02-23,399.0,6.486999988555908,5.988961416889864,0.0037664827954770885,1.8698001724667606,-0.006606802951494295,4.119161244423103
2004-02-24,404.5,6.61899995803833,6.002651736498547,0.013690319608683055,1.8899442947972072,0.0201441223304466,4.11270744170134
2004-02-25,395.79998779296875,6.5320000648498535,5.980909002327052,-0.02174273417149486,1.8767131850362428,-0.01323110976096431,4.104195817290809
2004-02-26,395.79998779296875,6.708000183105469,5.980909002327052,0.0,1.9033008712575437,0.02658768622130081,4.077608131069509
2004-02-27,396.3999938964844,6.696000099182129,5.982423787058467,0.0015147847314151974,1.90151034799932,-0.0017905232582235975,4.080913439059147
2004-03-01,399.29998779296875,6.927999973297119,5.989712983498098,0.007289196439630885,1.935571167405792,0.03406081940647199,4.054141816092306
2004-03-02,393.5,6.710000038146973,5.975081067857458,-0.014631915640640258,1.9035989566686833,-0.031972210737108764,4.071482111188774
2004-03-03,392.3999938964844,6.743000030517578,5.972281712136887,-0.002799355720570773,1.908504934278261,0.004905977609577672,4.063776777858626
2004-03-04,392.8999938964844,6.758999824523926,5.973555111029887,0.001273398892999822,1.9108749241563772,0.0023699898781162076,4.06268018687351
2004-03-05,401.29998779296875,6.980999946594238,5.994709246854153,0.021154135824266618,1.943192165338105,0.03231724118172785,4.051517081516049
2004-03-08,400.6000061035156,6.973999977111816,5.992963438467653,-0.0017458083865005136,1.9421889449715288,-0.0010032203665761852,4.0507744934961245
2004-03-09,404.20001220703125,7.165999889373779,6.001909835169993,0.008946396702340209,1.969347603445109,0.027158658473580122,4.032562231724884
2004-03-10,400.0,7.171000003814697,5.991464547107982,-0.010445288062011393,1.9700451154323995,0.0006975119872905111,4.021419431675582
2004-03-11,400.70001220703125,7.181000232696533,5.993213048106364,0.0017485009983824185,1.9714386815326548,0.0013935661002553168,4.021774366573709
2004-03-12,395.29998779296875,7.051000118255615,5.979644939422216,-0.01356810868414815,1.9531694675083706,-0.018269214024284164,4.026475471913845
2004-03-15,399.3999938964844,7.127999782562256,5.989963405700003,0.010318466277786875,1.9640306596637738,0.010861192155403154,4.025932746036229
2004-03-16,402.3999938964844,7.15500020980835,5.997446603617747,0.0074831979177441,1.967811442331733,0.003780782667959226,4.029635161286014
2004-03-17,406.8999938964844,7.248000144958496,6.008567440007606,0.011120836389858724,1.9807255887404704,0.012914146408737448,4.0278418512671355
2004-03-18,411.1000061035156,7.453000068664551,6.018836508750623,0.010269068743017584,2.008616645112565,0.027891056372094658,4.010219863638058
2004-03-19,412.5,7.551000118255615,6.022236205774735,0.003399697024112136,2.0216800204822096,0.013063375369644525,4.000556185292526
2004-03-22,417.3999938964844,7.618000030517578,6.034044980020399,0.0118087742456634,2.030513872062395,0.00883385158018557,4.003531107958004
2004-03-23,419.79998779296875,7.697999954223633,6.039778378308325,0.005733398287926406,2.040960548915027,0.010446676852631676,3.9988178293932983
2004-03-24,417.20001220703125,7.639999866485596,6.03356575238604,-0.00621262592228522,2.0333975857027218,-0.007562963212305096,4.000168166683318
2004-03-25,416.70001220703125,7.5920000076293945,6.0323665677229386,-0.001199184663101427,2.027095062312552,-0.006302523390169679,4.005271505410386
2004-03-26,422.1000061035156,7.706999778747559,6.045242267248334,0.012875699525395135,2.0421289780878706,0.01503391577531854,4.0031132891604635
2004-03-29,417.1000061035156,7.614999771118164,6.033326015836119,-0.011916251412214862,2.030119956290416,-0.012009021797454444,4.003206059545702
2004-03-30,421.70001220703125,7.765999794006348,6.044294189699706,0.010968173863587616,2.0497552047844105,0.01963524849399434,3.994538984915296
2004-03-31,427.29998779296875,7.935999870300293,6.057486314082155,0.013192124382448434,2.0714093536393623,0.02165414885495176,3.9860769604427926
2004-04-01,427.79998779296875,8.138999938964844,6.05865576811387,0.0011694540317153113,2.096667314845807,0.025257961206444524,3.9619884532680634
2004-04-02,421.6000061035156,8.145999908447266,6.044057011704182,-0.014598756409688107,2.09752699798724,0.000859683141433365,3.946530013716942
2004-04-05,415.3999938964844,8.107999801635742,6.029241896748907,-0.0148151149552751,2.0928512041245018,-0.00467579386273842,3.936390692624405
2004-04-06,418.8999938964844,8.211000442504883,6.037632213382649,0.00839031663374179,2.1054747726183667,0.012623568493864923,3.932157440764282
2004-04-07,422.79998779296875,8.1850004196167,6.046899225124201,0.00926701174155209,2.1023032620896456,-0.003171510528721111,3.9445959630345553
2004-04-08,419.8999938964844,8.085000038146973,6.040016573154507,-0.006882651969694287,2.0900104977473104,-0.012292764342335172,3.950006075407196
2004-04-12,420.1000061035156,8.024999618530273,6.0404927927040575,0.00047621954955090473,2.08256162148091,-0.00744887626640045,3.9579311712231475
2004-04-13,407.0,7.445000171661377,6.008813185442595,-0.031679607261462905,2.0075426891932424,-0.07501893228766754,4.001270496249353
2004-04-14,399.79998779296875,7.0,5.9909643915334545,-0.01784879390914007,1.9459101490553132,-0.06163254013792918,4.045054242478141
2004-04-15,397.70001220703125,7.072999954223633,5.9856979829077135,-0.005266408625741015,1.9562847115818653,0.010374562526552111,4.029413271325848
2004-04-16,401.0,7.139999866485596,5.993961427306569,0.008263444398855846,1.9657127576519964,0.009428046070131035,4.028248669654573
2004-04-19,400.6000061035156,7.204999923706055,5.992963438467653,-0.0009979888389164415,1.9747752188624577,0.009062461210461281,4.018188219605195
2004-04-20,397.70001220703125,6.940000057220459,5.9856979829077135,-0.007265455559939404,1.937301782763736,-0.03747343609872167,4.048396200143977
2004-04-21,390.79998779296875,6.164999961853027,5.9681958889326205,-0.017502093975092947,1.8188881304286397,-0.11841365233509626,4.149307758503981
2004-04-22,393.29998779296875,6.0229997634887695,5.974572648400308,0.006376759467687343,1.7955854347935722,-0.023302695635067483,4.178987213606735
2004-04-23,395.1000061035156,6.1579999923706055,5.9791389128653725,0.0045662644650645845,1.8177520482633682,0.02216661346979598,4.1613868646020045
2004-04-26,396.0,6.168000221252441,5.981414211254481,0.0022752983891081158,1.819374672132046,0.0016226238686778416,4.162039539122435
2004-04-27,398.6000061035156,6.230000019073486,5.987958423091077,0.006544211836596148,1.8293763358609165,0.010001663728870458,4.15858208723016
2004-04-28,385.3999938964844,5.867000102996826,5.954281740143433,-0.03367668294764403,1.7693434474990024,-0.060032888361914116,4.18493829264443
2004-04-29,386.6000061035156,5.820000171661377,5.9573905825619065,0.003108842418473756,1.761300291238428,-0.008043156260574502,4.196090291323479
2004-04-30,387.0,6.078000068664551,5.958424693029782,0.001034110467875493,1.804675705791829,0.043375414553401104,4.153748987237953
2004-05-03,387.0,6.015999794006348,5.958424693029782,0.0,1.794422552406572,-0.010253153385257008,4.16400214062321
2004-05-04,391.3999938964844,6.0370001792907715,5.9697300393679145,0.011305346338132516,1.7979072295129421,0.0034846771063701265,4.171822809854972
2004-05-05,393.3999938964844,6.104000091552734,5.974826890440176,0.0050968510722615434,1.8089443089809654,0.011037079468023236,4.16588258145921
2004-05-06,388.0,5.818999767303467,5.961005339623274,-0.013821550816902395,1.761128385685439,-0.04781592329552642,4.199876953937835
2004-05-07,378.70001220703125,5.589000225067139,5.936744367141789,-0.02426097248148462,1.7208004205572218,-0.040327965128217125,4.215943946584567
2004-05-10,378.29998779296875,5.75600004196167,5.935687499370859,-0.0010568677709299479,1.750242796315196,0.02944237575797426,4.185444703055663
2004-05-11,376.8999938964844,5.513999938964844,5.931979884079097,-0.00370761529176189,1.7072903015324798,-0.04295249478271623,4.224689582546617
2004-05-12,377.3999938964844,5.556000232696533,5.9333056167619125,0.0013257326828153282,1.714878466774122,0.007588165241642075,4.21842714998779
2004-05-13,374.79998779296875,5.60699987411499,5.926392517794813,-0.0069130989670993515,1.7240157946901336,0.009137327916011628,4.202376723104679
2004-05-14,377.0,5.7210001945495605,5.932245187448011,0.005852669653197751,1.744143649292607,0.02012785460247346,4.188101538155404
2004-05-17,379.5,5.668000221252441,5.938854596835685,0.00660940938767407,1.734836360863797,-0.009307288428810123,4.204018235971888
2004-05-18,375.79998779296875,5.672999858856201,5.929057054496577,-0.009797542339107679,1.7357180534645076,0.0008816926007106929,4.1933390010320695
2004-05-19,382.8999938964844,5.920000076293945,5.947773842543015,0.018716788046437394,1.778336461783405,0.042618408318897405,4.16943738075961
2004-05-20,378.3999938964844,5.7729997634887695,5.935951821047925,-0.011822021495089707,1.7531918351102818,-0.025144626673123227,4.182759985937643
2004-05-21,384.79998779296875,5.86299991607666,5.952723687068497,0.016771866020572013,1.7686614036680168,0.01546956855773507,4.18406228340048
2004-05-24,385.6000061035156,5.989999771118164,5.95480057856501,0.0020768914965128005,1.7900913739167001,0.021429970248683317,4.164709204648309
2004-05-25,388.29998779296875,6.078000068664551,5.961778205300507,0.006977626735497289,1.804675705791829,0.014584331875128864,4.157102499508678
2004-05-26,388.29998779296875,6.047999858856201,5.961778205300507,0.0,1.7997276155399633,-0.004948090251865711,4.162050589760543
2004-05-27,394.8999938964844,6.190000057220459,5.9786325528367525,0.016854347536245484,1.8229350959405206,0.023207480400557312,4.155697456896232
2004-05-28,394.0,6.105000019073486,5.976350909297934,-0.0022816435388186562,1.8091081106869082,-0.013826985253612367,4.167242798611026
2004-06-01,394.6000061035156,6.050000190734863,5.977872609056116,0.0015216997581823932,1.8000583035691733,-0.009049807117734954,4.177814305486943
2004-06-02,390.70001220703125,5.833000183105469,5.967940033305026,-0.009932575751090411,1.7635314791628027,-0.03652682440637056,4.204408554142223
2004-06-03,388.1000061035156,5.728000164031982,5.961263054101518,-0.006676979203508182,1.7453664582952124,-0.01816502086759031,4.2158965958063055
2004-06-04,390.8999938964844,5.802999973297119,5.968451757184901,0.007188703083383707,1.7583750206069064,0.013008562311694005,4.210076736577995
2004-06-07,393.79998779296875,5.894000053405762,5.9758431352069765,0.0073913780220751235,1.7739348933765415,0.015559872769635108,4.201908241830435
2004-06-08,391.0,5.763999938964844,5.968707559985366,-0.007135575221610679,1.7516316675482477,-0.022303225828293805,4.217075892437118
2004-06-09,384.5,5.627999782562256,5.951943788945699,-0.016763771039666864,1.7277541006171482,-0.023877566931099548,4.224189688328551
2004-06-10,385.8999938964844,5.744999885559082,5.955578252727259,0.003634463781559738,1.7483298913806287,0.020575790763480484,4.20724836134663
2004-06-14,383.6000061035156,5.65500020980835,5.949600358920429,-0.005977893806830004,1.7325401466694712,-0.01578974471115746,4.217060212250957
2004-06-15,388.1000061035156,5.73199987411499,5.961263054101518,0.011662695181088978,1.74606448800413,0.013524341334658851,4.215198566097388
2004-06-16,384.6000061035156,5.7220001220703125,5.952203849024454,-0.009059205077063481,1.7443184159614227,-0.0017460720427073806,4.207885433063032
2004-06-17,388.8999938964844,5.921999931335449,5.963322225467396,0.011118376442941447,1.778674218084575,0.03435580212315226,4.184648007382821
2004-06-18,395.1000061035156,5.980999946594238,5.9791389128653725,0.015816687397976814,1.7885877691331837,0.009913551048608804,4.190551143732189
2004-06-21,394.0,5.857999801635742,5.976350909297934,-0.0027880035674385795,1.7678082145434282,-0.020779554589755556,4.208542694754506
2004-06-22,395.0,5.864999771118164,5.978885764901122,0.002534855603188113,1.769002443080402,0.0011942285369739292,4.20988332182072
2004-06-23,395.0,5.873000144958496,5.978885764901122,0.0,1.7703656012225713,0.0013631581421691408,4.208520163678551
2004-06-24,403.1000061035156,6.172999858856201,5.999184685264563,0.020298920363440942,1.8201849205470577,0.049819319324486466,4.1789997647175054
2004-06-25,402.8999938964844,6.125,5.998688377048342,-0.0004963082162205978,1.8123787564307907,-0.007806164116267,4.186309620617552
2004-06-28,401.0,5.896999835968018,5.993961427306569,-0.004726949741773012,1.774443719202192,-0.0379350372285987,4.2195177081043775
2004-06-29,392.5,5.853000164031982,5.972536537222463,-0.02142489008410653,1.7669543783343666,-0.007489340867825378,4.205582158888096
2004-06-30,392.6000061035156,5.776000022888184,5.972791297388758,0.00025476016629522036,1.7537114055531609,-0.013242972781205786,4.219079891835597
2004-07-01,396.0,5.934999942779541,5.981414211254481,0.008622913865722559,1.780867018420442,0.027155612867281187,4.200547192834039
2004-07-02,398.29998779296875,5.998000144958496,5.987205459539767,0.005791248285285988,1.7914261044946223,0.010559086074180213,4.195779355045144
2004-07-06,392.6000061035156,5.964000225067139,5.972791297388758,-0.014414162151008547,1.7857414346401068,-0.005684669854515434,4.187049862748651
2004-07-07,402.29998779296875,6.110000133514404,5.997198048612637,0.024406751223878587,1.8099267950352884,0.0241853603951816,4.187271253577348
2004-07-08,407.79998779296875,6.420000076293945,6.010776828206486,0.013578779593849788,1.8594181295856618,0.049491334550373356,4.151358698620824
2004-07-09,407.5,6.460999965667725,6.010040932680917,-0.0007358955255689636,1.8657840992622572,0.006365969676595418,4.144256833418661
2004-07-12,408.1000061035156,6.5279998779296875,6.011512257367691,0.0014713246867739116,1.8761005989623094,0.010316499700052217,4.135411658405382
2004-07-13,402.0,6.377999782562256,5.996452088619021,-0.015060168748670222,1.852854534496027,-0.023246064466282412,4.143597554122994
2004-07-14,405.3999938964844,6.5980000495910645,6.00487421896236,0.008422130343339163,1.886766580322465,0.03391204582643792,4.118107638639895
2004-07-15,404.20001220703125,6.6519999504089355,6.001909835169993,-0.0029643837923671867,1.8949175538756204,0.008150973553155527,4.106992281294373
2004-07-16,406.6000061035156,6.711999893188477,6.007829916205352,0.005920081035358571,1.9038969532513883,0.00897939937576786,4.103932962953963
2004-07-19,405.6000061035156,6.586999893188477,6.0053674673250885,-0.002462448880263146,1.885097993443052,-0.018798959808336235,4.120269473882036
2004-07-20,401.8999938964844,6.598999977111816,5.996203286268503,-0.009164181056585896,1.8869181189328526,0.0018201254898004837,4.10928516733565
2004-07-21,397.1000061035156,6.396999835968018,5.984188153507429,-0.012015132761074021,1.8558291048259834,-0.03108901410686915,4.128359048681445
2004-07-22,395.20001220703125,6.418000221252441,5.979391996761949,-0.004796156745479507,1.859106577161401,0.0032774723354176416,4.120285419600548
2004-07-23,390.5,6.334000110626221,5.967427969279741,-0.011964027482208373,1.8459319655819075,-0.013174611579493511,4.121496003697834
2004-07-26,390.29998779296875,6.234000205993652,5.966915642910547,-0.0005123263691935165,1.8300182143887207,-0.01591375119318683,4.136897428521826
2004-07-27,387.0,6.236999988555908,5.958424693029782,-0.008490949880765264,1.8304992957091144,0.0004810813203937059,4.127925397320667
2004-07-28,389.0,6.36299991607666,5.963579343618446,0.005154650588663934,1.8504999510613827,0.02000065535226825,4.113079392557063
2004-07-29,387.0,6.34499979019165,5.958424693029782,-0.005154650588663934,1.8476670680996288,-0.0028328829617538798,4.110757624930153
2004-07-30,391.0,6.550000190734863,5.968707559985366,0.010282866955583891,1.8794650787669867,0.03179801066735788,4.089242481218379
2004-08-02,391.70001220703125,6.610000133514404,5.970496271836021,0.0017887118506552113,1.8885836740624455,0.009118595295458887,4.0819125977735755
2004-08-03,394.0,6.675000190734863,5.976350909297934,0.005854637461912837,1.8983692328608242,0.009785558798378613,4.07798167643711
2004-08-04,392.20001220703125,6.7270002365112305,5.9717719448867514,-0.00457896441118244,1.9061293142019682,0.007760081341144032,4.065642630684783
2004-08-05,392.29998779296875,6.739999771118164,5.972026822098934,0.00025487721218286907,1.9080598909654858,0.0019305767635175997,4.063966931133448
2004-08-06,399.79998779296875,6.767000198364258,5.9909643915334545,0.018937569434520185,1.912057886563559,0.003997995598073123,4.078906504969895
2004-08-09,400.70001220703125,6.729000091552734,5.993213048106364,0.002248656572909624,1.9064265578118778,-0.005631328751681153,4.086786490294486
2004-08-10,400.0,6.714000225067139,5.991464547107982,-0.0017485009983824185,1.9041949320799068,-0.0022316257319709987,4.087269615028075
2004-08-11,395.5,6.519000053405762,5.980150787207709,-0.011313759900272835,1.8747209981347266,-0.029473933945180164,4.105429789072982
2004-08-12,394.29998779296875,6.548999786376953,5.9771120099248405,-0.003038777282868388,1.8793123336167303,0.004591335482003744,4.09779967630811
2004-08-13,398.8999938964844,6.617000102996826,5.988710743610494,0.011598733685653784,1.889642110595409,0.010329776978678762,4.099068633015085
2004-08-16,402.8999938964844,6.730000019073486,5.998688377048342,0.009977633437848077,1.9065751464907355,0.016933035895326354,4.092113230557607
2004-08-17,404.3999938964844,6.7230000495910645,6.002404472053548,0.003716095005205311,1.9055344908632292,-0.001040655627506215,4.096869981190318
2004-08-18,404.29998779296875,6.829999923706055,6.002157146453722,-0.00024732559982609814,1.921324662412282,0.01579017154905271,4.08083248404144
2004-08-19,407.1000061035156,6.815000057220459,6.009058870501602,0.006901724047880364,1.9191260735447482,-0.0021985888675337684,4.0899327969568535
2004-08-20,413.20001220703125,6.866000175476074,6.023931766788153,0.014872896286551196,1.9265817205927493,0.007455647048001168,4.0973500461954036
2004-08-23,410.5,6.741000175476074,6.017375928892483,-0.006555837895669825,1.9082083079024652,-0.01837341269028414,4.109167620990018
2004-08-24,403.0,6.573999881744385,5.998936561946683,-0.018439366945800728,1.8831224572536467,-0.02508585064881852,4.115814104693036
2004-08-25,407.8999938964844,6.610000133514404,6.011022031360248,0.012085469413565697,1.8885836740624455,0.005461216808798852,4.122438357297803
2004-08-26,407.3999938964844,6.675000190734863,6.0097954888110765,-0.0012265425491717608,1.8983692328608242,0.009785558798378613,4.111426255950253
2004-08-27,403.29998779296875,6.5879998207092285,5.999680671611454,-0.010114817199622372,1.8852497851006438,-0.01311944776018037,4.11443088651081
2004-08-30,407.79998779296875,6.704999923706055,6.010776828206486,0.01109615659503227,1.9028535053549773,0.017603720254333544,4.107923322851509
2004-08-31,410.3999938964844,6.770999908447266,6.0171322789844455,0.006355450777959071,1.9126487729822064,0.009795267627229043,4.104483506002239
2004-09-01,408.79998779296875,6.793000221252441,6.01322600902885,-0.003906269955595398,1.9158927027798167,0.0032439297976103454,4.097333306249033
2004-09-02,406.0,6.76800012588501,6.0063531596017325,-0.006872849427117522,1.912205640903953,-0.003687061875863762,4.094147518697779
2004-09-03,400.5,6.552999973297119,5.992713766508414,-0.013639393093318297,1.8799229559824504,-0.03228268492150255,4.112790810525964
2004-09-07,397.3999938964844,6.198999881744385,5.9849433147590965,-0.007770451749317786,1.824387969643219,-0.055534986339231374,4.160555345115878
2004-09-08,399.3999938964844,6.177999973297119,5.989963405700003,0.005020090940906385,1.8209945901741367,-0.003393379469082358,4.168968815525866
2004-09-09,398.5,6.1539998054504395,5.98770749823027,-0.0022559074697330317,1.8171022452863363,-0.0038923448878003253,4.1706052529439335
2004-09-10,401.8999938964844,6.132999897003174,5.996203286268503,0.00849578803823281,1.8136840098499731,-0.003418235436363215,4.18251927641853
2004-09-13,404.1000061035156,6.183000087738037,6.001662387188401,0.005459100919898319,1.8218036047666366,0.008119594916663475,4.179858782421764
2004-09-14,405.70001220703125,6.198999881744385,6.005614000301214,0.00395161311281278,1.824387969643219,0.0025843648765824234,4.181226030657995
2004-09-15,405.0,6.270999908447266,6.003887067106539,-0.0017269331946749844,1.8359358169615,0.011547847318281068,4.167951250145038
2004-09-16,404.70001220703125,6.289000034332275,6.003146082044981,-0.0007409850615580638,1.8388020810204655,0.0028662640589653954,4.164344001024515
2004-09-17,405.79998779296875,6.258999824523926,6.005860397310316,0.0027143152653357205,1.8340203999067637,-0.004781681113701808,4.171839997403553
2004-09-20,405.29998779296875,6.251999855041504,6.004627503515755,-0.001232893794561818,1.83290138937329,-0.001119010533473741,4.171726114142465
2004-09-21,408.29998779296875,6.3460001945495605,6.012002168428318,0.0073746649125636665,1.847824723818041,0.014923334444751024,4.164177444610277
2004-09-22,407.20001220703125,6.35099983215332,6.0093044952142876,-0.0026976732140306936,1.8486122543924515,0.0007875305744104999,4.160692240821836
2004-09-23,410.8999938964844,6.446000099182129,6.018349861035347,0.009045365821059193,1.8634597987798622,0.01484754438741076,4.154890062255484
2004-09-24,408.1000061035156,6.40500020980835,6.011512257367691,-0.006837603667655401,1.8570789681056603,-0.0063808306742019205,4.154433289262031
2004-09-27,409.1000061035156,6.5289998054504395,6.013959639854726,0.0024473824870350214,1.8762537624067381,0.019174794301077824,4.1377058774479885
2004-09-28,412.5,6.5920000076293945,6.022236205774735,0.008276565920009027,1.8858567937645423,0.00960303135780416,4.136379412010193
2004-09-29,413.0,6.672999858856201,6.023447592961033,0.0012113871862977632,1.8980695127699934,0.012212719005451067,4.12537808019104
2004-09-30,418.70001220703125,6.915999889373779,6.037154702179698,0.01370710921866447,1.9338375518253499,0.035768039055356526,4.103317150354348
2004-10-01,419.5,6.918000221252441,6.0390635259072605,0.0019088237275628472,1.934126742497116,0.00028919067176613744,4.104936783410144
2004-10-04,414.0,6.739999771118164,6.025865973825314,-0.013197552081946284,1.9080598909654858,-0.026066851531630242,4.117806082859828
2004-10-05,418.20001220703125,7.078999996185303,6.035959816183991,0.010093842358676497,1.957132654253177,0.04907276328769128,4.078827161930814
2004-10-06,418.3999938964844,7.2220001220703125,6.03643789816296,0.00047808197896959115,1.9771319397578293,0.019999285504652242,4.059305958405131
2004-10-07,418.0,7.193999767303467,6.035481432524756,-0.0009564656382039516,1.9732473129275139,-0.0038846268303154297,4.0622341195972425
2004-10-08,423.1000061035156,7.2729997634887695,6.047608572151726,0.012127139626969985,1.9841688286533283,0.010921515725814457,4.063439743498398
2004-10-11,422.0,7.230000019073486,6.045005314036012,-0.0026032581157142687,1.9782390388087765,-0.005929789844551836,4.066766275227236
2004-10-12,415.1000061035156,7.0329999923706055,6.028519469762717,-0.016485844273295136,1.9506133562410817,-0.02762568256769482,4.077906113521635
2004-10-13,413.20001220703125,6.877999782562256,6.023931766788153,-0.00458770297456379,1.9283278803965607,-0.022285475844521008,4.095603886391593
2004-10-14,418.1000061035156,7.035999774932861,6.035720652960739,0.01178888617258611,1.9510397948873723,0.02271191449081167,4.084680858073367
2004-10-15,418.70001220703125,7.091000080108643,6.037154702179698,0.0014340492189583998,1.9588263856190875,0.007786590731715171,4.07832831656061
2004-10-18,416.20001220703125,6.9679999351501465,6.031165943289258,-0.005988758890439705,1.9413282302433914,-0.0174981553756961,4.089837713045867
2004-10-19,420.29998779296875,7.176000118255615,6.040968712967456,0.009802769678198153,1.970742141235817,0.02941391099242563,4.070226571731639
2004-10-20,423.5,7.333000183105469,6.048553514092109,0.007584801124653318,1.9923847340817247,0.021642592845907638,4.056168780010385
2004-10-21,424.3999938964844,7.290999889373779,6.050676392358311,0.002122878266201944,1.9866406956513099,-0.005744038430414822,4.064035696707002
2004-10-22,424.6000061035156,7.314000129699707,6.051147563643898,0.0004711712855867134,1.989790337460264,0.003149641808954051,4.061357226183635
2004-10-25,429.0,7.361000061035156,6.061456918928017,0.010309355284118915,1.9961958013682624,0.006405463907998454,4.065261117559754
2004-10-26,426.79998779296875,7.321000099182129,6.056315490826306,-0.005141428101710588,1.990746944212126,-0.005448857156136411,4.06556854661418
2004-10-27,424.79998779296875,7.186999797821045,6.0516184411917795,-0.004697049634526884,1.9722738103551023,-0.01847313385702365,4.079344630836677
2004-10-28,425.1000061035156,7.186999797821045,6.05232444972258,0.0007060085308001618,1.9722738103551023,0.0,4.080050639367477
2004-10-29,428.5,7.291999816894531,6.060290738037835,0.007966288315254921,1.986777831705957,0.014504021350854712,4.073512906331878
2004-11-01,427.29998779296875,7.316999912261963,6.057486314082155,-0.0028044239556797024,1.9902003959109078,0.0034225642049507954,4.0672859181712475
2004-11-02,420.0,7.006999969482422,6.040254711277414,-0.01723160280474101,1.946909645033098,-0.04329075087780976,4.093345066244316
2004-11-03,424.6000061035156,7.144999980926514,6.051147563643898,0.010892852366484185,1.9664128087123436,0.01950316367924554,4.084734754931555
2004-11-04,430.1000061035156,7.370999813079834,6.064017753980613,0.01287019033671477,1.9975533568482902,0.031140548135946577,4.066464397132322
2004-11-05,433.6000061035156,7.493000030517578,6.07212246420181,0.008104710221196854,2.0139692554549855,0.016415898606695345,4.058153208746824
2004-11-08,432.70001220703125,7.4770002365112305,6.070044675442142,-0.002077788759667243,2.011831673649613,-0.0021375818053726015,4.058213001792529
2004-11-09,435.70001220703125,7.525000095367432,6.076953961140452,0.006909285698309731,2.018230823308352,0.006399149658739223,4.0587231378321
2004-11-10,434.0,7.4120001792907715,6.073044534100405,-0.003909427040047042,2.00310033261237,-0.015130490695982157,4.069944201488035
2004-11-11,434.8999938964844,7.46999979019165,6.075116105569296,0.0020715714688908093,2.010894971057932,0.00779463844556183,4.064221134511364
2004-11-12,437.8999938964844,7.614999771118164,6.081990559869203,0.006874454299906851,2.030119956290416,0.019224985232484393,4.051870603578786
2004-11-15,437.0,7.566999912261963,6.07993319509559,-0.0020573647736128464,2.02379667611756,-0.006323280172856105,4.05613651897803
2004-11-16,440.20001220703125,7.589000225067139,6.087229196823009,0.007296001727419288,2.0266998600787973,0.0029031839612372323,4.060529336744212
2004-11-17,444.79998779296875,7.6620001792907715,6.097624715492507,0.010395518669497505,2.0362730696784532,0.009573209599655907,4.061351645814053
2004-11-18,442.6000061035156,7.548999786376953,6.092666441407088,-0.004958274085418601,2.021415075859296,-0.014857993819157311,4.071251365547792
2004-11-19,446.79998779296875,7.5970001220703125,6.102111039874027,0.009444598466938459,2.0277534485893103,0.006338372730014363,4.074357591284716
2004-11-22,448.79998779296875,7.568999767303467,6.1065773270092185,0.0044662871351919264,2.0240609275836645,-0.003692521005645766,4.082516399425554
2004-11-23,447.79998779296875,7.552999973297119,6.104346676904647,-0.0022306501045719074,2.0219448317959103,-0.0021160957877541797,4.082401845108736
2004-11-24,449.29998779296875,7.611999988555908,6.107690788907115,0.0033441120024679805,2.0297259479304754,0.007781116134565114,4.077964840976639
2004-11-29,453.70001220703125,7.769999980926514,6.117436213575431,0.009745424668316183,2.050270161924796,0.020544213994320604,4.067166051650634
2004-11-30,451.29998779296875,7.7230000495910645,6.112132279784359,-0.0053039337910716355,2.0442028960083447,-0.006067265916451348,4.067929383776015
2004-12-01,454.0,8.026000022888184,6.118097198041348,0.005964918256989193,2.0826862746964796,0.038483378688134895,4.035410923344869
2004-12-02,450.3999938964844,7.9079999923706055,6.110136063274158,-0.007961134767190181,2.067874904343601,-0.014811370352878495,4.0422611589305575
2004-12-03,456.0,7.995999813079834,6.1224928095143865,0.012356746240228311,2.0789413932614442,0.01106648891784312,4.043551416252942
2004-12-06,454.20001220703125,7.915999889373779,6.118537656547352,-0.003955152967034081,2.068886013765304,-0.010055379496140215,4.049651642782049
2004-12-07,452.0,7.8379998207092285,6.113682179832232,-0.004855476715120766,2.058983676902883,-0.009902336862420924,4.054698502929348
2004-12-08,437.20001220703125,7.1020002365112305,6.080390784223314,-0.03329139560891736,1.9603764678229556,-0.09860720907992748,4.120014316400359
2004-12-09,435.79998779296875,6.760000228881836,6.077183394499892,-0.0032073897234221604,1.911022923913132,-0.049353543909823605,4.16616047058676
2004-12-10,433.8999938964844,6.705999851226807,6.072814078737664,-0.004369315762228432,1.9030026258589496,-0.008020298054182362,4.169811452878714
2004-12-13,438.8999938964844,6.793000221252441,6.084271582787796,0.01145750405013235,1.9158927027798167,0.012890076920867077,4.168378880007979
2004-12-14,435.8999938964844,6.7179999351501465,6.077412845242247,-0.006858737545549332,1.904790481536952,-0.01110222124286464,4.172622363705295
2004-12-15,440.79998779296875,6.8429999351501465,6.088591230145802,0.011178384903555383,1.9232262224935444,0.018435740956592284,4.165365007652258
2004-12-16,436.8999938964844,6.690000057220459,6.079704321987339,-0.008886908158463491,1.90061388269327,-0.02261233980027444,4.179090439294068
2004-12-17,441.6000061035156,6.765999794006348,6.090404508784252,0.010700186796913869,1.911910039913105,0.011296157219835123,4.178494468871147
2004-12-20,442.3999938964844,6.829999923706055,6.092214436411751,0.0018099276274989862,1.921324662412282,0.009414622499176906,4.17088977399947
2004-12-21,441.79998779296875,6.894999980926514,6.0908572633557965,-0.0013571730559549522,1.930796508478987,0.009471846066705147,4.16006075487681
2004-12-22,440.29998779296875,6.802999973297119,6.087456285037358,-0.0034009783184387743,1.917363687437761,-0.013432821041226006,4.170092597599597
2004-12-23,441.8999938964844,6.882999897003174,6.09108359832471,0.0036273132873523295,1.9290545884522832,0.011690901014522082,4.162029009872427
2004-12-27,445.20001220703125,6.9730000495910645,6.098523646820597,0.007440048495887197,1.942045555350743,0.0129909668984598,4.156478091469854
2004-12-28,444.29998779296875,7.026000022888184,6.096499982467113,-0.0020236643534845555,1.949617557101276,0.007572001750532964,4.1468824253658365
2004-12-29,436.0,6.796999931335449,6.077642243349034,-0.01885773911807842,1.9164813282623163,-0.033136228838959614,4.161160915086718
2004-12-30,437.5,6.807000160217285,6.081076705797669,0.0034344624486344344,1.91795151800295,0.0014701897406337316,4.163125187794718
2005-01-03,428.70001220703125,6.4770002365112305,6.060757402078462,-0.02031930371920687,1.8682574767163314,-0.049694041286618695,4.192499925362131
2005-01-04,428.5,6.427000045776367,6.060290738037835,-0.0004666640406272293,1.8605078735116585,-0.0077496032046728835,4.199782864526176
2005-01-05,426.6000061035156,6.51200008392334,6.0558468203446,-0.004443917693234489,1.8736466415877298,0.013138768076071283,4.182200178756871
2005-01-06,421.0,6.433000087738037,6.042632833682381,-0.013213986662218957,1.8614410060676068,-0.012205635520122993,4.181191827614774
2005-01-07,418.8999938964844,6.428999900817871,6.037632213382649,-0.005000620299732361,1.860818989732247,-0.000622016335359854,4.176813223650402
2005-01-10,419.1000061035156,6.431000232696533,6.038109569494413,0.00047735611176413784,1.8611300833362947,0.0003110936040477963,4.176979486158118
2005-01-11,421.8999938964844,6.623000144958496,6.044768304663558,0.006658735169144947,1.8905484613899772,0.029418378053682526,4.15421984327358
2005-01-12,426.1000061035156,6.728000164031982,6.054674074830006,0.00990577016644778,1.9062779470511435,0.015729485661166276,4.148396127778862
2005-01-13,424.5,6.730000019073486,6.050912005751402,-0.003762069078603325,1.9065751464907355,0.00029719943959194417,4.144336859260667
2005-01-14,422.70001220703125,6.579999923706055,6.046662736451455,-0.0042492692999474,1.8840347337424013,-0.022540412748334182,4.162628002709054
2005-01-18,423.20001220703125,6.639999866485596,6.047844909388681,0.0011821729372263334,1.8931119433807513,0.009077209638350014,4.15473296600793
2005-01-19,423.0,6.610000133514404,6.0473721790462776,-0.00047273034240369327,1.8885836740624455,-0.004528269318305744,4.158788504983832
2005-01-20,422.3999938964844,6.543000221252441,6.04595271794244,-0.0014194611038371718,1.8783958097027382,-0.01018786435970731,4.167556908239702
2005-01-21,426.70001220703125,6.796999931335449,6.056081218801948,0.010128500859507561,1.9164813282623163,0.03808551855957809,4.139599890539632
2005-01-24,426.8999938964844,6.84499979019165,6.0565497794666205,0.0004685606646726015,1.9235184280890825,0.007037099826766147,4.133031351377538
2005-01-25,422.0,6.670000076293945,6.045005314036012,-0.011544465430608497,1.897619871365905,-0.025898556723177535,4.147385442670107
2005-01-26,426.8999938964844,6.793000221252441,6.0565497794666205,0.011544465430608497,1.9158927027798167,0.018272831413911783,4.140657076686804
2005-01-27,426.29998779296875,6.808000087738037,6.055143295136327,-0.0014064843302934449,1.9180984041585636,0.0022057013787468716,4.137044890977764
2005-01-28,425.79998779296875,6.784999847412109,6.0539697237909165,-0.001173571345410629,1.9147142707978284,-0.0033841333607351753,4.139255452993088
2005-01-31,421.79998779296875,6.736999988555908,6.0445312391043435,-0.009438484686572934,1.9076147202798301,-0.007099550517998265,4.136916518824513
2005-02-01,420.79998779296875,6.71999979019165,6.042157632414395,-0.00237360668994846,1.905088123313577,-0.002526596966253125,4.137069509100818
2005-02-02,421.1000061035156,6.739999771118164,6.042870349662101,0.0007127172477057186,1.9080598909654858,0.0029717676519087632,4.134810458696615
2005-02-03,416.6000061035156,6.666999816894531,6.032126543477653,-0.010743806184447813,1.8971699561714754,-0.010889934794010347,4.134956587306178
2005-02-04,414.0,6.625,6.025865973825314,-0.006260569652338788,1.890850371872286,-0.00631958429918944,4.135015601953028
2005-02-07,413.6000061035156,6.545000076293945,6.024899337951268,-0.0009666358740458847,1.8787014110186921,-0.012148960853593849,4.146197926932576
2005-02-08,412.6000061035156,6.546999931335449,6.022478615429967,-0.0024207225213013217,1.879006918971013,0.00030550795232087147,4.143471696458954
2005-02-09,412.8999938964844,6.580999851226807,6.023205418109977,0.0007268026800097971,1.8841866868675097,0.0051797678964966565,4.1390187312424676
2005-02-10,417.20001220703125,6.955999851226807,6.03356575238604,0.010360334276063199,1.9396045751042856,0.05541788823677596,4.093961177281754
2005-02-11,420.5,7.201000213623047,6.041444479413003,0.007878727026962906,1.9742199349324767,0.034615359828191083,4.067224544480526
2005-02-14,425.79998779296875,7.333000183105469,6.0539697237909165,0.01252524437791358,1.9923847340817247,0.018164799149247957,4.061584989709192
2005-02-15,425.8999938964844,7.353000164031982,6.0542045625983025,0.0002348388073860619,1.995108415522256,0.002723681440531367,4.059096147076047
2005-02-16,425.5,7.248000144958496,6.053264948013429,-0.0009396145848734605,1.9807255887404704,-0.014382826781785596,4.072539359272959
2005-02-17,427.29998779296875,7.364999771118164,6.057486314082155,0.004221366068725807,1.9967390188376297,0.016013430097159276,4.060747295244525
2005-02-18,427.1000061035156,7.413000106811523,6.057018192138021,-0.00046812194413359265,2.0032352300832597,0.006496211245629935,4.053782962054761
2005-02-22,434.5,7.517000198364258,6.074195944705447,0.017177752567425486,2.0171671485840847,0.013931918500825091,4.057028796121362
2005-02-23,434.8999938964844,7.440999984741211,6.075116105569296,0.0009201608638491621,2.0070052463644874,-0.01016190221959734,4.0681108592048085
2005-02-24,434.5,7.38100004196167,6.074195944705447,-0.0009201608638491621,1.998909136473008,-0.008096109891479353,4.0752868082324385
2005-02-25,434.8999938964844,7.290999889373779,6.075116105569296,0.0009201608638491621,1.9866406956513099,-0.012268440821698201,4.0884754099179865
2005-02-28,436.5,7.359000205993652,6.0787883752796565,0.0036722697103606095,1.9959240819365327,0.00928338628522285,4.082864293343124
2005-03-01,432.8999938964844,7.229000091552734,6.0705067403488,-0.00828163493085654,1.9781007266828072,-0.01782335525372547,4.092406013665993
2005-03-02,432.79998779296875,7.307000160217285,6.070275699327485,-0.00023104102131465964,1.9888328147356285,0.01073208805282122,4.081442884591857
2005-03-03,429.8999938964844,7.229000091552734,6.063552609304711,-0.006723090022774159,1.9781007266828072,-0.01073208805282122,4.0854518826219035
2005-03-04,434.20001220703125,7.348999977111816,6.073505285558036,0.009952676253324633,1.994564246432272,0.016463519749464695,4.078941039125764
2005-03-07,435.0,7.359000205993652,6.075346031088684,0.001840745530648391,1.9959240819365327,0.0013598355042607757,4.0794219491521515
2005-03-08,440.29998779296875,7.501999855041504,6.087456285037358,0.012110253948673488,2.0151696323370487,0.01924555040051601,4.072286652700309
2005-03-09,442.1000061035156,7.604000091552734,6.0915361146379325,0.004079829600574847,2.0286744366662584,0.013504804329209641,4.062861677971674
2005-03-10,442.79998779296875,7.492000102996826,6.09311817326666,0.0015820586287276228,2.013835798329416,-0.01483863833684218,4.079282374937244
2005-03-11,446.20001220703125,7.534999847412109,6.100767309356189,0.007649136089528774,2.019558811827909,0.005723013498492691,4.08120849752828
2005-03-14,441.1000061035156,7.380000114440918,6.089271620947928,-0.011495688408261096,1.9987736541192804,-0.020785157708628432,4.090497966828647
2005-03-15,440.8999938964844,7.376999855041504,6.088818078520581,-0.00045354242734685357,1.9983670322521045,-0.00040662186717588256,4.090451046268477
2005-03-16,443.70001220703125,7.425000190734863,6.095148685896766,0.006330607376185071,2.00485271037696,0.006485678124855454,4.0902959755198065
2005-03-17,438.70001220703125,7.385000228881836,6.083815835997632,-0.011332849899133635,1.9994509469761437,-0.0054017634008163284,4.084364889021488
2005-03-18,439.29998779296875,7.376999855041504,6.085182523194273,0.0013666871966409033,1.9983670322521045,-0.0010839147240391256,4.086815490942168
2005-03-21,431.1000061035156,7.0970001220703125,6.066340095911093,-0.01884242728318064,1.9596721767431151,-0.038694855508989434,4.106667919167977
2005-03-22,431.29998779296875,7.070000171661377,6.066803875350919,0.0004637794398263395,1.9558605041887325,-0.003811672554382639,4.110943371162186
2005-03-23,425.20001220703125,6.9770002365112305,6.052559675176709,-0.014244200174210242,1.942619058855799,-0.013241445332933477,4.10994061632091
2005-03-24,424.70001220703125,6.933000087738037,6.05138306606194,-0.0011766091147684676,1.9362926326154863,-0.006326426240312655,4.115090433446454
2005-03-28,425.8999938964844,6.909999847412109,6.0542045625983025,0.0028214965363622113,1.9329696156973943,-0.0033230169180920033,4.121234946900908
2005-03-29,426.0,7.01200008392334,6.054439346269371,0.0002347836710683282,1.947622979027519,0.01465336333012468,4.106816367241851
2005-03-31,428.70001220703125,7.190999984741211,6.060757402078462,0.00631805580909095,1.9728302419984283,0.02520726297090925,4.087927160080033
2005-04-01,425.8999938964844,6.989999771118164,6.0542045625983025,-0.006552839480159278,1.9444805235015359,-0.028349718496892384,4.109724039096767
2005-04-04,423.8999938964844,7.019999980926514,6.049497563960111,-0.004706998638191351,1.9487632153206988,0.004282691819162965,4.1007343486394126
2005-04-05,424.5,7.039000034332275,6.050912005751402,0.0014144417912911322,1.951466119503431,0.002702904182732224,4.099445886247971
2005-04-06,427.1000061035156,7.116000175476074,6.057018192138021,0.0061061863866189725,1.962345794462958,0.01087967495952702,4.094672397675064
2005-04-07,426.5,7.071000099182129,6.055612366931734,-0.0014058252062874033,1.9560019266487094,-0.0063438678142486715,4.0996104402830245
2005-04-08,426.8999938964844,7.160999774932861,6.0565497794666205,0.0009374125348866613,1.968649604595234,0.01264767794652455,4.087900174871386
2005-04-11,428.6000061035156,7.250999927520752,6.060524097280064,0.003974317813443484,1.9811393803936967,0.012489775798462777,4.079384716886367
2005-04-12,427.6000061035156,7.151000022888184,6.0581881934247805,-0.002335903855283483,1.9672522102669558,-0.0138871701267409,4.0909359831578245
2005-04-13,429.29998779296875,7.2210001945495605,6.062155946795781,0.003967753371000526,1.9769934744112352,0.009741264144279338,4.085162472384546
2005-04-14,424.0,7.056000232696533,6.049733455231958,-0.012422491563823357,1.9538783516830232,-0.023115122728212034,4.095855103548935
2005-04-15,424.8999938964844,7.01800012588501,6.051853832756173,0.0021203775242151224,1.9484782950984711,-0.005400056584552004,4.103375537657701
2005-04-18,427.5,7.040999889373779,6.0579542883768145,0.006100455620641654,1.951750189825276,0.0032718947268048915,4.1062040985515385
2005-04-19,432.8999938964844,7.245999813079834,6.0705067403488,0.012552451971985512,1.980449566676561,0.028699376851284875,4.090057173672239
2005-04-20,435.29998779296875,7.333000183105469,6.07603542051545,0.005528680166650091,1.9923847340817247,0.01193516740516376,4.083650686433725
2005-04-21,433.0,7.2129998207092285,6.07073772800249,-0.005297692512960417,1.9758849286649192,-0.016499805416805513,4.094852799337571
2005-04-22,434.29998779296875,7.270999908447266,6.073735511433405,0.0029977834309153906,1.9838938210764283,0.00800889241150915,4.089841690356977
2005-04-25,434.6000061035156,7.25600004196167,6.074426081866314,0.0006905704329085438,1.981828718595866,-0.002065102480562242,4.092597363270448
2005-04-26,437.8999938964844,7.250999927520752,6.081990559869203,0.0075644780028891745,1.9811393803936967,-0.0006893382021693206,4.100851179475506
2005-04-27,433.0,7.133999824523926,6.07073772800249,-0.011252831866713109,1.9648720623395486,-0.01626731805414816,4.105865665662941
2005-04-29,435.0,6.9019999504089355,6.075346031088684,0.004608303086194532,1.9318112174907835,-0.033060844848765036,4.143534813597901
2005-05-02,429.5,6.840000152587891,6.06262174142431,-0.012724289664373778,1.92278775394263,-0.009023463548153643,4.139833987481681
2005-05-03,426.70001220703125,6.85099983215332,6.056081218801948,-0.006540522622362488,1.9243946025211733,0.0016068485785434294,4.131686616280774
2005-05-04,429.0,6.98199987411499,6.061456918928017,0.005375700126069027,1.9433353906529087,0.018940788131735387,4.1181215282751085
2005-05-05,429.79998779296875,7.050000190734863,6.0633199558067545,0.0018630368787375673,1.9530276438787675,0.00969225322585876,4.110292311927987
2005-05-06,426.1000061035156,6.952000141143799,6.054674074830006,-0.008645880976748899,1.9390294082657085,-0.013998235613059018,4.115644666564297
2005-05-09,426.20001220703125,7.066999912261963,6.054908748306072,0.00023467347606676014,1.9554360492935428,0.01640664102783429,4.09947269901253
2005-05-10,427.20001220703125,7.099999904632568,6.057252316220496,0.0023435679144236943,1.960094770615237,0.004658721321694204,4.097157545605259
2005-05-11,427.20001220703125,7.079999923706055,6.057252316220496,0.0,1.9572738969296473,-0.0028208736855896976,4.099978419290849
2005-05-12,421.6000061035156,6.947999954223633,6.044057011704182,-0.01319530451631401,1.938453841790435,-0.018820055139212366,4.105603169913747
2005-05-13,420.20001220703125,6.925000190734863,6.0407308174614265,-0.003326194242755598,1.9351380796163424,-0.0033157621740924625,4.105592737845084
2005-05-16,418.8999938964844,6.934999942779541,6.037632213382649,-0.0030986040787777114,1.9365810455158274,0.0014429658994850048,4.101051167866821
2005-05-17,419.3999938964844,7.025000095367432,6.038825103914849,0.0011928905322005079,1.9494752287952444,0.012894183279416938,4.089349875119605
2005-05-18,421.5,7.184999942779541,6.04381977744191,0.004994673527060733,1.9719955115671108,0.022520282771866462,4.071824265874799
2005-05-19,420.5,7.119999885559082,6.041444479413003,-0.0023752980289071246,1.9629077093507217,-0.009087802216389163,4.078536770062281
2005-05-20,417.3999938964844,6.934999942779541,6.034044980020399,-0.007399499392604092,1.9365810455158274,-0.026326663834894237,4.097463934504571
2005-05-23,416.6000061035156,6.949999809265137,6.032126543477653,-0.001918436542745816,1.9387416321328352,0.002160586617007798,4.093384911344818
2005-05-24,417.5,6.98799991607666,6.0342845442909105,0.0021580008132575657,1.9441943802621735,0.00545274812933827,4.090090164028737
2005-05-25,418.79998779296875,7.123000144958496,6.037393449848742,0.0031089055578314984,1.9633290053469812,0.019134625084807677,4.074064444501761
2005-05-26,418.0,7.1519999504089355,6.035481432524756,-0.0019120173239857152,1.9673920309373394,0.004063025590358205,4.068089401587417
2005-05-27,419.79998779296875,7.302000045776367,6.039778378308325,0.004296945783568873,1.9881482895024627,0.02075625856512331,4.0516300888058625
2005-05-31,416.29998779296875,7.443999767303467,6.0314061248782505,-0.00837225343007475,2.0074083075203943,0.019260018017931646,4.023997817357856
2005-06-01,415.29998779296875,7.507999897003174,6.0290011212434225,-0.0024050036348279846,2.015969105005985,0.008560797485590577,4.013032016237437
2005-06-02,422.70001220703125,7.526000022888184,6.046662736451455,0.017661615208032444,2.0183636952124604,0.0023945902064754776,4.028299041238995
2005-06-03,423.70001220703125,7.489999771118164,6.049025686443066,0.0023629499916113517,2.013568766970805,-0.004794928241655505,4.035456919472262
2005-06-06,426.5,7.520999908447266,6.055612366931734,0.006586680488667618,2.0176990956713188,0.0041303287005138856,4.037913271260415
2005-06-07,424.79998779296875,7.428999900817871,6.0516184411917795,-0.003993925739954385,2.005391246818999,-0.012307848852319836,4.046227194372781
2005-06-08,424.70001220703125,7.458000183105469,6.05138306606194,-0.00023537512983917708,2.0092873063081798,0.0038960594891808142,4.04209575975376
2005-06-09,424.20001220703125,7.257999897003174,6.050205070907176,-0.0011779951547641332,1.9821042946000784,-0.027183011708101334,4.068100776307098
2005-06-10,427.3999938964844,7.276000022888184,6.057720328604477,0.007515257697300548,1.9845812638015854,0.0024769692015069733,4.073139064802891
2005-06-13,429.29998779296875,7.252999782562256,6.062155946795781,0.004435618191304336,1.981415146402267,-0.003166117399318491,4.080740800393514
2005-06-14,427.5,7.269000053405762,6.0579542883768145,-0.004201658418966581,1.983618737849556,0.0022035914472890994,4.074335550527259
2005-06-15,429.1000061035156,7.320000171661377,6.061690006221473,0.003735717844658204,1.9906103514242277,0.006991613574671707,4.071079654797245
2005-06-16,436.20001220703125,7.360000133514404,6.078100881752469,0.016410875530996627,1.9960599508813288,0.005449599457101106,4.08204093087114
2005-06-17,438.29998779296875,7.329999923706055,6.082903579573904,0.0048026978214350535,1.9919755054901092,-0.00408444539121966,4.090928074083795
2005-06-20,438.3999938964844,7.296999931335449,6.083131721711553,0.0002281421376482129,1.987463295373513,-0.004512210116596194,4.095668426338039
2005-06-21,438.8999938964844,7.2870001792907715,6.084271582787796,0.0011398610762434203,1.9860919632923402,-0.0013713320811727936,4.098179619495456
2005-06-22,438.1000061035156,7.252999782562256,6.082447208751639,-0.0018243740361567617,1.981415146402267,-0.004676816890073265,4.101032062349372
2005-06-23,441.70001220703125,7.269999980926514,6.090630946238956,0.008183737487316378,1.9837562889218399,0.0023411425195729585,4.106874657317116
2005-06-24,440.5,7.2779998779296875,6.0879104453762345,-0.0027205008627211313,1.9848560824174601,0.0010997934956202826,4.103054362958774
2005-06-27,440.29998779296875,7.239999771118164,6.087456285037358,-0.00045416033887679674,1.9796211747841113,-0.005234907633348884,4.107835110253246
2005-06-28,436.3999938964844,7.0960001945495605,6.078559239972858,-0.008897045064499842,1.9595312724240705,-0.020089902360040712,4.119027967548787
2005-06-30,435.8999938964844,7.0279998779296875,6.077412845242247,-0.0011463947306111777,1.949902152955711,-0.009629119468359537,4.127510692286536
2005-07-01,427.79998779296875,6.85099983215332,6.05865576811387,-0.018757077128376487,1.9243946025211733,-0.025507550434537674,4.134261165592697
2005-07-05,422.8999938964844,6.829999923706055,6.047135730045916,-0.011520038067954097,1.921324662412282,-0.003069940108891389,4.125811067633634
2005-07-06,423.5,6.915999889373779,6.048553514092109,0.0014177840461933044,1.9338375518253499,0.01251288941306794,4.114715962266759
2005-07-07,423.29998779296875,6.948999881744385,6.0480811186891,-0.0004723954030092514,1.938597747314545,0.0047601954891951515,4.109483371374555
2005-07-08,422.8999938964844,6.99399995803833,6.047135730045916,-0.000945388643184053,1.9450526326415172,0.006454885326972137,4.102083097404399
2005-07-11,425.5,7.068999767303467,6.053264948013429,0.006129217967512979,1.9557189942709308,0.01066636162941359,4.0975459537424985
2005-07-12,426.29998779296875,7.047999858856201,6.055143295136327,0.0018783471228980275,1.9527438686078,-0.00297512566313074,4.102399426528527
2005-07-13,423.8999938964844,7.0329999923706055,6.049497563960111,-0.005645731176215918,1.9506133562410817,-0.002130512366718351,4.0988842077190295
2005-07-14,419.6000061035156,6.960999965667725,6.039301891068176,-0.010195672891935459,1.9403231372544398,-0.010290218986641841,4.098978753813736
2005-07-15,420.70001220703125,6.955999851226807,6.0419200196124745,0.00261812854429877,1.9396045751042856,-0.0007185621501542006,4.102315444508189
2005-07-18,420.5,6.973999977111816,6.041444479413003,-0.0004755401994716024,1.9421889449715288,0.002584369867243197,4.099255534441474
2005-07-19,419.70001220703125,6.953999996185303,6.03954019942468,-0.0019042799883228767,1.9393170330371081,-0.0028719119344207122,4.100223166387572
2005-07-20,421.70001220703125,7.038000106811523,6.044294189699706,0.004753990275026432,1.9513240540757961,0.012007021038688004,4.0929701356239105
2005-07-21,425.3999938964844,7.105999946594238,6.053029888418427,0.008735698718720819,1.9609394900832482,0.009615436007452072,4.092090398335179
2005-07-22,424.70001220703125,7.085999965667725,6.05138306606194,-0.0016468223564869433,1.958121001598195,-0.002818488485053283,4.093262064463746
2005-07-25,425.70001220703125,7.11299991607666,6.053734901509303,0.002351835447362838,1.9619240839527923,0.0038030823545973647,4.091810817556511
2005-07-26,423.3999938964844,6.993000030517578,6.048317344285281,-0.00541755722402204,1.9449096530857477,-0.017014430867044572,4.103407691199534
2005-07-27,424.70001220703125,7.014999866485596,6.05138306606194,0.0030657217766592026,1.9480506945217222,0.00314104143597449,4.103332371540218
2005-07-28,427.29998779296875,7.173999786376953,6.057486314082155,0.006103248020214558,1.9704633493326933,0.0224126548109711,4.087022964749462
2005-07-29,429.8999938964844,7.23799991607666,6.063552609304711,0.006066295222556306,1.979344913546726,0.008881564214032744,4.084207695757986
2005-08-01,431.8999938964844,7.281000137329102,6.068194065834875,0.004641456530164234,1.9852682342738706,0.005923320727144521,4.082925831561004
2005-08-02,431.8999938964844,7.23799991607666,6.068194065834875,0.0,1.979344913546726,-0.005923320727144521,4.08884915228815
2005-08-03,436.8999938964844,7.283999919891357,6.079704321987339,0.01151025615246315,1.9856801508674697,0.006335237320743703,4.094024171119869
2005-08-04,437.8999938964844,7.230000019073486,6.081990559869203,0.002286237881864217,1.9782390388087765,-0.0074411120586932444,4.103751521060426
2005-08-05,437.20001220703125,7.13700008392334,6.080390784223314,-0.0015997756458885348,1.96529253174784,-0.012946507060936474,4.115098252475474
2005-08-08,434.70001220703125,6.995999813079834,6.074656166076253,-0.005734618147060999,1.945338530438207,-0.019954001309633096,4.1293176356380465
2005-08-09,434.20001220703125,7.015999794006348,6.073505285558036,-0.0011508805182174342,1.9481932257093266,0.0028546952711197005,4.125312059848709
2005-08-10,436.5,7.060999870300293,6.0787883752796565,0.005283089721620726,1.954586666165748,0.006393440456421429,4.124201709113908
2005-08-11,445.5,7.169000148773193,6.099197246910864,0.02040887163120786,1.9697661956230286,0.015179529457280516,4.129431051287836
2005-08-12,445.8999938964844,7.076000213623047,6.100094697945349,0.0008974510344845754,1.9567088064873415,-0.013057389135687103,4.143385891458007
2005-08-15,442.20001220703125,6.953000068664551,6.091762296028572,-0.008332401916776533,1.9391732309924095,-0.01753557549493201,4.152589065036163
2005-08-16,446.1000061035156,7.0329999923706055,6.100543155816164,0.008780859787591133,1.9506133562410817,0.011440125248672217,4.149929799575082
2005-08-17,439.8999938964844,6.985000133514404,6.086547414479894,-0.01399574133626924,1.943765011823371,-0.006848344417710761,4.142782402656524
2005-08-18,439.5,6.989999771118164,6.085637717125231,-0.0009096973546629528,1.9444805235015359,0.0007155116781649706,4.1411571936236955
2005-08-19,437.20001220703125,7.0,6.080390784223314,-0.005246932901917134,1.9459101490553132,0.0014296255537773472,4.134480635168001
2005-08-22,438.1000061035156,7.053999900817871,6.082447208751639,0.002056424528324996,1.9535948177534506,0.007684668698137331,4.128852390998189
2005-08-23,439.3999938964844,6.961999893188477,6.0854101460599415,0.002962937308302216,1.9404667740471724,-0.01312804370627818,4.144943372012769
2005-08-24,437.29998779296875,6.918000221252441,6.080619430504328,-0.004790715555613723,1.934126742497116,-0.0063400315500563575,4.1464926880072115
2005-08-25,438.3999938964844,6.828000068664551,6.083131721711553,0.0025122912072248482,1.9210318149885137,-0.013094927508602305,4.162099906723039
2005-08-26,437.3999938964844,6.739999771118164,6.080848094288585,-0.0022836274229671716,1.9080598909654858,-0.012971924023027936,4.172788203323099
2005-08-29,437.0,6.730000019073486,6.07993319509559,-0.0009148991929954775,1.9065751464907355,-0.0014847444747503324,4.173358048604855
2005-08-30,431.20001220703125,6.690999984741211,6.066572047904229,-0.013361147191361056,1.9007633375201853,-0.005811808970550114,4.165808710384043
2005-08-31,433.79998779296875,6.781000137329102,6.0725835702530055,0.006011522348776666,1.9141246039537476,0.01336126643356228,4.158458966299258
2005-09-01,442.29998779296875,6.966000080108643,6.091988357275295,0.01940478702228976,1.941041183443758,0.02691657949001036,4.150947173831537
2005-09-02,444.20001220703125,7.0,6.096274938941262,0.004286581665966516,1.9459101490553132,0.004868965611555254,4.150364789885948
2005-09-06,444.3999938964844,7.031000137329102,6.096725044031191,0.0004501050899294867,1.9503289627489686,0.004418813693655377,4.146396081282223
2005-09-07,444.8999938964844,7.051000118255615,6.097849524093148,0.0011244800619563122,1.9531694675083706,0.002840504759402007,4.144680056584777
2005-09-08,446.70001220703125,6.966000080108643,6.101887255685208,0.004037731592060112,1.941041183443758,-0.012128284064612638,4.1608460722414495
2005-09-09,449.0,7.002999782562256,6.1070228877422545,0.005135632057046813,1.946338597624152,0.005297414180394089,4.160684290118103
2005-09-12,449.70001220703125,6.998000144958496,6.108580720921494,0.0015578331792394096,1.945624414659771,-0.0007141829643810826,4.162956306261723
2005-09-13,446.1000061035156,6.942999839782715,6.100543155816164,-0.00803756510533038,1.937733934695047,-0.007890479964723918,4.162809221121116
2005-09-14,449.79998779296875,6.986000061035156,6.108803012386417,0.008259856570253632,1.943908155121422,0.006174220426374832,4.164894857264995
2005-09-15,455.5,7.019000053405762,6.121395716700013,0.012592704313595604,1.9486207653570267,0.004712610235604764,4.172774951342986
2005-09-16,459.5,7.229000091552734,6.1301389417957415,0.008743225095728668,1.9781007266828072,0.029479961325780568,4.152038215112935
2005-09-19,466.70001220703125,7.3379998207092285,6.145686679111825,0.015547737316083499,1.9930663014998968,0.0149655748170896,4.152620377611928
2005-09-20,466.20001220703125,7.315000057220459,6.144614752785764,-0.0010719263260607903,1.9899270422944333,-0.0031392592054635404,4.154687710491331
2005-09-21,468.8999938964844,7.355000019073486,6.150389513078872,0.005774760293108194,1.9953803566466688,0.005453314352235505,4.155009156432204
2005-09-22,466.6000061035156,7.353000164031982,6.14547237266816,-0.0049171404107122285,1.995108415522256,-0.00027194112441275564,4.150363957145904
2005-09-23,463.5,7.2729997634887695,6.13880638500591,-0.006665987662250572,1.9841688286533283,-0.010939586868927709,4.154637556352581
2005-09-26,465.8999938964844,7.307000160217285,6.143971005722267,0.005164620716357149,1.9888328147356285,0.00466398608230012,4.155138190986638
2005-09-27,462.6000061035156,7.270999908447266,6.136862762991276,-0.007108242730990533,1.9838938210764283,-0.0049389936592001416,4.152968941914848
2005-09-28,469.70001220703125,7.3470001220703125,6.1520942190219445,0.015231456030668333,1.9942920832531277,0.010398262176699369,4.157802135768817
2005-09-29,472.20001220703125,7.493000030517578,6.157402650502813,0.0053084314808682365,2.0139692554549855,0.01967717220185783,4.143433395047827
2005-09-30,469.0,7.458000183105469,6.150602768446279,-0.0067998820565335905,2.0092873063081798,-0.004681949146805753,4.141315462138099
2005-10-03,466.1000061035156,7.4029998779296875,6.144400216473558,-0.006202551972720904,2.001885306971658,-0.007401999336521747,4.1425149095019
2005-10-04,466.1000061035156,7.375,6.144400216473558,0.0,1.9980959022258835,-0.003789404745774494,4.146304314247675
2005-10-05,466.1000061035156,7.427999973297119,6.144400216473558,0.0,2.0052566398955642,0.007160737669680728,4.139143576577994
2005-10-06,471.8999938964844,7.547999858856201,6.156767085798425,0.012366869324866414,2.021282608806807,0.01602596891124275,4.135484476991618
2005-10-07,474.70001220703125,7.724999904632568,6.162683051272526,0.005915965474101448,2.0444618104385106,0.023179201631703616,4.118221240834016
2005-10-10,475.1000061035156,7.798999786376953,6.163525321039677,0.0008422697671512935,2.053995492957279,0.009533682518768405,4.109529828082398
2005-10-11,477.1000061035156,7.824999809265137,6.16772612531501,0.004200804275332537,2.0573237120511543,0.003328219093875262,4.110402413263856
2005-10-12,473.8999938964844,7.788000106811523,6.16099631609421,-0.006729809220799687,2.0525841012248383,-0.004739610826316021,4.108412214869372
2005-10-13,471.1000061035156,7.684999942779541,6.155070398661876,-0.00592591743233406,2.039270369544826,-0.013313731680012264,4.11580002911705
2005-10-14,469.20001220703125,7.814000129699707,6.151029142796011,-0.004041255865865345,2.0559170132312543,0.01664664368642832,4.095112129564757
2005-10-17,474.1000061035156,7.827000141143799,6.1614182827819715,0.010389139985960583,2.057579312855638,0.0016622996243835786,4.103838969926334
2005-10-18,472.1000061035156,7.788000106811523,6.157190840480679,-0.004227442301292683,2.0525841012248383,-0.004995211630799634,4.104606739255841
2005-10-19,463.5,7.59499979019165,6.13880638500591,-0.01838445547476919,2.0274901084232,-0.025093992801638265,4.111316276582709
2005-10-20,461.0,7.61299991607666,6.133398042996649,-0.005408342009260991,2.029857301300387,0.0023671928771871187,4.1035407416962615
2005-10-21,467.0,7.65500020980835,6.1463292576688975,0.012931214672248892,2.035359056517661,0.005501755217273807,4.110970201151236
2005-10-24,465.0,7.668000221252441,6.142037405587356,-0.004291852081541592,2.0370558540373938,0.00169679751973284,4.104981551549962
2005-10-25,472.79998779296875,7.7870001792907715,6.158672440273294,0.01663503468593852,2.052455699619219,0.015399845581825389,4.106216740654075
2005-10-26,471.20001220703125,7.824999809265137,6.15528265824364,-0.0033897820296546755,2.0573237120511543,0.0048680124319351314,4.0979589461924855
2005-10-27,473.79998779296875,7.802000045776367,6.160785265960583,0.005502607716943331,2.0543801169517253,-0.002943595099428986,4.106405149008857
2005-10-28,473.0,7.789999961853027,6.159095388491933,-0.001689877468650458,2.052840854985741,-0.0015392619659841955,4.106254533506192
2005-10-31,465.1000061035156,7.550000190734863,6.1422524493530695,-0.016842939138863144,2.0215475885238288,-0.03129326646191233,4.120704860829241
2005-11-01,458.79998779296875,7.441999912261963,6.1286143586487825,-0.01363809070428701,2.007139618134853,-0.014407970388975677,4.121474740513929
2005-11-02,462.79998779296875,7.5320000648498535,6.137294968943049,0.0086806102942667,2.0191606194048175,0.012021001269964415,4.118134349538232
2005-11-03,460.1000061035156,7.5970001220703125,6.131443870427051,-0.005851098515997855,2.0277534485893103,0.008592829184492778,4.103690421837741
2005-11-04,456.29998779296875,7.546999931335449,6.123150461181151,-0.008293409245900385,2.021150124204474,-0.006603324384836462,4.102000336976677
2005-11-07,459.0,7.578999996185303,6.129050210060545,0.005899748879394373,2.0253812643265676,0.004231140122093802,4.103668945733977
2005-11-08,460.8999938964844,7.60099983215332,6.13318108648386,0.004130876423314334,2.028279795501719,0.0028985311751514864,4.1049012909821405
2005-11-09,466.29998779296875,7.6539998054504395,6.144829177635782,0.011648091151922557,2.0352283615854856,0.006948566083766483,4.109600816050296
2005-11-10,466.6000061035156,7.684000015258789,6.14547237266816,0.0006431950323779745,2.0391402468920976,0.003911885306612017,4.1063321257760625
2005-11-11,468.29998779296875,7.738999843597412,6.149109090122805,0.003636717454645222,2.046272460078658,0.007132213186560321,4.1028366300441474
2005-11-14,468.20001220703125,7.763999938964844,6.148895581129068,-0.00021350899373739907,2.049497657445461,0.0032251973668029343,4.099397923683608
2005-11-15,468.1000061035156,7.769999980926514,6.148681961344939,-0.00021361978412937077,2.050270161924796,0.0007725044793351898,4.098411799420143
2005-11-16,478.29998779296875,7.986000061035156,6.170238125164547,0.02155616381960801,2.077690016283799,0.027419854359002738,4.092548108880748
2005-11-17,486.20001220703125,8.086999893188477,6.186620086989039,0.01638196182449203,2.0902578209058795,0.012567804622080736,4.096362266083159
2005-11-18,485.6000061035156,8.053000450134277,6.185385252314307,-0.0012348346747312888,2.086044748709877,-0.004213072196002532,4.099340503604431
2005-11-21,489.0,8.121000289916992,6.192362489474872,0.006977237160564975,2.09445333499994,0.008408586290062914,4.097909154474932
2005-11-22,492.6000061035156,8.164999961853027,6.199697498076847,0.0073350086019745575,2.099856721750417,0.005403386750477246,4.099840776326429
2005-11-23,492.1000061035156,8.125,6.198681960274931,-0.0010155378019156558,2.094945728215801,-0.004910993534616104,4.103736232059131
2005-11-28,498.29998779296875,8.348999977111816,6.211202280790005,0.012520320515073458,2.1221417684704353,0.02719604025463429,4.08906051231957
2005-11-29,499.1000061035156,8.295999526977539,6.212806488704607,0.0016042079146023625,2.115773413909088,-0.0063683545613475445,4.097033074795519
2005-11-30,494.6000061035156,8.279999732971191,6.203749367427623,-0.009057121276984326,2.1138429361473117,-0.0019304777617761282,4.089906431280311
2005-12-01,502.5,8.49899959564209,6.219595639933231,0.015846272505608106,2.139948461939372,0.02610552579206038,4.079647177993859
2005-12-02,503.29998779296875,8.543999671936035,6.221186389528328,0.0015907495950973072,2.1452292438208387,0.005280781881466634,4.0759571457074895
2005-12-05,508.8999938964844,8.631999969482422,6.232251521601241,0.011065132072912931,2.155476224420433,0.01024698059959439,4.0767752971808076
2005-12-06,510.20001220703125,8.692000389099121,6.234802829633684,0.002551308032442634,2.1624031071593826,0.00692688273894948,4.072399722474302
2005-12-07,514.2999877929688,8.777999877929688,6.242806729045635,0.008003899411951565,2.1722485773596496,0.009845470200267048,4.070558151685986
2005-12-08,519.2999877929688,8.894000053405762,6.252481727343569,0.009674998297933612,2.1853768980932,0.013128320733550414,4.067104829250368
2005-12-09,527.0,9.0,6.267200548541362,0.014718821197793552,2.1972245773362196,0.011847679243019549,4.069975971205142
2005-12-12,528.4000244140625,8.791999816894531,6.269853618851921,0.002653070310558725,2.1738421962749475,-0.023382381061272106,4.096011422576973
2005-12-13,521.0,8.496999740600586,6.255750041753367,-0.014103577098554254,2.139713129493051,-0.03412906678189653,4.116036912260316
2005-12-14,506.5,8.376999855041504,6.227524323688738,-0.028225718064629035,2.1254898378673275,-0.014223291625723444,4.10203448582141
2005-12-15,503.8999938964844,8.548999786376953,6.222377823573999,-0.005146500114738828,2.145814292056022,0.020324454188694663,4.0765635315179765
2005-12-16,503.3999938964844,8.520999908447266,6.221385070576631,-0.000992752997367674,2.142533694101454,-0.003280597954568254,4.0788513764751775
2005-12-19,503.6000061035156,8.567000389099121,6.221782314289961,0.00039724371332994224,2.1479176584002695,0.005383964298815602,4.073864655889691
2005-12-20,494.6000061035156,8.312000274658203,6.203749367427623,-0.018032946862338584,2.1177002868405017,-0.03021737155976778,4.086049080587121
2005-12-21,493.0,8.352999687194824,6.20050917404269,-0.0032401933849328657,2.1226207183255252,0.004920431485023524,4.077888455717165
2005-12-22,502.70001220703125,8.501999855041504,6.219993594981464,0.019484420938773894,2.1403014128866693,0.017680694561144072,4.079692182094794
2005-12-23,503.0,8.569000244140625,6.220590170099739,0.0005965751182754886,2.1481510681781266,0.007849655291457314,4.072439101921613
2005-12-27,508.0,8.741999626159668,6.230481447578482,0.009891277478742744,2.1681389536774143,0.01998788549928765,4.062342493901068
2005-12-28,514.2000122070312,8.864999771118164,6.24261231857164,0.012130870993157572,2.182110913707577,0.013971960030162656,4.060501404864063
2005-12-29,515.7000122070312,8.812000274658203,6.245525224727713,0.0029129061560730918,2.176114460108753,-0.005996453598823948,4.06941076461896
2005-12-30,517.0999755859375,8.819999694824219,6.248236232188749,0.002711007461035919,2.1770218354182704,0.0009073753095174553,4.071214396770478
2006-01-03,530.7000122070312,9.086999893188477,6.274196912835603,0.02596068064685486,2.206844808958888,0.029822973540617692,4.067352103876715
2006-01-04,533.9000244140625,9.10200023651123,6.280208601233921,0.006011688398317894,2.208494195578984,0.0016493866200959495,4.071714405654937
2006-01-05,526.2999877929688,8.809000015258789,6.265871369165678,-0.014337232068243111,2.1757739278598405,-0.0327202677191436,4.090097441305838
2006-01-06,539.7000122070312,9.112000465393066,6.291013452242776,0.025142083077097865,2.2095922772196235,0.033818349359783006,4.081421175023152
2006-01-09,549.0999755859375,9.222000122070312,6.3082805298228655,0.017267077580089385,2.2215919470213725,0.011999669801749047,4.086688582801493
2006-01-10,544.2999877929688,8.956999778747559,6.299500543013126,-0.008779986809739349,2.1924353247914343,-0.0291566222299382,4.107065218221692
2006-01-11,548.7999877929688,9.006999969482422,6.3077340541685425,0.008233511155416373,2.198002049413399,0.005566724621964614,4.109732004755143
2006-01-12,548.2999877929688,9.006999969482422,6.306822560146586,-0.0009114940219561163,2.198002049413399,0.0,4.108820510733187
2006-01-13,556.0999755859375,9.112000465393066,6.320948090291229,0.014125530144642795,2.2095922772196235,0.01159022780622454,4.111355813071606
2006-01-17,553.4000244140625,9.020000457763672,6.316081111469309,-0.00486697882192022,2.1994443848243836,-0.010147892395239833,4.116636726644925
2006-01-18,543.7000122070312,8.819999694824219,6.298397646603652,-0.017683464865656973,2.1770218354182704,-0.022422549406113212,4.1213758111853815
2006-01-19,558.4000244140625,9.057999610900879,6.32507559516962,0.02667794856596828,2.2036483021776156,0.026626466759345213,4.121427292992005
2006-01-20,553.5,8.880000114440918,6.316261752148692,-0.00881384302092858,2.1838015698915694,-0.019846732286046276,4.132460182257122
2006-01-23,558.2999877929688,9.026000022888184,6.32489643045167,0.008634678302978038,2.200109303940615,0.01630773404904584,4.1247871265110545
2006-01-24,557.7000122070312,9.182999610900879,6.323821205283676,-0.001075225167993743,2.217353906259706,0.017244602319090863,4.10646729902397
2006-01-25,562.2000122070312,9.46500015258789,6.331857680185401,0.008036474901724766,2.2476008007825636,0.03024689452285756,4.084256879402837
2006-01-26,559.7000122070312,9.564000129699707,6.327400947707267,-0.004456732478133496,2.258006063157319,0.010405262374755253,4.069394884549949
2006-01-27,558.7000122070312,9.565999984741211,6.325612678314094,-0.0017882693931730032,2.2582151436629987,0.00020908050567980396,4.0673975346510955
2006-01-30,565.7999877929688,9.739999771118164,6.33824063729265,0.012627958978555398,2.2762410941552815,0.01802595049228284,4.061999543137368
2006-01-31,570.7999877929688,9.850000381469727,6.347038864216852,0.008798226924202623,2.287471493911888,0.011230399756606335,4.059567370304965
2006-02-01,569.4000244140625,9.760000228881836,6.344583217720758,-0.0024556464960943103,2.2782924238760085,-0.009179070035879366,4.0662907938447495
2006-02-02,572.5,9.843999862670898,6.350012735428395,0.00542951770763711,2.286862118578271,0.008569694702262431,4.063150616850124
2006-02-03,567.4000244140625,9.729999542236328,6.341064565402706,-0.008948170025688817,2.2752138491512865,-0.011648269426984381,4.06585071625142
2006-02-06,570.2000122070312,9.727999687194824,6.345987197886904,0.004922632484197997,2.2750082930686735,-0.00020555608261307867,4.070978904818231
2006-02-07,551.0,9.380000114440918,6.311734809152915,-0.03425238873398939,2.2385797752186574,-0.03642851785001611,4.073155033934258
2006-02-08,550.0999755859375,9.414999961853027,6.310100035500276,-0.0016347736526389767,2.242304158057393,0.0037243828387354405,4.067795877442883
2006-02-09,564.5,9.637999534606934,6.335940383589716,0.025840348089440468,2.2657135699308326,0.02340941187343981,4.070226813658884
2006-02-10,550.2000122070312,9.359999656677246,6.3102818706770085,-0.02565851291270782,2.236445253809719,-0.029268316121113802,4.07383661686729
2006-02-13,539.0,9.100000381469727,6.289715570908998,-0.020566299768010943,2.2082744554425537,-0.028170798367165073,4.081441115466443
2006-02-14,545.9000244140625,9.29699993133545,6.302435853510302,0.012720282601304866,2.2296917600880533,0.021417304645499513,4.07274409342225
2006-02-15,539.7000122070312,9.199000358581543,6.291013452242776,-0.011422401267526361,2.2190948214755113,-0.010596938612541962,4.071918630767264
2006-02-16,546.0,9.357999801635742,6.302618975744905,0.011605523502129067,2.236231571246732,0.017136749771220927,4.0663874044981725
2006-02-17,551.7999877929688,9.407999992370605,6.313185639660984,0.010566663916078411,2.2415603903453234,0.005328819098591175,4.071625249315661
2006-02-21,553.9000244140625,9.53600025177002,6.316984209115718,0.0037985694547346682,2.255074136725051,0.013513746379727465,4.061910072390667
2006-02-22,553.9000244140625,9.567000389099121,6.316984209115718,0.0,2.2583197173669944,0.0032455806419435795,4.058664491748724
2006-02-23,548.4000244140625,9.461999893188477,6.307004992206872,-0.009979216908845956,2.2472837659204843,-0.01103595144651015,4.059721226286388
2006-02-24,558.7999877929688,9.732999801635742,6.3257916055377255,0.018786613330853186,2.275522153063769,0.028238387143284527,4.050269452473957
2006-02-27,554.7000122070312,9.60200023651123,6.318427449067735,-0.007364156469990668,2.2619714347402033,-0.01355071832356547,4.056456014327532
2006-02-28,561.5999755859375,9.720000267028809,6.330789809239267,0.012362360171532139,2.274185645944447,0.012214211204243597,4.0566041632948195
2006-03-01,563.5,9.710000038146973,6.334167333479831,0.003377524240564256,2.273156286231861,-0.0010293597125858867,4.06101104724797
2006-03-02,568.2000122070312,10.128000259399414,6.3424734909037745,0.008306157423943361,2.3153038910139263,0.04214760478206525,4.027169599889849
2006-03-03,566.0,10.16100025177002,6.338594078203183,-0.0038794127005914447,2.318556887281819,0.0032529962678928825,4.020037190921364
2006-03-06,554.9000244140625,9.95300006866455,6.318787961329083,-0.019806116874099722,2.2978740201628063,-0.020682867119012904,4.0209139411662775
2006-03-07,552.7000122070312,10.03499984741211,6.314815380925396,-0.003972580403686976,2.306078967042732,0.008204946879925679,4.008736413882664
2006-03-08,542.5,9.777000427246094,6.296188085414615,-0.018627295510781572,2.2800327322226326,-0.02604623482009938,4.016155353191982
2006-03-09,545.5,9.902999877929688,6.301702805273125,0.005514719858510375,2.2928377292125663,0.012804996989933759,4.008865076060559
2006-03-10,539.9000244140625,9.895000457763672,6.291383982443842,-0.010318822829283647,2.2920296253166472,-0.0008081038959191211,3.9993543571271943
2006-03-13,546.0999755859375,10.093000411987305,6.302802064451895,0.01141808200805361,2.3118421550758343,0.019812529759187125,3.990959909376061
2006-03-14,551.7000122070312,10.182000160217285,6.313004442404597,0.010202377952701625,2.3206214712154893,0.008779316139654991,3.9923829711891075
2006-03-15,553.0999755859375,10.286999702453613,6.315538772860219,0.0025343304556217916,2.330880933224387,0.010259462008897824,3.9846578396358314
2006-03-16,554.4000244140625,10.281000137329102,6.317886491912602,0.0023477190523832903,2.3302975449181442,-0.0005833883062429379,3.9875889469944577
2006-03-17,554.0999755859375,10.305999755859375,6.3173451318125515,-0.0005413601000503476,2.3327262262168587,0.00242868129871443,3.984618905595693
2006-03-20,555.2000122070312,10.307000160217285,6.319328431179322,0.0019832993667705523,2.3328232915991673,9.7065382308692e-05,3.9865051395801547
2006-03-21,552.4000244140625,10.515999794006348,6.3142724657314835,-0.005055965447838595,2.352897887279041,0.020074595679873575,3.9613745784524426
2006-03-22,550.9000244140625,10.446000099182129,6.311553348795356,-0.0027191169361273637,2.3462191395088543,-0.006678747770186622,3.965334209286502
2006-03-23,550.0999755859375,10.642999649047852,6.310100035500276,-0.0014533132950802496,2.36490236608398,0.018683226575125556,3.945197669416296
2006-03-24,560.0,10.687999725341797,6.327936783729195,0.017836748228918786,2.3691215910964787,0.004219225012498828,3.958815192632716
2006-03-27,567.0,10.847999572753906,6.340359303727752,0.012422519998557036,2.383980691813259,0.014859100716780205,3.956378611914493
2006-03-28,566.5999755859375,10.826000213623047,6.339653544307707,-0.0007057594200450268,2.381950668107194,-0.002030023706065087,3.957702876200513
2006-03-29,573.0,11.072999954223633,6.35088571671474,0.011232172407033225,2.4045097085819185,0.02255904047472468,3.9463760081328214
2006-03-30,586.7000122070312,11.618000030517578,6.3745136367380715,0.023627920023331583,2.4525556221970906,0.048045913615172076,3.921958014540981
2006-03-31,581.7999877929688,11.479999542236328,6.36612672507961,-0.008386911658461393,2.4406063510165352,-0.011949271180555332,3.925520374063075
2006-04-03,589.4000244140625,11.722999572753906,6.379105111725484,0.012978386645873918,2.461552687644575,0.020946336628039575,3.917552424080909
2006-04-04,586.0,11.687999725341797,6.373319789577012,-0.005785322148471828,2.4585626509492364,-0.0029900366953383717,3.9147571386277757
2006-04-05,587.9000244140625,11.664999961853027,6.376556906935785,0.0032371173587728563,2.4565929022031856,-0.0019697487460508256,3.9199640047325994
2006-04-06,595.2000122070312,12.006999969482422,6.388897504028007,0.012340597092221905,2.485489810506932,0.02889690830374647,3.903407693521075
2006-04-07,588.4000244140625,12.03499984741211,6.37740703021957,-0.011490473808437152,2.487819058556357,0.0023292480494250256,3.8895879716632127
2006-04-10,597.5999755859375,12.529000282287598,6.392921592965089,0.0155145627455191,2.5280459797941517,0.04022692123779459,3.864875613170937
2006-04-11,595.2000122070312,12.572999954223633,6.388897504028007,-0.004024088937081949,2.5315516539701974,0.0035056741760457477,3.8573458500578095
2006-04-12,597.5,12.63599967956543,6.392754283805666,0.0038567797776591917,2.5365498575809773,0.00499820361077985,3.856204426224689
2006-04-13,596.5,12.82800006866455,6.3910792415379705,-0.001675042267695659,2.5516302871836176,0.015080429602640333,3.839448954354353
2006-04-17,615.4000244140625,13.34000015258789,6.4222725025598,0.031193261021829954,2.5907670519258503,0.03913676474223271,3.83150545063395
2006-04-18,620.0,13.760000228881836,6.429719478039138,0.007446975479337148,2.621765849139052,0.030998797213201534,3.8079536289000857
2006-04-19,632.5999755859375,14.49899959564209,6.449838272278341,0.020118794239203375,2.6740796536423805,0.052313804503328676,3.7757586186359604
2006-04-20,619.7999877929688,12.510000228881836,6.429396825658534,-0.020441446619806847,2.52652834277473,-0.14755131086765072,3.9028684828838043
2006-04-21,632.2000122070312,12.96500015258789,6.44920581909033,0.019808993431795763,2.562253430759844,0.03572508798511409,3.886952388330486
2006-04-24,620.5999755859375,11.772000312805176,6.430686712674829,-0.018519106415500808,2.465723856943191,-0.09652957381665273,3.964962855731638
2006-04-25,631.0,12.555000305175781,6.447305862541213,0.016619149866383687,2.530119016916659,0.06439515997346801,3.9171868456245535
2006-04-26,638.7999877929688,12.8100004196167,6.459591397231541,0.012285534690327893,2.5502261486656055,0.020107131748946294,3.909365248565935
2006-04-27,633.2999877929688,12.470000267028809,6.4509442242471104,-0.008647172984430185,2.523325781105642,-0.02690036755996328,3.9276184431414682
2006-04-28,651.7999877929688,13.510000228881836,6.4797377476752755,0.028793523428165102,2.603430168913768,0.08010438780812601,3.8763075787615073
2006-05-01,657.5,13.85200023651123,6.48844476405192,0.008707016376644283,2.628429643614333,0.02499947470056485,3.8600151204375868
2006-05-02,664.7000122070312,14.109999656677246,6.499335829412259,0.010891065360339347,2.6468837415328474,0.01845409791851438,3.8524520878794117
2006-05-03,665.9000244140625,13.704000473022461,6.501139545779832,0.0018037163675730383,2.6176877955389273,-0.02919594599392017,3.883451750240905
2006-05-04,674.2000122070312,13.734999656677246,6.51352682090591,0.012387275126077846,2.6199472945510407,0.0022594990121134195,3.8935795263548694
2006-05-05,682.2000122070312,13.791999816894531,6.52532288787817,0.0117960669722601,2.6240887006451286,0.004141406094087863,3.9012341872330416
2006-05-08,677.7999877929688,13.677000045776367,6.5188522411631675,-0.006470646715002637,2.6157155932463736,-0.008373107398754964,3.903136647916794
2006-05-09,699.4000244140625,14.37399959564209,6.550222859536428,0.03137061837326005,2.6654209909150475,0.04970539766867388,3.88480186862138
2006-05-10,703.7000122070312,14.190999984741211,6.556352146319428,0.006129286783000509,2.652607959777156,-0.01281303113789134,3.903744186542272
2006-05-11,719.7999877929688,14.845999717712402,6.578973378686009,0.02262123236658109,2.6977304496809675,0.0451224899038114,3.8812429290050416
2006-05-12,710.2999877929688,14.145999908447266,6.5656873988180235,-0.013285979867985631,2.6494318921418105,-0.04829855753915702,3.916255506676213
2006-05-15,683.5999755859375,13.246000289916992,6.527372915527476,-0.03831448329054776,2.5836956419499226,-0.06573625019188789,3.943677273577553
2006-05-16,691.5,13.45199966430664,6.538863151104813,0.011490235577337415,2.5991277689231196,0.015432126973196958,3.9397353821816936
2006-05-17,690.5,13.156999588012695,6.537415972849347,-0.0014471782554661416,2.5769539050705363,-0.022173863852583242,3.9604620677788107
2006-05-18,679.5999755859375,12.437000274658203,6.5215043538736115,-0.015911618975735564,2.5206759227555633,-0.05627798231497305,4.000828431118048
2006-05-19,656.7000122070312,12.277000427246094,6.487227311785371,-0.03427704208824078,2.5077276279992313,-0.012948294756331968,3.9794996837861394
2006-05-22,657.0,12.354999542236328,6.48768401848461,0.000456706699239362,2.5140608023896887,0.00633317439045733,3.9736232160949214
2006-05-23,673.0,13.100000381469727,6.511745329644728,0.024061311160117782,2.572612259326932,0.058551456937243174,3.939133070317796
2006-05-24,637.0,12.449999809265137,6.456769655572163,-0.05497567407256465,2.5217206075906473,-0.050891651736284516,3.935049047981516
2006-05-25,648.4000244140625,12.539999961853027,6.474507827514301,0.01773817194213745,2.5289235321627515,0.007202924572104141,3.945584295351549
2006-05-26,650.9000244140625,12.675000190734863,6.4783560580865025,0.0038482305722018495,2.539631564525362,0.010708032362610531,3.9387244935611405
2006-05-30,653.9000244140625,13.012999534606934,6.48295447190331,0.004598413816807145,2.565948822030917,0.026317257505554803,3.917005649872393
2006-05-31,642.5,12.39799976348877,6.465366816769375,-0.017587655133934454,2.517535150203164,-0.04841367182775258,3.947831666566211
2006-06-01,627.5999755859375,11.850000381469727,6.441902981958203,-0.023463834811171758,2.4723278997726776,-0.04520725043048657,3.969575082185526
2006-06-02,635.5,12.03499984741211,6.454412090629509,0.012509108671305391,2.487819058556357,0.01549115878367946,3.9665930320731517
2006-06-05,643.2000122070312,12.244999885559082,6.46645573684335,0.012043646213840908,2.5051176810582008,0.017298622501843663,3.961338055785149
2006-06-06,629.4000244140625,11.805000305175781,6.444767023419728,-0.021688713423621664,2.468523196388876,-0.03659448466932469,3.976243827030852
2006-06-07,627.4000244140625,11.857000350952148,6.441584334669651,-0.0031826887500772116,2.4729184400746638,0.0043952436857876975,3.968665894594987
2006-06-08,609.0999755859375,11.041999816894531,6.411982417760247,-0.029601916909403947,2.4017061672792166,-0.07121227279544717,4.010276250481031
2006-06-09,608.2000122070312,11.177000045776367,6.410503795314016,-0.0014786224462310926,2.413858099499061,0.01215193221984423,3.996645695814955
2006-06-12,606.7999877929688,11.03499984741211,6.4081992273573185,-0.002304567956697312,2.4010720258810703,-0.012786073617990557,4.007127201476248
2006-06-13,562.5,9.595000267028809,6.332391134078575,-0.07580809327874327,2.2612421572896584,-0.1398298685914119,4.071148976788917
2006-06-14,562.2999877929688,9.706999778747559,6.332035493589048,-0.00035564048952707594,2.2728472519370078,0.011605094647349379,4.05918824165204
2006-06-15,566.5,9.949999809265137,6.339477080468061,0.0074415868790129736,2.297572532001168,0.024725280064160415,4.041904548466893
2006-06-16,578.0,10.109999656677246,6.359573868672378,0.020096788204316596,2.31352499907365,0.01595246707248199,4.046048869598728
2006-06-19,568.7999877929688,9.949000358581543,6.343528857028005,-0.016045011644372664,2.2974720796491903,-0.016052919424459855,4.046056777378815
2006-06-20,576.9000244140625,10.25,6.3576689835822435,0.014140126554238464,2.327277705584417,0.029805625935226843,4.030391277997826
2006-06-21,587.5,10.399999618530273,6.375876246018314,0.018207262436070515,2.3418057694675447,0.014528063883127551,4.034070476550769
2006-06-22,582.2000122070312,10.194999694824219,6.366814052278598,-0.009062193739715951,2.32189737409255,-0.01990839537499456,4.044916678186048
2006-06-23,584.7999877929688,10.270999908447266,6.371269887561712,0.004455835283113885,2.3293243812699553,0.007427007177405187,4.041945506291757
2006-06-26,584.7999877929688,10.229000091552734,6.371269887561712,0.0,2.3252268324251815,-0.004097548844773868,4.046043055136531
2006-06-27,581.5999755859375,10.1850004196167,6.365782884241897,-0.005487003319815109,2.320916090878248,-0.00431074154693345,4.044866793363649
2006-06-28,578.2999877929688,10.14799976348877,6.360092744055697,-0.0056901401861999545,2.3172766184308435,-0.0036394724474044793,4.042816125624853
2006-06-29,586.5,10.333000183105469,6.3741726680935304,0.014079924037833536,2.3353426749526736,0.01806605652183002,4.0388299931408564
2006-06-30,613.5,10.90999984741211,6.419180264150966,0.04500759605743543,2.3896797858589216,0.05433711090624804,4.029500478292045
2006-07-03,613.5,10.833000183105469,6.419180264150966,0.0,2.3825970478659935,-0.007082737992928134,4.036583216284972
2006-07-05,627.2999877929688,11.335000038146973,6.441424875643059,0.022244611492093114,2.427895287324907,0.045298239458913425,4.013529588318152
2006-07-06,634.0999755859375,11.506999969482422,6.452206632204073,0.010781756561014433,2.4429555431892336,0.015060255864326688,4.00925108901484
2006-07-07,632.7999877929688,11.324999809265137,6.450154397162939,-0.002052235041134054,2.427012654527167,-0.0159428886620665,4.023141742635772
2006-07-10,624.0999755859375,11.029999732971191,6.436310572821165,-0.013843824341774003,2.40061880905609,-0.02639384547107726,4.035691763765076
2006-07-11,641.2000122070312,11.470000267028809,6.463341439773188,0.027030866952022947,2.4397349544219074,0.039116145365817534,4.023606485351281
2006-07-12,649.4000244140625,11.475000381469727,6.476048897263544,0.012707457490355623,2.4401707891901574,0.00043583476825004297,4.035878108073387
2006-07-13,652.9000244140625,11.404999732971191,6.481424015585851,0.005375118322307415,2.4340518323230405,-0.0061189568671169425,4.0473721832628105
2006-07-14,666.5999755859375,11.449999809265137,6.502190129248882,0.02076611366303105,2.4379897133421817,0.003937881019141276,4.064200415906701
2006-07-17,650.5999755859375,11.010000228881836,6.477894976513793,-0.024295152735088976,2.3988039715231295,-0.03918574181905221,4.079091004990664
2006-07-18,628.2999877929688,10.454999923706055,6.443017739980235,-0.034877236533558786,2.3470803255832324,-0.05172364593989709,4.095937414397002
2006-07-19,641.5999755859375,11.055000305175781,6.463965018500461,0.020947278520226043,2.4028828419146357,0.05580251633140332,4.061082176585825
2006-07-20,631.7000122070312,11.005000114440918,6.44841461722875,-0.015550401271710257,2.3983497253774178,-0.004533116537217996,4.050064891851333
2006-07-21,619.5999755859375,10.78499984741211,6.429074069139771,-0.019340548088979226,2.378156265692961,-0.020193459684456627,4.05091780344681
2006-07-24,612.7000122070312,10.869999885559082,6.41787543965495,-0.011198629484820977,2.3860066906049746,0.007850424912013487,4.031868749049975
2006-07-25,617.5999755859375,10.895000457763672,6.425840959180024,0.007965519525074072,2.388304010412523,0.002297319807548437,4.037536948767501
2006-07-26,621.5999755859375,11.029999732971191,6.432296759777275,0.006455800597250594,2.40061880905609,0.012314798643566771,4.0316779507211855
2006-07-27,632.4000244140625,11.34000015258789,6.449522143940728,0.017225384163452873,2.428336311755328,0.027717502699238228,4.0211858321854
2006-07-28,634.7999877929688,11.319999694824219,6.453309969422526,0.003787825481798457,2.426571045816045,-0.001765265939282834,4.026738923606481
2006-07-31,634.2000122070312,11.324999809265137,6.452364381352167,-0.0009455880703592712,2.427012654527167,0.00044160871112186584,4.025351726825
2006-08-01,646.2999877929688,11.694999694824219,6.471263773381287,0.0188993920291205,2.4591613739415905,0.03214871941442343,4.012102399439697
2006-08-02,651.5999755859375,12.20300006866455,6.479430839260022,0.008167065878734725,2.5016818287765608,0.042520454834970245,3.9777490104834614
2006-08-03,644.9000244140625,12.045000076293945,6.46909530387346,-0.010335535386562178,2.488649642400911,-0.013032186375649957,3.980445661472549
2006-08-04,644.0,12.4399995803833,6.467698726104354,-0.0013965777691060666,2.5209170535797867,0.03226741117887588,3.9467816725245672
2006-08-07,647.7999877929688,12.222999572753906,6.473581987893402,0.005883261789048078,2.503319387840851,-0.01759766573893584,3.970262600052551
2006-08-08,645.7000122070312,12.220000267028809,6.470335018537534,-0.0032469693558683232,2.5030739755952336,-0.00024541224561724917,3.9672610429423
2006-08-09,650.5,12.529999732971191,6.47774129795256,0.007406279415026695,2.528125747596819,0.02505177200158526,3.9496155503557415
2006-08-10,634.9000244140625,12.069999694824219,6.4534675446298015,-0.02427375332275883,2.4907230098256137,-0.037402737771205175,3.962744534804188
2006-08-11,633.5,11.852999687194824,6.451259999761194,-0.002207544868607414,2.472580973706983,-0.018142036118630855,3.9786790260542113
2006-08-14,628.5,12.128000259399414,6.443336028030302,-0.007923971730892099,2.4955168502884897,0.022935876581506864,3.9478191777418123
2006-08-15,622.5,12.055999755859375,6.4337436283388625,-0.009592399691439546,2.4895624410736445,-0.0059544092148451355,3.944181187265218
2006-08-16,628.7000122070312,12.258999824523926,6.443654214805321,0.009910586466458149,2.506260346798796,0.016697905725151507,3.9373938680065246
2006-08-17,615.4000244140625,11.972999572753906,6.4222725025598,-0.021381712245520212,2.4826540790505756,-0.0236062677482205,3.939618423509225
2006-08-18,612.0999755859375,12.010000228881836,6.416895627971281,-0.005376874588518987,2.485739655149497,0.003085576098921461,3.9311559728217844
2006-08-21,625.7000122070312,12.324999809265137,6.438871042513717,0.021975414542435345,2.5116297044533082,0.025890049303811224,3.9272413380604085
2006-08-22,624.5999755859375,12.244999885559082,6.437111405761462,-0.0017596367522552114,2.5051176810582008,-0.00651202339510748,3.931993724703261
2006-08-23,623.7000122070312,12.498000144958496,6.4356695031040365,-0.0014419026574250537,2.525568643105425,0.020450962047224408,3.9101008599986113
2006-08-24,619.5,12.29699993133545,6.428912701069197,-0.006756802034839637,2.5093553246064646,-0.01621331849896057,3.9195573764627323
2006-08-25,622.0,12.359000205993652,6.432940092739179,0.00402739166998245,2.5143845592750997,0.005029234668635141,3.9185555334640796
2006-08-28,615.2999877929688,12.013999938964844,6.422109933907291,-0.010830158831888426,2.486072631347634,-0.028311927927465952,3.936037302559657
2006-08-29,610.7000122070312,12.142000198364258,6.414605860217677,-0.007504073689613477,2.4966705330452754,0.010597901697641632,3.917935327172402
2006-08-30,617.7000122070312,12.498000144958496,6.426002922463924,0.011397062246246925,2.525568643105425,0.02889811006014975,3.900434279358499
2006-08-31,625.9000244140625,12.899999618530273,6.439190652936986,0.013187730473061876,2.5572272817963295,0.03165863869090435,3.8819633711406567
2006-09-01,624.4000244140625,12.970000267028809,6.436791227741312,-0.002399425195673821,2.562639018916541,0.0054117371202115905,3.8741522088247713
2006-09-04,624.4000244140625,12.914999961853027,6.436791227741312,0.0,2.5583894235941087,-0.004249595322432409,3.8784018041472037
2006-09-05,638.5,13.005000114440918,6.459121675472594,0.022330447731281566,2.565333907700378,0.006944484106269133,3.893787767772216
2006-09-06,633.5,13.0649995803833,6.451259999761194,-0.00786167571139984,2.5699368668549556,0.004602959154577757,3.8813231329062385
2006-09-07,617.0,12.562999725341797,6.424869023905388,-0.026390975855806076,2.530755964159811,-0.039180902695144404,3.894113059745577
2006-09-08,609.5999755859375,12.163000106811523,6.412802964323121,-0.01206605958226703,2.498398565417975,-0.032357398741836185,3.914404398905146
2006-09-11,590.0,11.107999801635742,6.380122536899765,-0.032680427423356306,2.4076655515867698,-0.09073301383120524,3.972456985312995
2006-09-12,586.9000244140625,11.024999618530273,6.374854489162622,-0.00526804773714229,2.4001653867324806,-0.007500164854289171,3.974689102430142
2006-09-13,589.0999755859375,11.085000038146973,6.378595907084656,0.0037414179220336408,2.4055928465095895,0.005427459777108901,3.9730030605750666
2006-09-14,579.2999877929688,10.835000038146973,6.361820457030541,-0.01677545005411485,2.38278163850904,-0.022811208000549588,3.9790388185215013
2006-09-15,576.4000244140625,10.760000228881836,6.356801906481477,-0.0050185505490638604,2.3758355760051844,-0.0069460625038555435,3.980966330476293
2006-09-18,586.2000122070312,11.175000190734863,6.373661049100796,0.016859142619318312,2.4136791575676293,0.03784358156244494,3.9599818915331664
2006-09-19,576.7999877929688,10.829999923706055,6.35749556480737,-0.01616548429342579,2.3823200539682134,-0.03135910359941585,3.9751755108391564
2006-09-20,580.0,11.027000427246094,6.363028103540465,0.005532538733095116,2.400346849521992,0.01802679555377873,3.962681254018473
2006-09-21,582.2000122070312,11.13700008392334,6.366814052278598,0.0037859487381330936,2.410272905946506,0.009926056424513607,3.9565411463320923
2006-09-22,589.4000244140625,11.20199966430664,6.379105111725484,0.01229105944688591,2.41609230382037,0.005819397873864318,3.963012807905114
2006-09-25,589.9000244140625,11.217000007629395,6.379953072395811,0.000847960670326664,2.41743048534325,0.0013381815228798999,3.9625225870525607
2006-09-26,591.2000122070312,11.395000457763672,6.38215439028188,0.002201317886068921,2.4331747028699744,0.01574421752672439,3.948979687411905
2006-09-27,597.2999877929688,11.600000381469727,6.392419479301242,0.010265089019362073,2.4510051309976397,0.017830428127665332,3.941414348303602
2006-09-28,605.0,11.645000457763672,6.405228458030842,0.012808978729600184,2.4548769426461936,0.00387181164855388,3.9503515153846482
2006-09-29,598.5999755859375,11.449999809265137,6.394593554633328,-0.010634903397513717,2.4379897133421817,-0.016887229304011875,3.9566038412911464
2006-10-02,597.7000122070312,11.550000190734863,6.39308897625355,-0.001504578379778465,2.4466854534816433,0.008695740139461616,3.9464035227719063
2006-10-03,576.2999877929688,10.954999923706055,6.35662833726089,-0.03646063899265961,2.3937959660831263,-0.052889487398517065,3.9628323711777638
2006-10-04,562.0,10.704999923706055,6.331501849893691,-0.025126487367199246,2.370710914914701,-0.023085051168425075,3.9607909349789896
2006-10-05,571.0,10.979999542236328,6.3473892096560105,0.015887359762319697,2.3960753943907034,0.025364479476002177,3.951313815265307
2006-10-06,572.4000244140625,11.085000038146973,6.349838090334396,0.0024488806783855566,2.4055928465095895,0.009517452118886105,3.9442452438248066
2006-10-09,578.4000244140625,11.329999923706055,6.360265713054206,0.010427622719809904,2.427454068306116,0.021861221796526387,3.93281164474809
2006-10-10,571.9000244140625,11.135000228881836,6.3489641936106604,-0.011301519443545516,2.4100933212645024,-0.0173607470416135,3.938870872346158
2006-10-11,572.2999877929688,11.244999885559082,6.34966330808528,0.0006991144746191225,2.41992357523423,0.009830253969727476,3.9297397328510497
2006-10-12,576.2999877929688,11.295000076293945,6.35662833726089,0.006965029175610482,2.424360156674632,0.004436581440402154,3.932268180586258
2006-10-13,588.7999877929688,11.597999572753906,6.378086546682616,0.02145820942172616,2.450832632616337,0.02647247594170521,3.927253914066279
2006-10-16,594.7000122070312,11.82800006866455,6.388057097238916,0.00997055055630014,2.4704696077954855,0.019636975179148308,3.917587489443431
2006-10-17,589.7000122070312,11.697999954223633,6.379613953706867,-0.008443143532049113,2.459417883107655,-0.011051724687830333,3.920196070599212
2006-10-18,588.9000244140625,11.743000030517578,6.378256431407584,-0.0013575222992834313,2.463257320981733,0.003839437874077589,3.914999110425851
2006-10-19,599.0,12.085000038146973,6.395261598115449,0.01700516670786545,2.4919650173120016,0.028707696330268817,3.9032965808034477
2006-10-20,593.0,11.890000343322754,6.385194398997726,-0.010067199117723469,2.475697739577606,-0.016267277734395513,3.9094966594201197
2006-10-23,579.7000122070312,11.600000381469727,6.362510749403184,-0.0226836495945415,2.4510051309976397,-0.024692608579966357,3.9115056184055446
2006-10-24,584.4000244140625,11.779999732971191,6.370585721652831,0.008074972249646706,2.46640315555546,0.015398024557820467,3.904182566097371
2006-10-25,587.5999755859375,11.819999694824219,6.3760464027509425,0.005460681098111486,2.4697929861593577,0.0033898306038975257,3.9062534165915848
2006-10-26,596.7999877929688,12.170000076293945,6.39158202843541,0.015535625684467647,2.4989739132684536,0.029180927109095922,3.8926081151669565
2006-10-27,598.2000122070312,12.015000343322754,6.393925166602118,0.0023431381667080586,2.486155897762943,-0.012818015505510427,3.907769268839175
2006-10-30,604.7000122070312,12.194999694824219,6.404732487466088,0.01080732086396985,2.501026006643219,0.014870108880275623,3.903706480822869
2006-10-31,604.0999755859375,12.211999893188477,6.403739706730753,-0.0009927807353351525,2.5024190661261914,0.0013930594829725251,3.9013206406045615
2006-11-01,616.5999755859375,12.416999816894531,6.424220475857397,0.020480769126644205,2.519066486688352,0.01664742056216051,3.905153989169045
2006-11-02,625.4000244140625,12.597999572753906,6.438391484061256,0.014171008203859081,2.5335380372859335,0.01447155059758165,3.9048534467753226
2006-11-03,626.9000244140625,12.585000038146973,6.440787077224032,0.002395593162775711,2.532505631618425,-0.001032405667508396,3.9082814456056068
2006-11-06,625.7999877929688,12.713000297546387,6.439030811728499,-0.0017562654955325385,2.5426251153728767,0.010119483754451597,3.8964056963556226
2006-11-07,625.7000122070312,12.628000259399414,6.438871042513717,-0.0001597692147825569,2.5359165912373522,-0.006708524135524474,3.9029544512763645
2006-11-08,616.4000244140625,12.506999969482422,6.423896143053459,-0.014974899460257873,2.5262884851267295,-0.009628106110622703,3.8976076579267294
2006-11-09,635.0,13.010000228881836,6.453624998892692,0.029728855839232793,2.565718310117176,0.03942982499044634,3.887906688775516
2006-11-10,628.4000244140625,13.07699966430664,6.443176945232615,-0.010448053660076617,2.570854936253847,0.005136626136671207,3.872322008978768
2006-11-13,624.2000122070312,12.854999542236328,6.436470849392961,-0.0067060958396538695,2.553732805108076,-0.017122131145771213,3.8827380442848853
2006-11-14,623.7999877929688,12.861000061035156,6.435829784604881,-0.0006410647880805698,2.5541994810297046,0.00046667592162874527,3.881630303575176
2006-11-15,622.5,12.916999816894531,6.4337436283388625,-0.0020861562660181576,2.558544259074337,0.0043447780446324025,3.8751993692645255
2006-11-16,620.5999755859375,12.92199993133545,6.430686712674829,-0.0030569156640334327,2.5589312798222026,0.00038702074786556295,3.8717554328526265
2006-11-17,621.5,12.779000282287598,6.432135910950766,0.0014491982759370359,2.547803220716526,-0.011128059105676602,3.88433269023424
2006-11-20,621.2000122070312,12.720999717712402,6.431653110925258,-0.00048280002550793455,2.543254148983397,-0.004549071733129129,3.8883989619418613
2006-11-21,628.2000122070312,13.071999549865723,6.442858606536305,0.011205495611046778,2.57047250368265,0.027218354699253045,3.872386102853655
2006-11-22,628.7000122070312,13.029999732971191,6.443654214805321,0.0007956082690157018,2.5672543706433686,-0.0032181330392813123,3.876399844161952
2006-11-24,628.7000122070312,13.029999732971191,6.443654214805321,0.0,2.5672543706433686,0.0,3.876399844161952
2006-11-27,628.7000122070312,13.484999656677246,6.443654214805321,0.0,2.6015779311320895,0.03432356048872087,3.842076283673231
2006-11-28,637.2000122070312,13.619999885559082,6.457083597193193,0.013429382387871946,2.6115392923189495,0.009961361186860085,3.845544304874243
2006-11-29,635.5,13.565999984741211,6.454412090629509,-0.0026715065636837565,2.607566661399106,-0.003972630919843567,3.846845429230403
2006-11-30,646.9000244140625,13.925000190734863,6.472191760790026,0.01777967016051729,2.6336857995106446,0.026119138111538653,3.8385059612793815
2006-12-01,644.7000122070312,14.005999565124512,6.468785111251011,-0.0034066495390154827,2.6394857781840972,0.00579997867345261,3.8292993330669134
2006-12-04,645.2000122070312,14.060999870300293,6.469560365170817,0.0007752539198060404,2.6434049983846046,0.0039192202005073895,3.826155366786212
2006-12-05,642.2999877929688,13.845000267028809,6.46505546525856,-0.004504899912256555,2.6279241759099463,-0.015480822474658318,3.837131289348614
2006-12-06,630.5,13.614999771118164,6.446513155404975,-0.018542309853585515,2.6111721093147175,-0.016752066595228765,3.835341046090257
2006-12-07,631.9000244140625,13.861000061035156,6.448731192415368,0.002218037010393026,2.629079145634589,0.017907036319871672,3.8196520467807784
2006-12-08,626.0999755859375,13.718999862670898,6.439510063757393,-0.009221128657974198,2.6187817233338886,-0.010297422300700632,3.820728340423505
2006-12-11,630.0,13.850000381469727,6.4457198193855785,0.006209755628185043,2.6282852601762876,0.009503536842399019,3.817434559209291
2006-12-12,627.0,13.812999725341797,6.440946540632921,-0.004773278752657539,2.6256101578337856,-0.0026751023425020115,3.8153363827991353
2006-12-13,627.9000244140625,13.746999740600586,6.44238095700215,0.0014344163692294742,2.620820599619754,-0.004789558214031597,3.8215603573823964
2006-12-14,626.5999755859375,13.78499984741211,6.440308339555335,-0.002072617446815528,2.623581033406635,0.002760433786880956,3.8167273061487
2006-12-15,615.0,12.822999954223633,6.421622267806518,-0.018686071748817312,2.5512404299071147,-0.0723406034995202,3.870381837899403
2006-12-18,614.0,12.381999969482422,6.419994928147142,-0.0016273396593753375,2.5162438026323675,-0.03499662727474728,3.9037511255147748
2006-12-19,621.5999755859375,12.569999694824219,6.432296759777275,0.012301831630132654,2.5313129983240508,0.015069195691683301,3.900983761453224
2006-12-20,620.5999755859375,12.510000228881836,6.430686712674829,-0.001610047102445833,2.52652834277473,-0.004784655549320949,3.9041583699000992
2006-12-21,618.2000122070312,12.357999801635742,6.426812049444103,-0.00387466323072605,2.514303610587302,-0.012224732187427811,3.912508438856801
2006-12-22,619.0999755859375,12.508000373840332,6.4282667710904215,0.0014547216463185464,2.5263684694836925,0.012064858896390529,3.901898301606729
2006-12-26,623.7000122070312,12.602999687194824,6.4356695031040365,0.0074027320136149655,2.533934856035456,0.007566386551763671,3.9017346470685803
2006-12-27,627.2000122070312,12.803000450134277,6.441265488498939,0.0055959853949021365,2.5496795536225414,0.015744697587085188,3.8915859348763973
2006-12-28,634.0999755859375,12.822999954223633,6.452206632204073,0.01094114370513477,2.5512404299071147,0.0015608762845733537,3.9009662022969587
2006-12-29,635.2000122070312,12.817999839782715,6.453939929150544,0.0017332969464707304,2.550850420582637,-0.000390009324477969,3.9030895085679074
2007-01-02,635.2000122070312,12.817999839782715,6.453939929150544,0.0,2.550850420582637,0.0,3.9030895085679074
2007-01-03,627.0999755859375,12.555000305175781,6.441105978617285,-0.012833950533258864,2.530119016916659,-0.020731403665977588,3.910986961700626
2007-01-04,623.9000244140625,12.72700023651123,6.435990138248111,-0.005115840369174229,2.5437257395933335,0.013606722676674288,3.8922643986547776
2007-01-05,604.9000244140625,12.130000114440918,6.405063195473361,-0.030926942774749833,2.4956817323904943,-0.04804400720283919,3.909381463082867
2007-01-08,607.5,12.260000228881836,6.409352175214703,0.004288979741342125,2.506341949177057,0.010660216786562593,3.9030102260376465
2007-01-09,613.0999755859375,12.498000144958496,6.418528014947956,0.009175839733252644,2.525568643105425,0.019226693928368288,3.892959371842531
2007-01-10,611.5999755859375,12.350000381469727,6.416078434136557,-0.0024495808113993434,2.5136560939622226,-0.011912549143202611,3.902422340174334
2007-01-11,612.4000244140625,12.375,6.417385703649731,0.0013072695131741696,2.515678308454754,0.0020222144925314822,3.901707395194977
2007-01-12,625.5,12.79800033569336,6.438551329906966,0.02116562625723528,2.5492889349474104,0.03361062649265634,3.8892623949595557
2007-01-16,624.5999755859375,12.539999961853027,6.437111405761462,-0.0014399241455045342,2.5289235321627515,-0.020365402784658926,3.90818787359871
2007-01-17,632.0999755859375,12.812999725341797,6.449047570854518,0.011936165093056061,2.5504602590915377,0.021536726928786276,3.89858731176298
2007-01-18,627.0999755859375,12.607999801635742,6.441105978617285,-0.007941592237232342,2.5343315173823173,-0.016128741709220407,3.906774461234968
2007-01-19,635.5,12.845000267028809,6.454412090629509,0.013306112012223537,2.5529546513503876,0.01862313396807025,3.9014574392791213
2007-01-22,633.2999877929688,12.925000190734863,6.4509442242471104,-0.003467866382398377,2.559163435151542,0.006208783801154638,3.8917807890955682
2007-01-23,645.2000122070312,13.1850004196167,6.469560365170817,0.018616140923706226,2.5790798516305586,0.01991641647901643,3.890480513540258
2007-01-24,647.5999755859375,13.201000213623047,6.473273184104186,0.0037128189333692774,2.5802926004809605,0.0012127488504019013,3.8929805836232254
2007-01-25,647.7999877929688,13.42199993133545,6.473581987893402,0.00030880378921605,2.5968951466202266,0.01660254613926604,3.8766868412731754
2007-01-26,644.5,13.3100004196167,6.468474822379242,-0.00510716551416035,2.5885156639334435,-0.008379482686783124,3.879959158445798
2007-01-29,643.0999755859375,13.1899995803833,6.466300195177728,-0.0021746272015139567,2.5794589349159778,-0.009056729017465681,3.88684126026175
2007-01-30,644.2000122070312,13.319000244140625,6.468009255846231,0.0017090606685030707,2.589191605549145,0.009732670633167295,3.8788176502970857
2007-01-31,652.0,13.513999938964844,6.480044561926653,0.012035306080422359,2.6037261806135437,0.014534575064398592,3.8763183813131095
2007-02-01,657.4000244140625,13.67199993133545,6.48829269836742,0.008248136440767162,2.615349940791014,0.011623760177470466,3.872942757576406
2007-02-02,646.2000122070312,13.32699966430664,6.471109072280883,-0.01718362608653745,2.589792027408623,-0.025557913382391106,3.88131704487226
2007-02-05,650.9000244140625,13.515000343322754,6.4783560580865025,0.007246985805619666,2.6038002051315,0.01400817772287688,3.8745558529550026
2007-02-06,653.5999755859375,13.630000114440918,6.482495506192576,0.004139448106073473,2.6122732541046934,0.008473048973193453,3.8702222520878826
2007-02-07,652.2999877929688,13.666999816894531,6.48050456008822,-0.0019909461043559062,2.614984154585029,0.0027109004803356207,3.865520405503191
2007-02-08,658.0,13.732000350952148,6.489204931325317,0.008700371237097215,2.6197289011526945,0.004744746567665548,3.8694760301726228
2007-02-09,667.5,13.878999710083008,6.503539390274405,0.01433445894908747,2.6303768854848064,0.010647984332111893,3.8731625047895983
2007-02-12,662.5999755859375,13.678999900817871,6.496171453019941,-0.007367937254463719,2.6158618028566214,-0.014515082628185016,3.8803096501633196
2007-02-13,663.9000244140625,13.880999565124512,6.498131572498818,0.001960119478876976,2.630520967264142,0.014659164407520464,3.867610605234676
2007-02-14,667.4000244140625,13.932999610900879,6.503389602898128,0.005258030399310165,2.634260099205012,0.003739131940870166,3.869129503693116
2007-02-15,667.2999877929688,13.9399995803833,6.503239701616392,-0.0001499012817358647,2.634762375230749,0.0005022760257369363,3.8684773263856433
2007-02-16,668.7999877929688,13.970000267028809,6.505485043518352,0.0022453419019594634,2.636912192383316,0.002149817152567124,3.8685728511350357
2007-02-20,657.0999755859375,13.812000274658203,6.487836176749564,-0.01764886676878774,2.6255377994132223,-0.011374392970093794,3.8622983773363417
2007-02-21,680.2000122070312,14.258000373840332,6.522386890519333,0.034550713769768926,2.657318178915126,0.0317803795019036,3.865068711604207
2007-02-22,679.4000244140625,14.241000175476074,6.5212100916612235,-0.0011767988581095068,2.6561251405591833,-0.0011930383559426438,3.86508495110204
2007-02-23,683.0999755859375,14.58899974822998,6.526641225997703,0.0054311343364794595,2.680267802832234,0.024142662273050952,3.8463734231654687
2007-02-26,686.5,14.6899995803833,6.531606225208026,0.004964999210322674,2.687166961621,0.006899158788765902,3.8444392635870255
2007-02-27,683.9000244140625,14.545000076293945,6.527811743802342,-0.003794481405683392,2.6772472971925376,-0.009919664428462482,3.8505644466098046
2007-02-28,669.4000244140625,14.100000381469727,6.506381825248786,-0.02142991855355625,2.6461748244387127,-0.031072472753824965,3.8602070008100733
2007-03-01,662.2999877929688,13.529999732971191,6.495718607059662,-0.010663218189123747,2.6049094224466427,-0.04126540199206996,3.8908091846130195
2007-03-02,641.5,12.845000267028809,6.463809184055691,-0.03190942300397115,2.5529546513503876,-0.051954771096255126,3.9108545327053035
2007-03-05,636.7000122070312,12.640000343322754,6.456298606195324,-0.007510577860367462,2.536866415880321,-0.016088235470066437,3.9194321903150025
2007-03-06,643.7999877929688,12.876999855041504,6.467388099903801,0.011089493708477782,2.555442763034483,0.018576347154161788,3.9119453368693184
2007-03-07,650.5999755859375,13.0,6.477894976513793,0.010506876609992055,2.5649493574615367,0.009506594427053816,3.9129456190522567
2007-03-08,653.4000244140625,13.017000198364258,6.482189536531619,0.004294560017825688,2.5662562107231843,0.0013068532616475892,3.915933325808435
2007-03-09,650.0,12.869999885559082,6.476972362889683,-0.005217173641936412,2.554899012715967,-0.011357198007217129,3.9220733501737155
2007-03-12,648.4000244140625,12.984999656677246,6.474507827514301,-0.0024645353753820487,2.563794818674761,0.008895805958793801,3.9107130088395397
2007-03-13,647.5999755859375,12.86299991607666,6.473273184104186,-0.0012346434101146997,2.5543549665721796,-0.009439852102581359,3.9189182175320063
2007-03-14,640.9000244140625,12.739999771118164,6.462873476603584,-0.010399707500601707,2.54474663217841,-0.009608334393769624,3.9181268444251742
2007-03-15,645.7000122070312,12.987000465393066,6.470335018537534,0.007461541933949434,2.5639488929632543,0.019202260784844327,3.9063861255742793
2007-03-16,652.5999755859375,13.126999855041504,6.480964346748765,0.010629328211231304,2.5746711667784963,0.010722273815241934,3.9062931799702687
2007-03-19,653.0999755859375,13.147000312805176,6.481730219526797,0.000765872778032417,2.576193619507361,0.0015224527288646428,3.9055366000194365
2007-03-20,657.9000244140625,13.28499984741211,6.48905298120103,0.007322761674232403,2.586635567726049,0.010441948218688157,3.9024174134749807
2007-03-21,659.0,13.237000465393066,6.490723534502507,0.0016705533014773621,2.5830159738901335,-0.003619593835915591,3.9077075606123737
2007-03-22,663.4000244140625,13.402999877929688,6.497378163314372,0.00665462881186496,2.595478553388674,0.01246257949854046,3.901899609925698
2007-03-23,656.7000122070312,13.152000427246094,6.487227311785371,-0.010150851529001415,2.57657387079908,-0.01890468258959377,3.9106534409862905
2007-03-26,663.4000244140625,13.34000015258789,6.497378163314372,0.010150851529001415,2.5907670519258503,0.014193181126770149,3.906611111388522
2007-03-27,662.0999755859375,13.210000038146973,6.495416565057122,-0.0019615982572505075,2.5809741214219684,-0.00979293050388197,3.9144424436351533
2007-03-28,666.5,13.38700008392334,6.502040139618764,0.006623574561642087,2.5942840930727784,0.013309971650810049,3.9077560465459853
2007-03-29,661.5,13.277999877929688,6.494509983555011,-0.0075301560637530685,2.5861085211035415,-0.008175571969236906,3.908401462451469
2007-03-30,663.0,13.390000343322754,6.4967749901858625,0.002265006630851829,2.5945081853433165,0.008399664239775007,3.902266804842546
2007-04-02,665.7000122070312,13.293000221252441,6.500839136943793,0.004064146757930764,2.587237597529744,-0.007270587813572593,3.9136015394140493
2007-04-03,664.0,13.375,6.498282149476434,-0.0025569874673596615,2.59338729278207,0.006149695252326115,3.9048948566943635
2007-04-04,672.0999755859375,13.569999694824219,6.510407102650875,0.012124953174441622,2.6078614513577736,0.014474158575703555,3.9025456512931016
2007-04-05,674.2000122070312,13.694000244140625,6.51352682090591,0.0031197182550348757,2.616957798527163,0.00909634716938923,3.8965690223787472
2007-04-09,671.9000244140625,13.765999794006348,6.510109556261961,-0.0034172646439492027,2.6222017690122286,0.005243970485065752,3.8879077872497323
2007-04-10,676.5,13.887999534606934,6.516932447610842,0.006822891348881477,2.6310251244075484,0.008823355395319865,3.885907323203294
2007-04-11,676.7999877929688,13.850000381469727,6.5173757902556195,0.0004433426447771893,2.6282852601762876,-0.0027398642312608246,3.889090530079332
2007-04-12,675.0999755859375,13.819999694824219,6.5148607918842005,-0.002514998371418997,2.6261167962573397,-0.0021684639189478716,3.888743995626861
2007-04-13,685.4000244140625,14.057999610900879,6.530002645060675,0.015141853176474207,2.6431916010755856,0.01707480481824586,3.886811043985089
2007-04-16,690.0999755859375,14.050000190734863,6.536836479248984,0.006833834188308963,2.64262240935519,-0.000569191720395601,3.8942140698937937
2007-04-17,688.2000122070312,13.991999626159668,6.534079511101002,-0.0027569681479819863,2.638485710998152,-0.0041366983570378935,3.8955938001028496
2007-04-18,689.0999755859375,13.949000358581543,6.535386362934251,0.0013068518332488566,2.635407846816711,-0.003077864181441292,3.8999785161175398
2007-04-19,684.2999877929688,13.715999603271484,6.528396400119739,-0.0069899628145115855,2.618563005676168,-0.016844841140542854,3.909833394443571
2007-04-20,692.0,13.937999725341797,6.539585955617669,0.011189555497930215,2.6346189033106158,0.016055897634447813,3.9049670523070534
2007-04-23,690.5999755859375,14.032999992370605,6.537560749603933,-0.002025206013736458,2.6414116982253235,0.006792794914707745,3.8961490513786092
2007-04-24,684.2000122070312,13.769000053405762,6.5282502903848245,-0.009310459219108225,2.622419692340931,-0.018992005884392427,3.9058305980438934
2007-04-25,684.0999755859375,13.751999855041504,6.528104070079095,-0.00014622030572919442,2.621184257539645,-0.0012354348012859617,3.90691981253945
2007-04-26,674.9000244140625,13.319999694824219,6.514564567923701,-0.013539502155394345,2.589266642201148,-0.03191761533849702,3.925297925722553
2007-04-27,678.7000122070312,13.442999839782715,6.520179221695614,0.005614653771912614,2.598458512553847,0.00919187035269875,3.9217207091417667
2007-04-30,680.5,13.444999694824219,6.522827822091521,0.002648600395906975,2.5986072670227407,0.00014875446889384136,3.92422055506878
2007-05-01,674.4000244140625,13.244999885559082,6.513823442888805,-0.009004379202715462,2.5836201140837223,-0.014987152939018422,3.930203328805083
2007-05-02,672.2999877929688,13.21399974822998,6.510704651317871,-0.0031187915709338654,2.5812768545544156,-0.002343259529306696,3.9294277967634557
2007-05-03,681.7999877929688,13.392999649047852,6.524736341799679,0.014031690481807857,2.594732156200837,0.013455301646421614,3.930004185598842
2007-05-04,687.2000122070312,13.414999961853027,6.532625388433479,0.007889046633799524,2.596373481033982,0.0016413248331446084,3.936251907399497
2007-05-07,688.0,13.527000427246094,6.5337888379333435,0.0011634494998649103,2.604687719691746,0.00831423865776415,3.9291011182415976
2007-05-08,685.0999755859375,13.48900032043457,6.529564777373088,-0.0042240605602552606,2.601874562242793,-0.002813157448953163,3.9276902151302955
2007-05-09,680.2999877929688,13.361000061035156,6.522533859407415,-0.0070309179656735665,2.5923400201749147,-0.009534542067878071,3.9301938392325
2007-05-10,665.0999755859375,13.039999961853027,6.499937368583018,-0.022596490824396298,2.5680215535731254,-0.024318466601789268,3.931915815009893
2007-05-11,670.5999755859375,13.210000038146973,6.508172797625831,0.008235429042812825,2.5809741214219684,0.01295256784884291,3.927198676203863
2007-05-14,668.5,13.142000198364258,6.505036396541998,-0.0031364010838332845,2.575813223569593,-0.005160897852375168,3.9292231729724048
2007-05-15,673.0,13.22599983215332,6.511745329644728,0.006708933102729908,2.5821845765618097,0.0063713529922164724,3.929560753082918
2007-05-16,660.2000122070312,12.843000411987305,6.492542837908991,-0.019202491735736515,2.552798947909662,-0.029385628652147666,3.9397438899993293
2007-05-17,656.2000122070312,12.805999755859375,6.486465639129609,-0.00607719877938262,2.5499137920320605,-0.0028851558776015196,3.9365518470975482
2007-05-18,661.0,12.925999641418457,6.493753839851686,0.007288200722077143,2.559240759099597,0.00932696706753644,3.934513080752089
2007-05-21,662.9000244140625,13.057000160217285,6.496624186076524,0.0028703462248378386,2.569324400696506,0.01008364159690922,3.9272997853800176
2007-05-22,659.0999755859375,12.918999671936035,6.490875231017158,-0.005748955059365457,2.5586990705842507,-0.010625330112255416,3.9321761604329075
2007-05-23,661.9000244140625,13.03499984741211,6.495114524009697,0.004239292992538779,2.567638035679451,0.008938965095200313,3.927476488330246
2007-05-24,653.0,12.85200023651123,6.481577129276431,-0.013537394733265984,2.5534994596562908,-0.014138576023160265,3.9280776696201403
2007-05-25,655.0999755859375,12.9350004196167,6.484787858470142,0.003210729193710904,2.5599368480784017,0.006437388422110946,3.9248510103917402
2007-05-29,657.0999755859375,13.157999992370605,6.487836176749564,0.003048318279422091,2.5770299380839767,0.017093090005575018,3.9108062386655873
2007-05-30,653.0999755859375,13.154999732971191,6.481730219526797,-0.006105957222766634,2.5768018941936006,-0.00022804389037611728,3.904928325333197
2007-05-31,661.0,13.409000396728516,6.493753839851686,0.012023620324888462,2.5959261528842386,0.01912425869063794,3.8978276869674473
2007-06-01,671.2000122070312,13.680999755859375,6.509067173339872,0.01531333348818631,2.6160079910927445,0.020081838208505953,3.8930591822471277
2007-06-04,670.7000122070312,13.685999870300293,6.508321961306126,-0.0007452120337463342,2.6163734030534895,0.00036541196074502125,3.8919485582526363
2007-06-05,669.5999755859375,13.756999969482422,6.506680482714598,-0.0016414785915275232,2.6215477832605276,0.005174380207038087,3.8851326994540707
2007-06-06,669.2999877929688,13.663999557495117,6.506232371868092,-0.0004481108465066441,2.6147646046614885,-0.006783178599039097,3.891467767206603
2007-06-07,660.0999755859375,13.4350004196167,6.492391301709325,-0.01384107015876701,2.597863273300554,-0.016901331360934524,3.8945280284087707
2007-06-08,645.5,12.99899959564209,6.470025210286697,-0.022366091422627576,2.564872400319034,-0.032990872981519814,3.905152809967663
2007-06-11,654.2999877929688,13.237000465393066,6.483565943219066,0.013540732932368904,2.5830159738901335,0.018143573571099303,3.9005499693289325
2007-06-12,648.5,13.055000305175781,6.474662003756499,-0.0089039394625674,2.5691712255272527,-0.013844748362880743,3.905490778229246
2007-06-13,648.2000122070312,13.027000427246094,6.474199309539646,-0.0004626942168526327,2.567024159512394,-0.0021470660148588117,3.907175150027252
2007-06-14,651.5999755859375,13.135000228881836,6.479430839260022,0.005231529720376216,2.5752804405628424,0.00825628105044851,3.9041503986971797
2007-06-15,654.5,13.234000205993652,6.483871585349955,0.004440746089932723,2.5827892911553545,0.007508850592512051,3.9010822941946004
2007-06-18,655.7999877929688,13.211000442504883,6.485855845796594,0.001984260446638686,2.581049849391401,-0.0017394417639535753,3.9048059964051927
2007-06-19,660.7000122070312,13.303000450134277,6.493299897511746,0.007444051715152611,2.5879896075388182,0.006939758147417319,3.905310289972928
2007-06-20,656.0999755859375,13.227999687194824,6.486313179139945,-0.006986718371801537,2.582335771472345,-0.0056538360664730725,3.9039774076675995
2007-06-21,650.5999755859375,13.074999809265137,6.477894976513793,-0.008418202626151228,2.570701995363234,-0.011633776109110983,3.9071929811505592
2007-06-22,653.5,13.008000373840332,6.482342533064276,0.004447556550482901,2.5655645815447174,-0.005137413818516734,3.916777951519559
2007-06-25,651.2999877929688,12.866000175476074,6.478970346809793,-0.0033721862544835446,2.554588186627552,-0.01097639491716551,3.924382160182241
2007-06-26,642.0999755859375,12.270000457763672,6.464744016777789,-0.014226330032003354,2.507157296030372,-0.047430890597179864,3.9575867207474174
2007-06-27,641.7000122070312,12.210000038146973,6.464120923779426,-0.0006230929983637168,2.5022552912468536,-0.004902004783518432,3.961865632532572
2007-06-28,647.5,12.378999710083008,6.4731187935736925,0.008997869794266755,2.5160014651296074,0.013746173882753787,3.957117328444085
2007-06-29,648.0999755859375,12.352999687194824,6.474044967763461,0.0009261741897681475,2.5138989232324733,-0.0021025418971341026,3.9601460445309873
2007-07-02,656.5,12.621999740600586,6.486922693742851,0.012877725979389965,2.5354413026106757,0.02154237937820236,3.951481391132175
2007-07-03,652.9000244140625,12.569000244140625,6.481424015585851,-0.005498678156999226,2.5312334843667297,-0.004207818243946004,3.9501905312191217
2007-07-05,648.4000244140625,12.468999862670898,6.474507827514301,-0.0069161880715507,2.523245553000807,-0.007987931365922574,3.9512622745134935
2007-07-06,652.7000122070312,12.64799976348877,6.481117624343533,0.0066097968292320175,2.5374990812076743,0.014253528206867205,3.9436185431358584
2007-07-09,660.5,12.71399974822998,6.49299712396238,0.011879499618847156,2.5427037287116354,0.005204647503961102,3.9502933952507444
2007-07-10,662.5,12.866999626159668,6.496020557860377,0.0030234338979973074,2.554665865148657,0.011962136437021709,3.94135469271172
2007-07-11,660.2999877929688,12.869000434875488,6.492694258713427,-0.0033262991469502623,2.554821352304012,0.00015548715535507185,3.9378729064094147
2007-07-12,666.7000122070312,13.07800006866455,6.502340187933646,0.009645929220218896,2.5709314343894705,0.016110082085458277,3.9314087535441753
2007-07-13,665.7999877929688,13.01099967956543,6.5009893068065425,-0.0013508811271032428,2.5657951288933645,-0.005136305496105997,3.935194177913178
2007-07-16,665.0,12.968000411987305,6.499787040655854,-0.0012022661506883026,2.5624848162029075,-0.003310312690457007,3.9373022244529468
2007-07-17,664.7000122070312,12.92300033569336,6.499335829412259,-0.00045121124359503995,2.5590086955194806,-0.003476120683426842,3.9403271338927786
2007-07-18,672.5999755859375,13.197999954223633,6.511150763008128,0.011814933595868382,2.580065299492798,0.021056603973317323,3.9310854635153296
2007-07-19,677.2000122070312,13.28499984741211,6.51796666828472,0.006815905276592815,2.586635567726049,0.006570268233251131,3.9313311005586713
2007-07-20,683.9000244140625,13.3149995803833,6.527811743802342,0.009845075517621815,2.58889118775131,0.002255620025260807,3.9389205560510323
2007-07-23,680.7999877929688,13.244000434875488,6.523268559328742,-0.004543184473599915,2.58354465252066,-0.005346535230649874,3.9397239068080823
2007-07-24,684.2000122070312,13.359000205993652,6.5282502903848245,0.004981731056082239,2.5921903304275156,0.008645677906855553,3.936059959957309
2007-07-25,673.2999877929688,13.067999839782715,6.512190977421083,-0.016059312963741412,2.5701664814785476,-0.022023848948967917,3.9420244959425355
2007-07-26,662.5,12.878000259399414,6.496020557860377,-0.016170419560705973,2.5555204492588253,-0.014646032219722382,3.940500108601552
2007-07-27,660.0,12.642999649047852,6.492239835020471,-0.0037807228399060477,2.537103674571147,-0.018416774687678217,3.955136160449324
2007-07-30,664.0999755859375,12.833999633789062,6.4984327037840375,0.006192868763566395,2.5520978707938884,0.01499419622274134,3.946334832990149
2007-07-31,666.9000244140625,12.949999809265137,6.502640146246541,0.004207442462503153,2.561095773416986,0.00899790262309752,3.9415443728295547
2007-08-01,663.5999755859375,12.887999534606934,6.497679521525959,-0.0049606247205815635,2.5562966097640993,-0.004799163652886573,3.9413829117618597
2007-08-02,664.5999755859375,12.9350004196167,6.499185319185521,0.001505797659562269,2.5599368480784017,0.0036402383143023798,3.9392484711071196
2007-08-03,672.5,13.100000381469727,6.511002111475994,0.011816792290472833,2.572612259326932,0.01267541124853011,3.9383898521490623
2007-08-06,671.5,12.97700023651123,6.509514015963292,-0.0014880955127019035,2.56317857798051,-0.009433681346421974,3.9463354379827824
2007-08-07,670.5999755859375,13.041000366210938,6.508172797625831,-0.0013412183374610365,2.568098268756272,0.004919690775762042,3.9400745288695593
2007-08-08,674.5,13.118000030517578,6.51397167564781,0.0057988780219790925,2.5739853351979334,0.0058870664416614815,3.939986340449877
2007-08-09,661.4000244140625,12.654999732971191,6.494358837460396,-0.019612838187414106,2.5380523728964306,-0.03593296230150278,3.9563064645639656
2007-08-10,670.2999877929688,12.824999809265137,6.507725355152616,0.013366517692220192,2.551396376184719,0.01334400328828833,3.9563289789678975
2007-08-13,669.7000122070312,12.812000274658203,6.5068298691436155,-0.000895486009000912,2.5503822531844857,-0.0010141230002331802,3.9564476159591297
2007-08-14,668.5999755859375,12.706999778747559,6.505185937470798,-0.0016439316728176223,2.542153005310542,-0.008229247873943635,3.9630329321602558
2007-08-15,668.9000244140625,12.517999649047852,6.505634608623184,0.0004486711523865594,2.527167580466709,-0.01498542484383325,3.9784670281564756
2007-08-16,648.2999877929688,11.46500015258789,6.474353533351656,-0.03128107527152846,2.4392989296188854,-0.08786865084782347,4.035054603732771
2007-08-17,656.9000244140625,11.772000312805176,6.487531837063996,0.013178303712339634,2.465723856943191,0.02642492732430579,4.021807980120805
2007-08-20,656.7000122070312,11.708999633789062,6.487227311785371,-0.00030452527862490086,2.4603577455905654,-0.005366111352625769,4.026869566194805
2007-08-21,656.7000122070312,11.48900032043457,6.487227311785371,0.0,2.441390083761781,-0.01896766182878462,4.04583722802359
2007-08-22,659.0999755859375,11.545999526977539,6.490875231017158,0.003647919231787533,2.446339015670227,0.004948931908446141,4.044536215346931
2007-08-23,658.9000244140625,11.623000144958496,6.490571814972532,-0.0003034160446260259,2.4529859061332644,0.006646890463037458,4.037585908839268
2007-08-24,668.0,11.925000190734863,6.504288173536645,0.01371635856411313,2.4786370527689425,0.025651146635678135,4.025651120767703
2007-08-27,666.7999877929688,11.751999855041504,6.502490132569753,-0.0017980409668920672,2.4640234265367824,-0.014613626232160115,4.03846670603297
2007-08-28,664.4000244140625,11.753999710083008,6.498884414485169,-0.0036057180845840975,2.4641935835250686,0.000170156988286152,4.0346908309601
2007-08-29,666.2999877929688,11.836999893188477,6.501740001247868,0.002855586762699147,2.4712302099482266,0.007036626423158054,4.030509791299641
2007-08-30,665.0,11.791000366210938,6.499787040655854,-0.001952960592014108,2.4673365596530497,-0.0038936502951769647,4.032450481002805
2007-08-31,673.0,12.062999725341797,6.511745329644728,0.011958288988873633,2.4901428938145984,0.022806334161548758,4.021602435830129
2007-09-04,682.5,12.281000137329102,6.525762527059115,0.014017197414387006,2.508053363810488,0.01791046999588941,4.017709163248627
2007-09-05,681.7000122070312,12.1899995803833,6.5245896962754895,-0.0011728307836254004,2.5006159090701527,-0.007437454740335081,4.023973787205337
2007-09-06,695.5999755859375,12.364999771118164,6.54477474738228,0.020185051106790475,2.5148698824629196,0.014253973392766905,4.02990486491936
2007-09-07,700.7999877929688,12.592000007629395,6.552222522203473,0.007447774821192965,2.5330616922809397,0.018191809818020044,4.019160829922534
2007-09-10,703.2999877929688,12.531999588012695,6.555783525957181,0.0035610037537079364,2.52828534021512,-0.004776352065819722,4.027498185742061
2007-09-11,712.2000122070312,12.666999816894531,6.56835878798357,0.012575262026389034,2.539000172046181,0.010714831831061034,4.029358615937388
2007-09-12,711.9000244140625,12.625,6.567937486404057,-0.00042130157951270064,2.5356789751614235,-0.0033211968847575157,4.032258511242634
2007-09-13,709.5,12.513999938964844,6.564560496600097,-0.003376989803959951,2.5268480126988218,-0.008830962462601732,4.0377124839012755
2007-09-14,709.5999755859375,12.543999671936035,6.5647013965899825,0.0001408999898853125,2.529242437454993,0.002394424756171354,4.035458959134989
2007-09-17,715.7999877929688,12.73900032043457,6.573400781278235,0.00869938468825282,2.544668179281474,0.01542574182648071,4.0287326019967615
2007-09-18,715.7999877929688,12.767000198364258,6.573400781278235,0.0,2.546863732375478,0.002195553094004321,4.026537048902757
2007-09-19,722.0,12.956000328063965,6.582025138892826,0.008624357614590572,2.5615590266304755,0.014695294254997382,4.02046611226235
2007-09-20,732.4000244140625,13.321000099182129,6.5963268461346845,0.01430170724185853,2.5893417448148726,0.027782718184397037,4.0069851013198114
2007-09-21,731.4000244140625,13.473999977111816,6.594960539095185,-0.0013663070394995813,2.6007619008397755,0.011420156024902983,3.9941986382554093
2007-09-24,732.0999755859375,13.496999740600586,6.595917083304608,0.000956544209422816,2.6024674193081023,0.0017055184683267832,3.9934496639965054
2007-09-25,731.5999755859375,13.482000350952148,6.59523388314593,-0.0006832001586776215,2.6013554884624104,-0.0011119308456919441,3.9938783946835197
2007-09-26,728.2999877929688,13.416000366210938,6.590713034462876,-0.004520848683053913,2.596448051817489,-0.004907436644921326,3.994264982645387
2007-09-27,732.7000122070312,13.517000198364258,6.596736357826258,0.0060233233633821825,2.6039481671768594,0.007500115359370341,3.992788190649399
2007-09-28,742.7999877929688,13.793999671936035,6.610426813044745,0.013690455218486441,2.624233691226008,0.020285524049148407,3.986193121818737
2007-10-01,747.2000122070312,13.729000091552734,6.616332903251666,0.005906090206921455,2.619510390584033,-0.0047233006419746815,3.996822512667633
2007-10-02,729.7999877929688,13.32699966430664,6.592770507275804,-0.02356239597586196,2.589792027408623,-0.0297183631754101,4.002978479867181
2007-10-03,729.2999877929688,13.348999977111816,6.592085153252176,-0.0006853540236280153,2.591441473958996,0.0016494465503731348,4.00064367929318
2007-10-04,737.7999877929688,13.388999938964844,6.603672768617399,0.011587615365222348,2.594433469756638,0.0029919957976418665,4.009239298860761
2007-10-05,741.2999877929688,13.378999710083008,6.608405385195614,0.004732616578215776,2.5936862918219257,-0.0007471779347123508,4.014719093373689
2007-10-08,732.7999877929688,13.25,6.596872796701854,-0.011532588493760265,2.583997552432231,-0.0096887393896945,4.0128752442696225
2007-10-09,737.4000244140625,13.475000381469727,6.603130518908347,0.006257722206492566,2.6008361451045023,0.01683859267227117,4.002294373803844
2007-10-10,740.4000244140625,13.562000274658203,6.607190613673494,0.0040600947651476815,2.607271784513693,0.006435639409190674,3.9999188291598013
2007-10-11,751.2999877929688,13.883000373840332,6.621805023127236,0.014614409453741928,2.6306650969805863,0.023393312466893246,3.99113992614665
2007-10-12,748.7000122070312,13.803000450134277,6.618338385540942,-0.0034666375862943966,2.624885992452777,-0.005779104527809054,3.9934523930881647
2007-10-15,757.0999755859375,13.756999969482422,6.6294953128624465,0.01115692732150464,2.6215477832605276,-0.003338209192249586,4.007947529601919
2007-10-16,757.0,13.562000274658203,6.6293632534374485,-0.00013205942499805445,2.607271784513693,-0.014275998746834606,4.0220914689237555
2007-10-17,757.5,13.656000137329102,6.630023537383524,0.000660283946075424,2.614178995548459,0.006907211034766103,4.015844541835065
2007-10-18,764.0999755859375,13.711000442504883,6.638698638702124,0.008675101318599943,2.618198462648231,0.004019467099771745,4.020500176053893
2007-10-19,764.0,13.553000450134277,6.638567789166521,-0.00013084953560316137,2.6066079582467667,-0.011590504401464141,4.031959830919754
2007-10-22,755.7999877929688,13.475000381469727,6.627776774764249,-0.010791014402271593,2.6008361451045023,-0.0057718131422643815,4.026940629659746
2007-10-23,759.0,13.571999549865723,6.63200177739563,0.004225002631381258,2.608008813755591,0.007172668651088454,4.0239929636400396
2007-10-24,761.5999755859375,13.515000343322754,6.635421451420876,0.003419674025245456,2.6038002051315,-0.004208608624090893,4.031621246289376
2007-10-25,767.2999877929688,13.835000038146973,6.6428778432745474,0.00745639185367164,2.6272016159961695,0.023401410864669625,4.015676227278378
2007-10-26,783.9000244140625,14.211999893188477,6.664281492339034,0.021403649064486885,2.6540866706431934,0.026885054647023843,4.0101948216958405
2007-10-29,789.0999755859375,14.364999771118164,6.6708930245878655,0.006611532248831153,2.664794676497954,0.010708005854760838,4.006098348089911
2007-10-30,784.2999877929688,14.267000198364258,6.664791584654384,-0.006101439933481778,2.6579491920363894,-0.006845484461564855,4.006842392617994
2007-10-31,792.0,14.376999855041504,6.674561391814426,0.009769807160042276,2.665629697357789,0.007680505321399522,4.008931694456637
2007-11-01,790.7000122070312,14.270000457763672,6.67291864451514,-0.0016427472992859293,2.6581594635674883,-0.00747023379030054,4.014759180947651
2007-11-02,805.7000122070312,14.545999526977539,6.691711479933989,0.01879283541884913,2.6773160092132735,0.019156545645785172,4.014395470720716
2007-11-05,808.0999755859375,14.732000350952148,6.694685783027717,0.002974303093727926,2.6900220224052562,0.012706013191982723,4.004663760622461
2007-11-06,820.7999877929688,15.32699966430664,6.710279459544391,0.01559367651667376,2.7296159571146785,0.039593934709422296,3.9806635024297123
2007-11-07,831.0,15.272000312805176,6.7226297948554485,0.01235033531105767,2.726021106905713,-0.00359485020896555,3.9966086879497356
2007-11-08,835.2000122070312,15.467000007629395,6.727671231744073,0.00504143688862424,2.738708722549272,0.012687615643558914,3.988962509194801
2007-11-09,832.5,15.49899959564209,6.724433221854599,-0.0032380098894737586,2.740775479625623,0.0020667570763510668,3.983657742228976
2007-11-12,805.7999877929688,14.718999862670898,6.691835557608288,-0.032597664246311275,2.689139166880393,-0.05163631274522995,4.002696390727895
2007-11-13,797.2000122070312,14.571000099182129,6.681105603651022,-0.010729953957265614,2.679033258838534,-0.010105908041858847,4.002072344812488
2007-11-14,813.0,15.029000282287598,6.70073110954781,0.01962550589678802,2.7099816867348165,0.030948427896282382,3.9907494228129936
2007-11-15,785.9000244140625,14.45199966430664,6.6668295889372295,-0.033901520610580604,2.670832790057234,-0.03914889667758237,3.9959967988799954
2007-11-16,785.7000122070312,14.482999801635742,6.66657505571828,-0.0002545332189498595,2.6729755341223678,0.002142744065133595,3.993599521595912
2007-11-19,776.7999877929688,14.13599967956543,6.655182901262605,-0.011392154455674763,2.6487247123494146,-0.024250821772953124,4.00645818891319
2007-11-20,790.2999877929688,14.477999687194824,6.672412604764856,0.017229703502251503,2.672630234265398,0.023905521915983385,3.9997823704994584
2007-11-21,797.5999755859375,14.399999618530273,6.681607188038222,0.00919458327336553,2.6672281800910014,-0.005402054174396653,4.014379007947221
2007-11-23,824.0,14.71500015258789,6.714170529909472,0.032563341871250095,2.6888673920549837,0.02163921196398233,4.025303137854488
2007-11-26,826.0,14.817000389099121,6.716594773520978,0.0024242436115056165,2.6957751964869145,0.006907804431930842,4.020819577034063
2007-11-27,813.7000122070312,14.473999977111816,6.701591762704493,-0.015003010816484696,2.672353934862605,-0.023421261624309686,4.029237827841888
2007-11-28,800.0999755859375,14.329000473022461,6.684736689342314,-0.016855073362179063,2.6622854887460123,-0.010068446116592522,4.022451200596302
2007-11-29,795.2999877929688,14.237000465393066,6.678719386614125,-0.006017302728189122,2.655844242320592,-0.006441246425420211,4.022875144293533
2007-11-30,782.2000122070312,13.963000297546387,6.6621104779274365,-0.016608908686688295,2.636410995269689,-0.019433247050903102,4.025699482657748
2007-12-03,788.2999877929688,14.01099967956543,6.669878712580601,0.007768234653164896,2.63984271251888,0.003431717249191113,4.030036000061721
2007-12-04,801.2999877929688,14.270999908447266,6.686235393549991,0.01635668096938936,2.658229499702955,0.018386787184074826,4.028005893847036
2007-12-05,797.5,14.270000457763672,6.6814818346589995,-0.004753558890991272,2.6581594635674883,-7.003613546663345e-05,4.023322371091512
2007-12-06,801.2000122070312,14.4399995803833,6.686110619027598,0.004628784368598815,2.6700021044053517,0.01184264083786335,4.016108514622246
2007-12-07,794.4000244140625,14.324999809265137,6.677587143463669,-0.008523475563928962,2.6620062492859784,-0.007995855119373285,4.015580894177691
2007-12-10,807.7000122070312,14.673999786376953,6.694190717561574,0.01660357409790425,2.6860772057338735,0.024070956447895142,4.0081135118277
2007-12-11,811.4000244140625,14.694999694824219,6.698761180861159,0.004570463299585548,2.6875072791035595,0.0014300733696859247,4.0112539017576
2007-12-12,813.5,14.654999732971191,6.7013459266590925,0.00258474579793333,2.6847815559418517,-0.002725723161707716,4.016564370717241
2007-12-13,799.0,14.071999549865723,6.683360945766275,-0.01798498089281786,2.6441869754473175,-0.04059458049453424,4.0391739703189575
2007-12-14,793.2999877929688,13.826000213623047,6.676201444920296,-0.007159500845978606,2.626550892973894,-0.01763608247342363,4.049650551946402
2007-12-17,794.7999877929688,13.826000213623047,6.678090495319042,0.0018890503987458729,2.626550892973894,0.0,4.051539602345148
2007-12-18,803.0,14.013999938964844,6.688354713946762,0.010264218627719757,2.640056825593043,0.013505932619149341,4.048297888353718
2007-12-19,801.0999755859375,14.072999954223633,6.685985752745396,-0.002368961201365316,2.644258064761651,0.004201239168607707,4.041727687983745
2007-12-20,799.2000122070312,14.196000099182129,6.683611242608407,-0.002374510136989194,2.652960241770875,0.008702177009224155,4.030651000837532
2007-12-21,811.5999755859375,14.345999717712402,6.699007577870262,0.015396335261854688,2.663471138027148,0.010510896256272773,4.0355364398431135
2007-12-24,812.7999877929688,14.520000457763672,6.700485061805725,0.0014774839354627645,2.675527040923073,0.012055902895925286,4.024958020882652
2007-12-26,826.0,14.694999694824219,6.716594773520978,0.016109711715253106,2.6875072791035595,0.011980238180486324,4.029087494417418
2007-12-27,828.5999755859375,14.678000450134277,6.719737500179069,0.003142726658091455,2.6863498047901464,-0.001157474313413065,4.033387695388923
2007-12-28,839.5999755859375,14.770000457763672,6.732925558868271,0.013188058689201476,2.692598127536089,0.006248322745942669,4.040327431332182
2007-12-31,834.9000244140625,14.79699993133545,6.727311986441855,-0.005613572426415914,2.69442445287996,0.0018263253438708382,4.032887533561895
2008-01-02,857.0,15.166999816894531,6.75343791859778,0.02612593215592529,2.719122002996637,0.02469755011667729,4.034315915601143
2008-01-03,866.4000244140625,15.381999969482422,6.764346723865523,0.01090880526774285,2.733197992650882,0.014075989654244836,4.031148731214641
2008-01-04,863.0999755859375,15.345999717712402,6.760530530939129,-0.003816192926393569,2.7308548353606086,-0.0023431572902734565,4.02967569557852
2008-01-07,859.5999755859375,15.180000305175781,6.7564671363667,-0.004063394572429324,2.71997879207129,-0.01087604328931846,4.03648834429541
2008-01-08,878.0,15.706999778747559,6.777646593635117,0.021179457268416968,2.7541064587746633,0.034127666703373194,4.023540134860454
2008-01-09,879.5,15.734000205993652,6.779353564177613,0.0017069705424956894,2.7558239889993126,0.0017175302246492663,4.0235295751783
2008-01-10,891.7000122070312,16.17300033569336,6.79312976683045,0.013776202652837632,2.7833432058940475,0.02751921689473491,4.009786560936403
2008-01-11,896.0999755859375,16.273000717163086,6.798051986645376,0.00492221981492591,2.789507336749212,0.00616413085516454,4.008544649896164
2008-01-14,901.5999755859375,16.325000762939453,6.80417093564697,0.006118949001593599,2.7926977218969165,0.003190385147704422,4.011473213750053
2008-01-15,901.0,16.204999923706055,6.803505257608338,-0.0006656780386320449,2.785319831885461,-0.007377890011455612,4.018185425722876
2008-01-16,880.5999755859375,15.807000160217285,6.780603465597303,-0.022901792011034594,2.7604528900311025,-0.024866941854358338,4.0201505755662
2008-01-17,879.5,15.930000305175781,6.779353564177613,-0.0012499014196905023,2.7682041430792563,0.007751253048153828,4.011149421098356
2008-01-18,880.7999877929688,16.13800048828125,6.780830571549443,0.001477007371830652,2.7811767696829293,0.012972626603672932,3.999653801866514
2008-01-22,889.5999755859375,16.030000686645508,6.790771896052452,0.009941324503008886,2.774462009456489,-0.006714760226440131,4.0163098865959626
2008-01-23,882.5,15.902000427246094,6.782758788807452,-0.008013107245000484,2.766444914346735,-0.008017095109754013,4.0163138744607165
2008-01-24,905.5,16.273000717163086,6.808487277323468,0.025728488516016057,2.789507336749212,0.023062422402476912,4.018979940574256
2008-01-25,910.5,16.42799949645996,6.813993899167663,0.005506621844195259,2.7989871654429823,0.009479828693770287,4.015006733724681
2008-01-28,927.0999755859375,16.690000534057617,6.83206140827914,0.01806750911147681,2.814809769672402,0.015822604229419834,4.017251638606737
2008-01-29,925.0999755859375,16.7450008392334,6.829901813386544,-0.002159594892595429,2.8180997563646137,0.0032899866922115883,4.011802057021931
2008-01-30,920.5999755859375,16.711000442504883,6.825025604863412,-0.004876208523132419,2.816067211701102,-0.0020325446635118816,4.00895839316231
2008-01-31,922.7000122070312,16.947999954223633,6.827304167814196,0.002278562950784213,2.8301498300633234,0.014082618362221577,3.9971543377508727
2008-02-01,908.7000122070312,16.823999404907227,6.812015020134812,-0.015289147679384385,2.82280640302874,-0.00734342703458335,3.9892086171060717
2008-02-04,904.9000244140625,16.739999771118164,6.807824467336933,-0.004190552797878944,2.817801051388579,-0.0050053516401611375,3.990023415948354
2008-02-05,885.9000244140625,16.30299949645996,6.786604104976472,-0.02122036236046121,2.7913491090711746,-0.02645194231740433,3.995254995905297
2008-02-06,900.7000122070312,16.507999420166016,6.803172252342524,0.016568147366052166,2.8038450767659113,0.01249596769473671,3.9993271755766124
2008-02-07,906.0999755859375,16.735000610351562,6.8091496482839,0.005977395941376251,2.8175023711348497,0.013657294368938366,3.9916472771490503
2008-02-08,918.4000244140625,17.075000762939453,6.822633052148558,0.013483403864658072,2.837615450138519,0.02011307900366921,3.985017602010039
2008-02-11,922.9000244140625,17.433000564575195,6.827520912725169,0.004887860576610947,2.8583649941465072,0.02074954400798834,3.969155918578662
2008-02-12,907.4000244140625,17.218000411987305,6.810583394135376,-0.016937518589792866,2.845955372163472,-0.01240962198303519,3.964628021971904
2008-02-13,906.5,17.326000213623047,6.809591030194905,-0.000992363940470753,2.8522082757975715,0.0062529036340994715,3.957382754397334
2008-02-14,907.4000244140625,17.229999542236328,6.810583394135376,0.000992363940470753,2.8466520239720103,-0.005556251825561187,3.963931370163366
2008-02-15,902.7999877929688,17.097999572753906,6.805501031422079,-0.005082362713297428,2.8389614726159675,-0.007690551356042796,3.966539558806111
2008-02-19,926.5999755859375,17.489999771118164,6.831521946634542,0.02602091521246308,2.8616292759440705,0.02266780332810292,3.9698926706904714
2008-02-20,934.5999755859375,17.7450008392334,6.8401186041438535,0.008596657509311711,2.876103833392536,0.014474557448465486,3.9640147707513176
2008-02-21,946.0999755859375,17.940000534057617,6.852348245905449,0.012229641761595467,2.8870328863997474,0.010929053007211476,3.9653153595057016
2008-02-22,944.7000122070312,18.024999618530273,6.850867429696684,-0.0014808162087653898,2.8917596620076433,0.004726775607895917,3.9591077676890403
2008-02-25,937.5999755859375,18.079999923706055,6.843323392783859,-0.007544036912825014,2.8948063507442328,0.00304668873658942,3.948517042039626
2008-02-26,946.0999755859375,18.711999893188477,6.852348245905449,0.009024853121590404,2.929165023573695,0.034358672829462034,3.923183222331754
2008-02-27,958.2000122070312,19.20199966430664,6.865056537188566,0.01270829128311668,2.955014422793224,0.025849399219529,3.910042114395342
2008-02-28,964.5,19.6299991607666,6.871609832345784,0.006553295157218031,2.9770589655357758,0.022044542742551965,3.894550866810008
2008-02-29,972.0999755859375,19.808000564575195,6.879458654712258,0.00784882236647455,2.9860859250045677,0.00902695946879195,3.8933727297076905
2008-03-03,981.5,20.072999954223633,6.889082013716516,0.009623359004257814,2.999375626188295,0.01328970118372741,3.889706387528221
2008-03-04,963.9000244140625,19.738000869750977,6.87098758011834,-0.01809443359817564,2.9825457558146122,-0.016829870373682887,3.888441824303728
2008-03-05,986.2000122070312,20.684999465942383,6.893859186167871,0.022871606049530868,3.0294087740947804,0.046863018280168145,3.864450412073091
2008-03-06,975.0,20.131000518798828,6.882437470997847,-0.011421715170023994,3.0022609412878314,-0.02714783280694899,3.880176529710016
2008-03-07,972.2000122070312,20.158000946044922,6.879561557167445,-0.002875913830401977,3.0036012788641724,0.0013403375763409997,3.875960278303273
2008-03-10,969.9000244140625,19.697999954223633,6.877192998571228,-0.0023685585962169853,2.9805171054236013,-0.02308417344057112,3.896675893147627
2008-03-11,974.2000122070312,19.676000595092773,6.881616633902755,0.004423635331527009,2.979399649177694,-0.0011174562459070891,3.902216984725061
2008-03-12,978.7999877929688,19.910999298095703,6.886327319097091,0.004710685194335262,2.9912723075798104,0.011872658402116265,3.89505501151728
2008-03-13,992.2999877929688,20.339000701904297,6.900025468618441,0.013698149521350622,3.0125402597136235,0.02126795213381305,3.8874852089048177
2008-03-14,998.2000122070312,20.573999404907227,6.9059536692645525,0.005928200646111215,3.0240281137843326,0.01148785407070907,3.88192555548022
2008-03-17,1001.4000244140625,20.222000122070312,6.909154324275774,0.003200655011221798,3.0067711267057176,-0.017256987078615005,3.9023831975700567
2008-03-18,1003.2000122070312,19.889999389648438,6.91095018204675,0.001795857770975573,2.990217062179527,-0.01655406452619035,3.9207331198672226
2008-03-19,944.7000122070312,18.395000457763672,6.850867429696684,-0.060082752350066215,2.91207891344196,-0.07813814873756719,3.9387885162547236
2008-03-20,919.5999755859375,16.80500030517578,6.823938766340459,-0.026928663356224902,2.8216764793368894,-0.09040243410507065,4.002262287003569
2008-03-24,918.2999877929688,17.066999435424805,6.822524121326401,-0.0014146450140577471,2.8371467413566878,0.015470262019798398,3.985377379969713
2008-03-25,934.5999755859375,17.761999130249023,6.8401186041438535,0.017594482817452572,2.8770612948693604,0.03991455351267259,3.963057309274493
2008-03-26,949.0,18.34600067138672,6.855408798609928,0.015290194466074603,2.9094116036832727,0.03235030881391232,3.9459971949266555
2008-03-27,948.7999877929688,18.51300048828125,6.855198015377703,-0.00021078323222489814,2.9184732143820864,0.009061610698813727,3.936724800995617
2008-03-28,930.5999755859375,17.899999618530273,6.835829513175793,-0.01936850220191033,2.8848006915355513,-0.0336725228465351,3.9510288216402416
2008-03-31,916.2000122070312,17.274999618530273,6.820234694776186,-0.015594818399606858,2.8492603475715494,-0.03554034396400185,3.9709743472046366
2008-04-01,882.9000244140625,16.854999542236328,6.783211971559663,-0.037022723216523445,2.8246473215270993,-0.024613026044450148,3.9585646500325633
2008-04-02,895.2000122070312,17.14699935913086,6.797047170633809,0.013835199074146765,2.8418231938217127,0.01717587229461337,3.9552239768120967
2008-04-03,905.0,17.44700050354004,6.807934943699926,0.010887773066116324,2.859167742958889,0.0173445491371762,3.948767200741037
2008-04-04,909.0,17.722000122070312,6.812345094177479,0.00441015047755311,2.874806812513177,0.015639069554288287,3.9375382816643016
2008-04-07,922.7000122070312,18.086999893188477,6.827304167814196,0.014959073636717335,2.8951934422699477,0.020386629756770525,3.9321107255442485
2008-04-08,914.0,17.674999237060547,6.81783057145415,-0.009473596360046521,2.8721511686177443,-0.02304227365220335,3.9456794028364053
2008-04-09,933.5999755859375,18.170000076293945,6.839048054821894,0.021217483367744094,2.899771886606976,0.027620717989231824,3.9392761682149176
2008-04-10,928.2999877929688,18.01300048828125,6.833354943256009,-0.005693111565884479,2.8910937465485795,-0.008678140058396622,3.9422611967074297
2008-04-11,923.5999755859375,17.667999267578125,6.828279051046751,-0.005075892209258193,2.871755052279566,-0.01933869426901369,3.956523998767185
2008-04-14,925.4000244140625,17.76799964904785,6.830226102855072,0.0019470518083206656,2.877399066840204,0.005644014560638233,3.9528270360148676
2008-04-15,928.7000122070312,17.829999923706055,6.833785771926176,0.0035596690711043877,2.880882427596084,0.0034833607558799606,3.952903344330092
2008-04-16,945.0999755859375,18.30500030517578,6.851290716168757,0.017504944242580756,2.9071742632439164,0.02629183564783233,3.9441164529248405
2008-04-17,939.7999877929688,18.28700065612793,6.845667073679748,-0.005623642489008596,2.9061904607719686,-0.0009838024719477367,3.9394766129077796
2008-04-18,912.2000122070312,17.802000045776367,6.815859277659568,-0.029807796020180355,2.879310813108157,-0.026879647663811568,3.936548464551411
2008-04-21,914.7000122070312,17.341999053955078,6.818596156007712,0.0027368783481440673,2.8531312504027286,-0.026179562705428427,3.9654649056049833
2008-04-22,922.2999877929688,17.697999954223633,6.82687053700625,0.008274380998537723,2.873451636258631,0.020320385855902234,3.953418900747619
2008-04-23,906.2000122070312,17.155000686645508,6.809260045703608,-0.017610491302641584,2.842289716336382,-0.031161919922249037,3.9669703293672263
2008-04-24,886.7999877929688,16.652000427246094,6.787619463976898,-0.021640581726710018,2.8125303549900726,-0.029759361346309188,3.9750891089868254
2008-04-25,887.2000122070312,16.84600067138672,6.788070449795209,0.00045098581831126694,2.8241132797475412,0.011582924757468582,3.963957170047668
2008-04-28,892.9000244140625,17.01099967956543,6.794474619865608,0.006404170070398507,2.8338601747905416,0.009746895043000414,3.960614445075066
2008-04-29,874.2000122070312,16.540000915527344,6.773309196392874,-0.02116542347273409,2.805781744947862,-0.028078429842679498,3.9675274514450116
2008-04-30,862.7999877929688,16.50200080871582,6.760182900366843,-0.013126296026030992,2.80348163468929,-0.002300110258572019,3.9567012656775526
2008-05-01,848.9000244140625,16.121000289916992,6.743941422503567,-0.01624147786327601,2.7801227878776706,-0.023358846811619483,3.963818634625896
2008-05-02,856.0999755859375,16.381000518798828,6.7523871632306705,0.00844574072710369,2.7961221582932603,0.01599937041558963,3.95626500493741
2008-05-05,872.2999877929688,16.746000289916992,6.771133387445098,0.01874622421442762,2.8181594410948514,0.022037282801591118,3.9529739463502467
2008-05-06,876.0,16.780000686645508,6.775366090936392,0.004232703491293677,2.8201877419595305,0.002028300864679089,3.9551783489768613
2008-05-07,869.5999755859375,16.617000579833984,6.76803330773195,-0.00733278320444164,2.810426302613099,-0.009761439346431366,3.957607005118851
2008-05-08,880.5999755859375,16.79400062561035,6.780603465597303,0.012570157865352982,2.8210217170133864,0.010595414400287329,3.9595817485839166
2008-05-09,884.5,16.843000411987305,6.78502251359984,0.004419048002536563,2.8239351646766955,0.0029134476633090323,3.961087348923144
2008-05-12,883.7000122070312,17.158000946044922,6.784117652337505,-0.0009048612623345775,2.8424645922880214,0.01852942761132592,3.9416530600494837
2008-05-13,868.5,16.76300048828125,6.766767585681159,-0.017350066656345753,2.8191741057776527,-0.02329048651036869,3.9475934799035066
2008-05-14,865.4000244140625,16.549999237060547,6.763191856002088,-0.003575729679071493,2.80638605572401,-0.012788050053642586,3.9568058002780777
2008-05-15,879.0,16.62700080871582,6.778784897685177,0.015593041683088948,2.8110279286969506,0.004641872972940497,3.967756968988226
2008-05-16,899.0,16.90399932861328,6.80128303447162,0.02249813678644319,2.8275502405961306,0.016522311899179964,3.9737327938754894
2008-05-19,905.0,16.974000930786133,6.807934943699926,0.006651909228305719,2.8316828163834757,0.004132575787345161,3.97625212731645
2008-05-20,919.5,17.67099952697754,6.823830044044376,0.01589510034445052,2.871924851057628,0.040242034674152105,3.9519051929867484
2008-05-21,928.0,17.99799919128418,6.833031732786201,0.009201688741824476,2.8902605956781064,0.0183357446204786,3.9427711371080942
2008-05-22,917.9000244140625,17.975000381469727,6.822088478822781,-0.01094325396341933,2.888981924829348,-0.0012786708487584342,3.9331065539934333
2008-05-23,925.5999755859375,18.240999221801758,6.8304421495029946,0.008353670680213199,2.903671765042738,0.014689840213390148,3.9267703844602564
2008-05-27,907.7000122070312,17.424999237060547,6.810913940980892,-0.019528208522102908,2.8579059128624,-0.04576585218033813,3.9530080281184916
2008-05-28,900.5,17.3799991607666,6.802950164616011,-0.007963776364880992,2.855320071549938,-0.0025858413124622004,3.947630093066073
2008-05-29,877.2000122070312,16.476999282836914,6.776735030459637,-0.026215134156373665,2.8019654255501925,-0.053354645999745376,3.9747696049094445
2008-05-30,887.2999877929688,16.82699966430664,6.78818313008379,0.011448099624153052,2.822984719244624,0.02101929369443134,3.9651984108391662
2008-06-02,892.9000244140625,16.874000549316406,6.794474619865608,0.006291489781817816,2.8257740082974467,0.002789289052822941,3.968700611568161
2008-06-03,881.5999755859375,16.798999786376953,6.7817384107057475,-0.012736209159860401,2.8213193481116625,-0.0044546601857842205,3.960419062594085
2008-06-04,879.9000244140625,16.9060001373291,6.77980829239792,-0.0019301183078272999,2.8276685966298345,0.006349248518171979,3.9521396957680857
2008-06-05,871.7999877929688,17.136999130249023,6.770560025802191,-0.009248266595728971,2.8412398179258966,0.013571221296062141,3.9293202078762945
2008-06-06,895.4000244140625,17.39699935913086,6.797270573072961,0.026710547270769602,2.8562977407245014,0.01505792279860474,3.9409728323484594
2008-06-09,894.7000122070312,17.18000030517578,6.796488480197264,-0.0007820928756965273,2.8437459343195424,-0.01255180640495901,3.952742545877722
2008-06-10,867.9000244140625,16.60700035095215,6.76607652878024,-0.03041195141702424,2.8098243143574,-0.03392161996214238,3.95625221442284
2008-06-11,879.7000122070312,16.82900047302246,6.779580954134985,0.013504425354745386,2.8231036168385155,0.01327930248111553,3.95647733729647
2008-06-12,869.2000122070312,16.46299934387207,6.767573262426259,-0.012007691708726398,2.801115398811184,-0.02198821802733164,3.966457863615075
2008-06-13,870.2999877929688,16.540000915527344,6.768837965769234,0.0012647033429749044,2.805781744947862,0.004666346136678268,3.9630562208213718
2008-06-16,883.5999755859375,17.214000701904297,6.784004443915742,0.015166478146507956,2.8457230470024824,0.03994130205462021,3.9382813969132595
2008-06-17,884.2999877929688,17.05900001525879,6.784796357777515,0.0007919138617733523,2.836677924592854,-0.009045122409628181,3.948118433184661
2008-06-18,890.9000244140625,17.325000762939453,6.792232215130417,0.0074358573529016425,2.8521505891128753,0.015472664520021162,3.9400816260175415
2008-06-19,901.7000122070312,17.457000732421875,6.804281884043657,0.012049668913240552,2.8597407562984114,0.0075901671855360675,3.944541127745246
2008-06-20,901.2999877929688,17.386999130249023,6.803838152018559,-0.00044373202509806475,2.8557227505225895,-0.004018005775821898,3.94811540149597
2008-06-23,884.7999877929688,16.781999588012695,6.785361616971697,-0.01847653504686253,2.8203068588985207,-0.035415891624068774,3.965054758073176
2008-06-24,889.2000122070312,16.62700080871582,6.790322195818146,0.004960578846449515,2.8110279286969506,-0.009278930201570113,3.9792942671211957
2008-06-25,880.0,16.499000549316406,6.779921907472252,-0.01040028834589446,2.803299806303228,-0.0077281223937224475,3.9766221011690237
2008-06-26,913.0999755859375,17.12299919128418,6.816845376884738,0.036923469412486476,2.8404225417770355,0.03712273547380729,3.976422835107703
2008-06-27,929.2999877929688,17.6200008392334,6.834431601427567,0.017586224542828433,2.8690346681376235,0.028612126360588075,3.9653969332899432
2008-06-30,926.2000122070312,17.420000076293945,6.831090207226344,-0.0033413942012225917,2.8576189758040322,-0.011415692333591299,3.973471231422312
2008-07-01,942.5,18.200000762939453,6.848535919322166,0.017445712095821797,2.901421636002499,0.0438026601984669,3.947114283319667
2008-07-02,944.7999877929688,18.336999893188477,6.850973251962925,0.00243733264075896,2.9089208707421093,0.007499234739610117,3.9420523812208157
2008-07-03,931.9000244140625,18.28499984741211,6.837225538989767,-0.013747712973158244,2.906081043256368,-0.0028398274857410755,3.9311444957333985
2008-07-07,927.2999877929688,17.83799934387207,6.832277124642122,-0.004948414347644814,2.88133097646142,-0.02475006679494829,3.950946148180702
2008-07-08,921.9000244140625,17.8799991607666,6.826436784286881,-0.005840340355240947,2.883682722808376,0.0023517463469562294,3.942754061478505
2008-07-09,927.2999877929688,18.100000381469727,6.832277124642122,0.005840340355240947,2.895911959347455,0.012229236539079036,3.9363651652946667
2008-07-10,940.9000244140625,18.2450008392334,6.846836889960283,0.014559765318161055,2.903891115886404,0.00797915653894865,3.942945774073879
2008-07-11,959.5,18.7450008392334,6.8664123154477545,0.0195754254874716,2.930927094958928,0.027035979072524086,3.9354852204888267
2008-07-14,972.7000122070312,19.174999237060547,6.880075722425031,0.013663406977276082,2.9536073074650817,0.02268021250615382,3.926468414959949
2008-07-15,977.7000122070312,18.94099998474121,6.8852028869970825,0.005127164572051868,2.9413288838690086,-0.012278423596073118,3.943874003128074
2008-07-16,961.7999877929688,18.735000610351562,6.868806516151702,-0.01639637084538048,2.930393464823796,-0.010935419045212669,3.938413051327906
2008-07-17,970.0,18.66699981689453,6.877296071497429,0.008489555345726707,2.9267572492414136,-0.0036362155823823628,3.950538822256015
2008-07-18,957.2999877929688,18.135000228881836,6.8641168092007865,-0.013179262296642236,2.8978437853558656,-0.02891346388554794,3.966273023844921
2008-07-21,963.0999755859375,18.36199951171875,6.870157223217361,0.0060404140165744025,2.9102832851295655,0.012439499773699847,3.9598739380877954
2008-07-22,948.0,17.94499969482422,6.854354502255021,-0.015802720962339478,2.887311507593397,-0.022971777536168414,3.9670429946616244
2008-07-23,922.4000244140625,17.399999618530273,6.826978995422826,-0.02737550683219503,2.8564701842969358,-0.030841323296461276,3.9705088111258906
2008-07-24,922.0,17.246000289916992,6.826545223556594,-0.00043377186623239083,2.8475802493408127,-0.008889934956123113,3.9789649742157813
2008-07-25,926.5999755859375,17.325000762939453,6.831521946634542,0.004976723077947831,2.8521505891128753,0.00457033977206267,3.9793713575216665
2008-07-28,927.5999755859375,17.41699981689453,6.832600579061775,0.0010786324272329395,2.8574467302366164,0.005296141123741105,3.9751538488251583
2008-07-29,916.4000244140625,17.329999923706055,6.820452977220613,-0.012147601841161482,2.8524390993250943,-0.005007630911522121,3.968013877895519
2008-07-30,902.9000244140625,17.422000885009766,6.8056118323530415,-0.01484114486757182,2.8577338261951013,0.005294726870006983,3.94787800615794
2008-07-31,913.9000244140625,17.75,6.817721182992306,0.012109350639264882,2.8763855159214247,0.01865168972632336,3.9413356670708817
2008-08-01,909.0,17.481000900268555,6.812345094177479,-0.00537608881482754,2.861114628328877,-0.015270887592547577,3.9512304658486017
2008-08-04,900.0999755859375,17.10300064086914,6.8025058411393164,-0.009839253038162354,2.8392539241887076,-0.021860704140169496,3.963251916950609
2008-08-05,878.5999755859375,16.53700065612793,6.778329703754219,-0.024176137385097718,2.8056003343444162,-0.03365358984429134,3.9727293694098025
2008-08-06,875.5999755859375,16.472000122070312,6.774909337766041,-0.0034203659881777426,2.801661977136265,-0.003938357208151277,3.973247360629776
2008-08-07,870.7000122070312,16.226999282836914,6.76929749985436,-0.0056118379116814054,2.786676477361732,-0.014985499774533118,3.9826210224926277
2008-08-08,857.7999877929688,15.303000450134277,6.754370957852154,-0.014926542002205778,2.7280489170236724,-0.05862756033805949,4.026322040828481
2008-08-11,821.5,14.595000267028809,6.711131937477322,-0.043239020374831405,2.680679022601988,-0.04736989442168449,4.030452914875335
2008-08-12,808.2000122070312,14.461999893188477,6.694809567748346,-0.01632236972897605,2.6715245123670925,-0.00915451023489533,4.023285055381254
2008-08-13,825.0,14.824000358581543,6.715383386334681,0.020573818586334447,2.6962475131723154,0.024723000805222828,4.019135873162366
2008-08-14,808.2000122070312,14.21399974822998,6.694809567748346,-0.020573818586334447,2.6542273766918836,-0.04202013648043179,4.040582191056463
2008-08-15,786.0,12.800999641418457,6.666956792429207,-0.027852775319139766,2.5495232648619774,-0.10470411182990613,4.117433527567229
2008-08-18,799.7000122070312,13.086999893188477,6.684236672602357,0.01727988017315063,2.571619362911693,0.02209609804971535,4.112617309690664
2008-08-19,811.0999755859375,13.093000411987305,6.6983913209763575,0.014154648374000267,2.5720777677118423,0.00045840480014947005,4.126313553264515
2008-08-20,810.2999877929688,13.029000282287598,6.6974045344018505,-0.0009867865745070148,2.5671776638868926,-0.004900103824949653,4.130226870514958
2008-08-21,833.0,13.718999862670898,6.725033642166843,0.02762910776499261,2.6187817233338886,0.051604059446995976,4.106251918832955
2008-08-22,827.4000244140625,13.470000267028809,6.718288283534275,-0.006745358632567644,2.6004650102462374,-0.01831671308765115,4.117823273288038
2008-08-25,819.7999877929688,13.364999771118164,6.709060393179982,-0.0092278903542935,2.5926393324654176,-0.007825677780819884,4.116421060714565
2008-08-26,822.2000122070312,13.571999549865723,6.711983689310569,0.0029232961305867278,2.608008813755591,0.015369481290173237,4.103974875554978
2008-08-27,828.0999755859375,13.468000411987305,6.719133890557631,0.007150201247062782,2.6003165318889154,-0.007692281866675366,4.118817358668716
2008-08-28,830.9000244140625,13.604000091552734,6.722509480053608,0.0033755894959766053,2.6103638738747885,0.010047341985873093,4.112145606178819
2008-08-29,829.2999877929688,13.607000350952148,6.720581956737477,-0.0019275233161311078,2.6105843920007508,0.00022051812596224352,4.109997564736727
2008-09-02,805.0,13.050000190734863,6.690842277418564,-0.029739679318913304,2.568788148384401,-0.041796243616349926,4.122054129034163
2008-09-03,802.7000122070312,12.859999656677246,6.6879810603449945,-0.0028612170735691222,2.554121692112525,-0.014666456271875905,4.13385936823247
2008-09-04,797.9000244140625,12.855999946594238,6.681983306912133,-0.0059977534328616855,2.5538106242810605,-0.00031106783146439554,4.128172682631073
2008-09-05,797.5999755859375,12.244999885559082,6.681607188038222,-0.00037611887391086896,2.5051176810582008,-0.048692943222859775,4.176489506980021
2008-09-08,797.5,11.989999771118164,6.6814818346589995,-0.00012535337922248146,2.4840729499500287,-0.021044731108172066,4.19740888470897
2008-09-09,787.0999755859375,11.640000343322754,6.668355274130665,-0.013126560528334608,2.4544474717983733,-0.029625478151655393,4.213907802332292
2008-09-10,757.9000244140625,10.817000389099121,6.630551483030758,-0.037803791099906725,2.381119006619227,-0.07332846517914637,4.249432476411531
2008-09-11,741.2999877929688,10.489999771118164,6.608405385195614,-0.022146097835143763,2.3504224005891556,-0.030696606030071294,4.257982984606459
2008-09-12,760.2999877929688,10.734999656677246,6.633713076178846,0.025307690983231268,2.373509399349118,0.02308699875996245,4.260203676829727
2008-09-15,783.0999755859375,11.074999809265137,6.6632603705807165,0.02954729440187087,2.4046902987090895,0.03118089935997137,4.2585700718716275
2008-09-16,776.5,10.461999893188477,6.6547966425887415,-0.008463727991975034,2.347749634738945,-0.056940663970144634,4.307047007849796
2008-09-17,846.5999755859375,11.619999885559082,6.7412282992490455,0.08643165666030406,2.452727741575149,0.10497810683620434,4.288500557673896
2008-09-18,892.7000122070312,12.64799976348877,6.794250591859598,0.053022292610552135,2.5374990812076743,0.08477133963252514,4.256751510651924
2008-09-19,860.5999755859375,12.425000190734863,6.757629792035846,-0.03662079982375133,2.5197105873335865,-0.017788493874087763,4.23791920470226
2008-09-22,903.9000244140625,13.399999618530273,6.806718761814059,0.04908896977821264,2.5952546784889754,0.07554409115538885,4.211464083325083
2008-09-23,885.5,13.119999885559082,6.786152457222888,-0.020566304591170592,2.574137774793312,-0.021116903695663325,4.212014682429576
2008-09-24,889.0,13.383999824523926,6.790097235513905,0.003944778291016249,2.5940599505736386,0.019922175780326512,4.196037284940266
2008-09-25,877.7000122070312,13.222000122070312,6.777304863506049,-0.012792372007855768,2.58188211814375,-0.012177832429888458,4.195422745362299
2008-09-26,882.9000244140625,13.458000183105469,6.783211971559663,0.005907108053613719,2.599573738371823,0.017691620228073024,4.183638233187839
2008-09-29,888.2000122070312,12.980999946594238,6.789196956601563,0.005984985041900259,2.563486745796709,-0.03608699257511416,4.225710210804854
2008-09-30,874.2000122070312,12.230999946594238,6.773309196392874,-0.015887760208689095,2.5039737081387994,-0.05951303765790961,4.269335488254074
2008-10-01,880.7000122070312,12.720000267028809,6.780717059672015,0.007407863279141225,2.543175578904807,0.03920187076600756,4.237541480767208
2008-10-02,839.0,11.0649995803833,6.732210706467206,-0.048506353204809116,2.4037869355801296,-0.13938864332467737,4.328423770887076
2008-10-03,828.9000244140625,11.270000457763672,6.7200995500510485,-0.012111156416157343,2.4221443686695787,0.01835743308944915,4.29795518138147
2008-10-06,862.7000122070312,11.229999542236328,6.760067020232332,0.039967470181283105,2.41858872798778,-0.0035556406817986996,4.341478292244552
2008-10-07,878.4000244140625,11.324999809265137,6.778102098549053,0.018035078316721354,2.427012654527167,0.008423926539387061,4.351089444021886
2008-10-08,903.0999755859375,11.717000007629395,6.805833262223133,0.027731163674079795,2.4610407793371576,0.03402812480999051,4.344792482885975
2008-10-09,883.0999755859375,11.819999694824219,6.783438416828893,-0.022394845394240193,2.4697929861593577,0.008752206822200126,4.313645430669535
2008-10-10,855.4000244140625,10.545000076293945,6.751569224333914,-0.03186919249497855,2.3556518211658206,-0.1141411649935371,4.395917403168093
2008-10-13,838.9000244140625,10.737000465393066,6.732091538954719,-0.019477685379195364,2.3736957637967926,0.018043942630971976,4.358395775157926
2008-10-14,836.2999877929688,11.017999649047852,6.728987385791006,-0.0031041531637123754,2.399530267197906,0.025834503401113373,4.3294571185931
2008-10-15,835.5,10.142000198364258,6.728030348035448,-0.000957037755558332,2.3166852369315194,-0.08284503026638657,4.411345111103929
2008-10-16,801.5,9.607000350952148,6.686484972049608,-0.04154537598583996,2.2624920359584793,-0.054193200973040145,4.423992936091128
2008-10-17,785.0999755859375,9.3100004196167,6.665811067107454,-0.020673904942153598,2.231089136360586,-0.03140289959789344,4.434721930746869
2008-10-20,787.5999755859375,9.664999961853027,6.668990315766922,0.003179248659467504,2.2685111087133754,0.037421972352789545,4.400479207053547
2008-10-21,766.0999755859375,10.050000190734863,6.641312677654791,-0.027677638112130865,2.307572653483678,0.03906154477030244,4.333740024171114
2008-10-22,733.2999877929688,9.45199966430664,6.597554878453045,-0.04375779920174594,2.2462263238090703,-0.061346329674607514,4.351328554643975
2008-10-23,713.2999877929688,9.5,6.569902072170532,-0.02765280628251343,2.2512917986064953,0.005065474797425029,4.318610273564037
2008-10-24,729.0999755859375,9.295000076293945,6.59181086332718,0.021908791156648455,2.22947662938147,-0.021815169225025244,4.36233423394571
2008-10-27,741.7000122070312,9.194999694824219,6.608944865200691,0.017134001873510663,2.2186598248669656,-0.010816804514504508,4.390285040333725
2008-10-28,739.2999877929688,8.789999961853027,6.605703776051447,-0.0032410891492435923,2.1736147073572707,-0.045045117509694865,4.432089068694177
2008-10-29,752.7999877929688,9.805000305175781,6.623799572055666,0.018095796004218734,2.282892490772815,0.1092777834155445,4.34090708128285
2008-10-30,737.2000122070312,9.78499984741211,6.60285924235431,-0.02094032970135551,2.280850585253978,-0.002041905518836984,4.322008657100332
2008-10-31,716.7999877929688,9.729999542236328,6.574796844630822,-0.028062397723488175,2.2752138491512865,-0.005636736102691664,4.299582995479536
2008-11-03,725.4000244140625,9.75,6.586723260504802,0.011926415873979579,2.277267285009756,0.002053435858469399,4.309455975495046
2008-11-04,756.0,10.130000114440918,6.628041376179533,0.04131811567473154,2.31550132955782,0.038234044548064006,4.312540046621713
2008-11-05,741.2999877929688,10.454999923706055,6.608405385195614,-0.019635990983918994,2.3470803255832324,0.031578996025412476,4.261325059612382
2008-11-06,731.2000122070312,10.055000305175781,6.594687036834458,-0.013718348361156707,2.3080700535752645,-0.03901027200796792,4.286616983259194
2008-11-07,733.2000122070312,9.963000297546387,6.597418532614529,0.002731495780071036,2.2988782609278586,-0.009191792647405883,4.2985402716866705
2008-11-10,745.5999755859375,10.220000267028809,6.614189230627199,0.01677069801267006,2.3243466109036217,0.025468349975763083,4.2898426197235775
2008-11-11,732.0,9.805000305175781,6.595780513961311,-0.018408716665887503,2.282892490772815,-0.041454120130806515,4.312888023188496
2008-11-12,717.7000122070312,9.479999542236328,6.576051671444569,-0.01972884251674234,2.249184267979622,-0.03370822279319308,4.326867403464947
2008-11-13,704.9000244140625,8.800000190734863,6.558055983414618,-0.017995688029951218,2.174751743158577,-0.07443252482104512,4.383304240256041
2008-11-14,742.4000244140625,9.489999771118164,6.609888214357311,0.051832230942693513,2.2502385885036236,0.07548684534504657,4.359649625853688
2008-11-17,741.9000244140625,9.329999923706055,6.609214496102964,-0.0006737182543474773,2.233235006681981,-0.017003581821642744,4.375979489420983
2008-11-18,732.5999755859375,9.550000190734863,6.596599817019484,-0.012614679083479352,2.256541174464876,0.02330616778289496,4.340058642554609
2008-11-19,735.9000244140625,9.3100004196167,6.601094273108341,0.00449445608885668,2.231089136360586,-0.025452038104289976,4.370005136747755
2008-11-20,748.5999755859375,9.024999618530273,6.618204762857367,0.01711048974902596,2.19999846195083,-0.03109067440975588,4.418206300906537
2008-11-21,791.7000122070312,9.479999542236328,6.674182547596146,0.055977784738779235,2.249184267979622,0.04918580602879219,4.424998279616524
2008-11-24,819.4000244140625,10.354999542236328,6.708572394907819,0.034389847311672384,2.3374694506405285,0.08828518266090635,4.371102944267291
2008-11-25,818.4000244140625,10.270000457763672,6.707351244468871,-0.0012211504389476602,2.3292270685133647,-0.008242382127163772,4.378124175955506
2008-11-26,808.5,10.220000267028809,6.695180679017161,-0.012170565451709692,2.3243466109036217,-0.004880457609742983,4.37083406811354
2008-11-28,816.2000122070312,10.1850004196167,6.704659437927637,0.009478758910475449,2.320916090878248,-0.0034305200253736956,4.383743347049389
2008-12-01,774.5999755859375,9.350000381469727,6.652346735562368,-0.05231270236526875,2.2353763840994962,-0.08553970677875178,4.416970351462872
2008-12-02,781.2999877929688,9.59000015258789,6.660959183378698,0.008612447816330082,2.260720904806493,0.025344520706996665,4.400238278572205
2008-12-03,768.7999877929688,9.564000129699707,6.644830841778051,-0.016128341600647467,2.258006063157319,-0.0027148416491740157,4.386824778620731
2008-12-04,763.7999877929688,9.491000175476074,6.638305958809442,-0.006524882968608203,2.2503439996370362,-0.007662063520282647,4.387961959172406
2008-12-05,750.5,9.401000022888184,6.620739651073516,-0.017566307735926046,2.240816069031068,-0.009527930605968127,4.379923582042448
2008-12-08,767.4000244140625,9.9399995803833,6.64300820962685,0.02226855855333376,2.296566978453522,0.055750909422453976,4.346441231173328
2008-12-09,772.4000244140625,9.8149995803833,6.649502582162415,0.006494372535565063,2.2839117849758304,-0.012655193477691729,4.365590797186584
2008-12-10,807.0999755859375,10.164999961853027,6.693447546081209,0.043944963918793434,2.3189504433275334,0.035038658351703056,4.374497102753676
2008-12-11,824.9000244140625,10.390000343322754,6.715262196463076,0.021814650381867473,2.3408438381547114,0.021893394827178003,4.374418358308365
2008-12-12,818.9000244140625,10.199000358581543,6.7079620060893825,-0.00730019037369356,2.3222897114268806,-0.018554126727830855,4.385672294662502
2008-12-15,835.4000244140625,10.58899974822998,6.727910681287473,0.019948675198090626,2.3598157026717548,0.03752599124487421,4.368094978615718
2008-12-16,841.7000122070312,10.673999786376953,6.735423670720359,0.00751298943288603,2.3678108578983514,0.007995155226596662,4.367612812822008
2008-12-17,867.5,11.388999938964844,6.765615511821014,0.030191841100655203,2.432647971933082,0.06483711403473036,4.332967539887933
2008-12-18,859.5999755859375,11.08899974822998,6.7564671363667,-0.009148375454314461,2.4059536032665947,-0.02669436866648711,4.350513533100106
2008-12-19,836.4000244140625,10.819000244140625,6.729106996743936,-0.027360139622763846,2.38130387027135,-0.024649732995244644,4.347803126472586
2008-12-22,846.2000122070312,10.829000473022461,6.740755752711672,0.011648755967735624,2.3822277643273257,0.0009238940559757047,4.3585279883843455
2008-12-23,837.2000122070312,10.232999801635742,6.730063005152627,-0.01069274755904459,2.3256177727198573,-0.05660999160746849,4.40444523243277
2008-12-24,847.0999755859375,10.322999954223633,6.741818722616749,0.011755717464121851,2.3343744110490476,0.00875663832919038,4.407444311567701
2008-12-26,870.4000244140625,10.503000259399414,6.768952904150923,0.027134181534173685,2.3516609553382875,0.017286544289239814,4.417291948812635
2008-12-29,874.5999755859375,10.782999992370605,6.773766611064273,0.0048137069133504795,2.377970819192396,0.026309863854108606,4.395795791871877
2008-12-30,869.2999877929688,10.954999923706055,6.76768827604265,-0.00607833502162336,2.3937959660831263,0.015825146890730224,4.3738923099595235
2008-12-31,883.5999755859375,11.270000457763672,6.784004443915742,0.01631616787309209,2.4221443686695787,0.028348402586452437,4.361860075246163
2009-01-02,878.7999877929688,11.46500015258789,6.778557326619887,-0.0054471172958550085,2.4392989296188854,0.017154560949306674,4.339258397001002
2009-01-05,857.2000122070312,11.244999885559082,6.7536712778400085,-0.024886048779878323,2.41992357523423,-0.01937535438465554,4.333747702605779
2009-01-06,865.4000244140625,11.420000076293945,6.763191856002088,0.009520578162079296,2.4353662109085947,0.01544263567436488,4.327825645093493
2009-01-07,841.0999755859375,11.079999923706055,6.734710529942042,-0.02848132606004583,2.4051416744334024,-0.0302245364751923,4.32956885550864
2009-01-08,853.9000244140625,11.071999549865723,6.749814119504803,0.015103589562761144,2.404419358220122,-0.0007223162132805605,4.345394761284681
2009-01-09,854.2999877929688,11.295000076293945,6.750282405868645,0.00046828636384166344,2.424360156674632,0.019940798454510134,4.325922249194013
2009-01-12,820.2999877929688,10.725000381469727,6.709670112127525,-0.04061229374111974,2.372577500382353,-0.05178265629227896,4.337092611745172
2009-01-13,820.0999755859375,10.654999732971191,6.709426254272748,-0.00024385785477676336,2.3660292404892185,-0.006548259893134567,4.34339701378353
2009-01-14,808.2000122070312,10.45199966430664,6.694809567748346,-0.014616686524401956,2.346793315540746,-0.019235924948472594,4.3480162522076
2009-01-15,806.7000122070312,10.420000076293945,6.692951867074987,-0.0018577006733595525,2.3437270436470965,-0.003066271893649386,4.349224823427891
2009-01-16,839.2999877929688,11.194999694824219,6.732568196544482,0.03961632946949489,2.4154672227907104,0.07174017914361386,4.317100973753771
2009-01-20,854.5999755859375,11.157999992370605,6.7506334946421,0.018065298097618587,2.4121567287395766,-0.0033104940511337055,4.338476765902524
2009-01-21,849.5999755859375,11.3149995803833,6.744765621751725,-0.005867872890375381,2.4261292420005067,0.013972513260930075,4.318636379751219
2009-01-22,858.2000122070312,11.357000350952148,6.754837186781418,0.010071565029693197,2.4298343248113445,0.003705082810837812,4.3250028619700736
2009-01-23,895.2999877929688,11.932000160217285,6.79715884400554,0.04232165722412162,2.4792238800800317,0.04938955526868716,4.317934963925508
2009-01-26,908.5,12.10200023651123,6.811794887836226,0.014636043830686063,2.493370747743282,0.014146867663250351,4.318424140092944
2009-01-27,899.2000122070312,12.166999816894531,6.8015054927148615,-0.010289395121364286,2.49872735375596,0.005356606012677734,4.302778138958901
2009-01-28,888.0999755859375,11.963000297546387,6.78908432177424,-0.012421170940621451,2.4818185780609885,-0.01690877569497129,4.307265743713252
2009-01-29,905.0999755859375,12.140000343322754,6.8080454078592405,0.018961086085000467,2.4965058139116447,0.014687235850656233,4.311539593947596
2009-01-30,927.2999877929688,12.5600004196167,6.832277124642122,0.024231716782881385,2.530517194449025,0.03401138053738029,4.301759930193096
2009-02-02,906.7000122070312,12.40999984741211,6.8098116481151525,-0.022465476526969397,2.5185025869209565,-0.012014607528068488,4.291309061194196
2009-02-03,892.0,12.295000076293945,6.79346613258001,-0.01634551553514285,2.5091926818734382,-0.009309905047518274,4.284273450706571
2009-02-04,901.5999755859375,12.46500015258789,6.80417093564697,0.010704803066960089,2.522924729216828,0.01373204734338973,4.281246206430142
2009-02-05,913.5999755859375,12.744999885559082,6.817392812178823,0.013221876531853027,2.545139028848799,0.02221429963197119,4.272253783330024
2009-02-06,913.9000244140625,13.154999732971191,6.817721182992306,0.00032837081348358055,2.5768018941936006,0.03166286534480145,4.240919288798706
2009-02-09,892.4000244140625,12.824999809265137,6.793914489916134,-0.023806693076172003,2.551396376184719,-0.02540551800888169,4.242518113731416
2009-02-10,913.7000122070312,13.125,6.817502303364574,0.0235878134484393,2.5745188084776873,0.023122432292968398,4.242983494886886
2009-02-11,943.7999877929688,13.515000343322754,6.84991426635837,0.03241196299379645,2.6038002051315,0.029281396653812575,4.24611406122687
2009-02-12,948.5,13.505000114440918,6.854881789375069,0.004967523016699005,2.6030599957185454,-0.0007402094129544956,4.251821793656523
2009-02-13,941.5,13.619999885559082,6.847474348097207,-0.00740744127786197,2.6115392923189495,0.00847929660040414,4.235935055778258
2009-02-17,967.0,14.008000373840332,6.874198495453294,0.02672414735608708,2.6396286216711813,0.02808932935223174,4.234569873782113
2009-02-18,977.7000122070312,14.288000106811523,6.8852028869970825,0.011004391543788294,2.659420031609754,0.019791409938572535,4.225782855387329
2009-02-19,976.0999755859375,13.932999610900879,6.883565015169074,-0.0016378718280085636,2.634260099205012,-0.02515993240474179,4.249304915964062
2009-02-20,1001.7999877929688,14.48799991607666,6.909553648738418,0.025988633569344444,2.6733207147885016,0.03906061558348961,4.236232933949917
2009-02-23,994.5999755859375,14.447999954223633,6.902340621734024,-0.007213027004394412,2.6705559935062766,-0.0027647212822250467,4.231784628227747
2009-02-24,969.0999755859375,13.993000030517578,6.876367780547993,-0.02597284118603138,2.6385572067544936,-0.031998786751783026,4.2378105737934995
2009-02-25,965.7000122070312,13.873000144958496,6.872853239613476,-0.003514540934516752,2.6299445155475536,-0.00861269120693997,4.242908724065922
2009-02-26,941.7999877929688,12.949999809265137,6.84779292484807,-0.0250603147654056,2.561095773416986,-0.06884874213056769,4.286697151431085
2009-02-27,941.5,13.085000038146973,6.847474348097207,-0.00031857675086310877,2.57146653889743,0.010370765480443911,4.276007809199777
2009-03-02,939.0,13.050000190734863,6.844815479208263,-0.002658868888944177,2.568788148384401,-0.002678390513028983,4.276027330823862
2009-03-03,912.9000244140625,12.694999694824219,6.816626372314449,-0.028189106893814042,2.541208191117588,-0.027579957266812727,4.27541818119686
2009-03-04,906.0,12.899999618530273,6.80903930604298,-0.007587066271469212,2.5572272817963295,0.01601909067874141,4.25181202424665
2009-03-05,927.0,13.104999542236328,6.831953565565855,0.02291425952287529,2.5729938018449094,0.015766520048579924,4.258959763720945
2009-03-06,942.0999755859375,13.322999954223633,6.848111400140109,0.016157834574253904,2.5894918615421845,0.016498059697275025,4.258619538597925
2009-03-09,917.7000122070312,12.949999809265137,6.821870553126734,-0.02624084701337459,2.561095773416986,-0.02839608812519856,4.260774779709749
2009-03-10,895.5999755859375,12.5600004196167,6.797493857464592,-0.02437669566214229,2.530517194449025,-0.0305785789679609,4.266976663015567
2009-03-11,910.4000244140625,12.8149995803833,6.813884090188918,0.01639023272432638,2.550616327071851,0.020099132622826144,4.263267763117067
2009-03-12,923.7000122070312,12.958000183105469,6.828387356813928,0.014503266625009559,2.5617133721584544,0.011097045086603252,4.2666739846554735
2009-03-13,929.7999877929688,13.229999542236328,6.834969496127821,0.006582139313892732,2.582486943526435,0.020773571367980637,4.252482552601386
2009-03-16,921.5999755859375,12.904999732971191,6.826111263450673,-0.008858232677147804,2.5576148124786893,-0.02487213104774577,4.268496450971984
2009-03-17,916.4000244140625,12.6850004196167,6.820452977220613,-0.005658286230059595,2.5404202261310003,-0.017194586347689,4.280032751089613
2009-03-18,888.7000122070312,11.949999809265137,6.789759734480258,-0.03069324274035523,2.4807312624164433,-0.05968896371455701,4.309028472063815
2009-03-19,958.2999877929688,13.5,6.865160868611501,0.07540113413124327,2.6026896854443837,0.12195842302794047,4.262471183167118
2009-03-20,955.7999877929688,13.82699966430664,6.862548673372525,-0.002612195238976156,2.6266231781283755,0.02393349268399181,4.23592549524415
2009-03-23,952.0999755859375,13.862000465393066,6.8586700456493155,-0.003878627723209682,2.629151317069091,0.002528138940715685,4.229518728580224
2009-03-24,923.2999877929688,13.343999862670898,6.827954195557493,-0.03071585009182254,2.5910668353249413,-0.03808448174414991,4.236887360232552
2009-03-25,935.4000244140625,13.423999786376953,6.840974271391916,0.013020075834423217,2.5970441338113335,0.0059772984863921685,4.243930137580582
2009-03-26,939.5999755859375,13.607000350952148,6.8454542268012935,0.00447995540937729,2.6105843920007508,0.013540258189417287,4.234869834800543
2009-03-27,923.0,13.25100040435791,6.827629234502852,-0.0178249922984417,2.5840730517977737,-0.026511340202977074,4.243556182705078
2009-03-30,915.5,13.02299976348877,6.819470364114565,-0.008158870388286665,2.5667170068245255,-0.017356044973248164,4.25275335729004
2009-03-31,922.5999755859375,12.975000381469727,6.82719574466148,0.007725380546914629,2.563024458452316,-0.0036925483722094476,4.264171286209164
2009-04-01,926.0999755859375,12.96500015258789,6.830982193813991,0.003786449152511473,2.562253430759844,-0.0007710276924721704,4.268728763054147
2009-04-02,907.4000244140625,13.015000343322754,6.810583394135376,-0.02039879967861502,2.566102564825534,0.0038491340656898743,4.244480829309842
2009-04-03,895.5999755859375,12.725000381469727,6.797493857464592,-0.013089536670784163,2.5435685924145606,-0.022533972410973213,4.253925265050031
2009-04-06,871.5,12.104999542236328,6.770215864960075,-0.02727799250451657,2.493618552573939,-0.04995003984062141,4.276597312386136
2009-04-07,882.2000122070312,12.204999923706055,6.782418801507873,0.012202936547797805,2.501845697593883,0.008227145019943816,4.280573103913991
2009-04-08,884.7999877929688,12.335000038146973,6.785361616971697,0.002942815463823578,2.5124407530739,0.010595055480016935,4.272920863897797
2009-04-09,882.2000122070312,12.324999809265137,6.782418801507873,-0.002942815463823578,2.5116297044533082,-0.00081104862059167,4.270789097054565
2009-04-13,894.7000122070312,12.762999534606934,6.796488480197264,0.014069678689391019,2.5465503235363154,0.03492061908300714,4.249938156660949
2009-04-14,890.9000244140625,12.760000228881836,6.792232215130417,-0.004256265066847398,2.5463152958540918,-0.0002350276822236097,4.2459169192763255
2009-04-15,892.7999877929688,12.795000076293945,6.794362577954296,0.0021303628238795724,2.549054475574546,0.0027391797204541213,4.2453081023797505
2009-04-16,879.2999877929688,12.25,6.779126122502287,-0.015236455452009245,2.505525936990736,-0.043528538583809784,4.273600185511551
2009-04-17,867.4000244140625,11.78499984741211,6.7655002595475215,-0.013625862954765644,2.4668275234404584,-0.0386984135502777,4.298672736107063
2009-04-20,887.0,12.100000381469727,6.787844982309579,0.02234472276205768,2.4932054841291187,0.026377960688660274,4.2946394981804605
2009-04-21,882.0999755859375,12.055000305175781,6.782305400587516,-0.005539581722063147,2.4894795369484206,-0.003725947180698075,4.292825863639095
2009-04-22,891.7999877929688,12.300000190734863,6.793241878505294,0.010936477917778298,2.509599277885271,0.020119740936850317,4.283642600620023
2009-04-23,905.9000244140625,12.75,6.8089289516253055,0.015687073120011163,2.545531271604435,0.035931993719164,4.263397680020871
2009-04-24,913.5999755859375,12.914999961853027,6.817392812178823,0.008463860553517222,2.5583894235941087,0.012858151989673772,4.2590033885847145
2009-04-27,907.4000244140625,12.949999809265137,6.810583394135376,-0.006809418043446591,2.561095773416986,0.0027063498228772076,4.249487620718391
2009-04-28,892.7999877929688,12.395000457763672,6.794362577954296,-0.016220816181079734,2.51729320241847,-0.04380257099851592,4.2770693755358264
2009-04-29,899.7999877929688,12.753999710083008,6.802172502840689,0.0078099248863923165,2.5458449251616235,0.02855172274315354,4.256327577679065
2009-04-30,890.7000122070312,12.305000305175781,6.79200768414281,-0.010164818697878886,2.5100057086439764,-0.0358392165176471,4.282001975498833
2009-05-01,887.5999755859375,12.479999542236328,6.788521163552735,-0.0034865205900747043,2.5241273262614996,0.014121617617523174,4.264393837291236
2009-05-04,901.5999755859375,13.093000411987305,6.80417093564697,0.01564977209423457,2.5720777677118423,0.04795044145034266,4.232093167935128
2009-05-05,903.7000122070312,13.402000427246094,6.806497460415746,0.0023265247687760393,2.595403981430257,0.023326213718414923,4.211093478985489
2009-05-06,910.5,13.692000389099121,6.813993899167663,0.007496438751917189,2.6168117490859286,0.021407767655671428,4.197182150081734
2009-05-07,915.0,14.01200008392334,6.818924065275521,0.004930166107858014,2.639914111324631,0.023102362238702323,4.1790099539508905
2009-05-08,914.4000244140625,13.9350004196167,6.818268139180144,-0.000655926095377346,2.63440369104634,-0.005510420278290962,4.183864448133804
2009-05-11,913.0,13.890000343322754,6.816735880594968,-0.0015322585851755832,2.631169181483513,-0.0032345095628270037,4.185566699111455
2009-05-12,923.5,14.194999694824219,6.828170799639294,0.011434919044326364,2.652889768426112,0.02172058694259915,4.175281031213182
2009-05-13,925.5,14.0,6.830334132013552,0.002163332374257365,2.6390573296152584,-0.01383243881085372,4.191276802398294
2009-05-14,928.0,14.020000457763672,6.833031732786201,0.0026976007726489115,2.640484914257205,0.0014275846419464777,4.192546818528996
2009-05-15,930.9000244140625,13.989999771118164,6.836151886348744,0.0031201535625431376,2.638342772317001,-0.002142141940203679,4.197809114031743
2009-05-18,921.2999877929688,13.8100004196167,6.825785702865097,-0.010366183483647262,2.6253929978061894,-0.012949774510811807,4.200392705058907
2009-05-19,926.2999877929688,14.109999656677246,6.831198143081712,0.005412440216615799,2.6468837415328474,0.021490743726658046,4.184314401548865
2009-05-20,937.0,14.270000457763672,6.842683282238422,0.011485139156709678,2.6581594635674883,0.01127572203464089,4.184523818670934
2009-05-21,950.7999877929688,14.4350004196167,6.857303722647344,0.014620440408921631,2.6696558421842917,0.011496378616803415,4.187647880463052
2009-05-22,958.5,14.682999610900879,6.865369562485699,0.008065839838355515,2.686690335480826,0.01703449329653406,4.178679227004873
2009-05-26,953.0999755859375,14.588000297546387,6.8597198043281535,-0.005649758157545648,2.6801992933430876,-0.006491042137738212,4.179520510985066
2009-05-27,953.2000122070312,14.852999687194824,6.859824758030956,0.00010495370280239058,2.6982018439873285,0.018002550644240944,4.161622914043628
2009-05-28,961.5,15.149999618530273,6.8684945650288345,0.00866980699787856,2.718000506775858,0.019798662788529597,4.150494058252976
2009-05-29,978.7999877929688,15.600000381469727,6.886327319097091,0.01783275406825613,2.7472709387086787,0.02927043193282053,4.139056380388412
2009-06-01,978.5999755859375,15.725000381469727,6.8861229539070745,-0.0002043651900160981,2.75525182684531,0.007980888136631226,4.130871127061765
2009-06-02,983.2000122070312,15.944999694824219,6.890812570667438,0.004689616760363613,2.7691452813227433,0.013893454477433398,4.121667289344694
2009-06-03,964.5,15.300000190734863,6.871609832345784,-0.019202738321654422,2.7278528408647205,-0.04129244045802283,4.143756991481063
2009-06-04,981.2000122070312,15.883000373840332,6.888776324825255,0.017166492479470996,2.7652493783901537,0.03739653752543326,4.123526946435101
2009-06-05,961.7000122070312,15.37600040435791,6.868702564411616,-0.02007376041363873,2.7328078785259273,-0.0324414998642264,4.135894685885688
2009-06-08,951.7000122070312,14.942999839782715,6.858249871904851,-0.010452692506764727,2.7042429520373603,-0.02856492648856701,4.154006919867491
2009-06-09,954.0,15.128000259399414,6.860663671448287,0.0024137995434356796,2.7165473485031297,0.012304396465769418,4.144116322945157
2009-06-10,954.0,15.213000297546387,6.860663671448287,0.0,2.722150345039684,0.005602996536554272,4.138513326408603
2009-06-11,961.2999877929688,15.480999946594238,6.8682865223733085,0.007622850925021574,2.739613462108567,0.017463117068882816,4.128673060264742
2009-06-12,940.0999755859375,14.864999771118164,6.845986226614861,-0.022300295758447497,2.6990094410526955,-0.04060402105587135,4.146976785562165
2009-06-15,926.9000244140625,14.020000457763672,6.831845711221265,-0.01414051539359562,2.640484914257205,-0.05852452679549058,4.1913607969640605
2009-06-16,931.5999755859375,14.119999885559082,6.836903511803592,0.0050578005823265215,2.647592223960215,0.007107309703010323,4.189311287843377
2009-06-17,935.4000244140625,14.269000053405762,6.840974271391916,0.0040707595883242575,2.6580893556912204,0.010497131731005194,4.182884915700695
2009-06-18,934.0,14.229000091552734,6.839476438228843,-0.001497833163073281,2.6552821419977897,-0.0028072136934307323,4.184194296231054
2009-06-19,935.5999755859375,14.189000129699707,6.841188008615472,0.0017115703866288356,2.652467025666039,-0.002815116331750467,4.188720982949432
2009-06-22,920.5999755859375,13.694000244140625,6.825025604863412,-0.016162403752059795,2.616957798527163,-0.03550922713887639,4.208067806336249
2009-06-23,923.9000244140625,13.833999633789062,6.828603867101704,0.0035782622382924956,2.6271293037065884,0.010171505179425555,4.2014745633951165
2009-06-24,934.0999755859375,13.89900016784668,6.839583472742348,0.010979605640643264,2.6318169071787905,0.004687603472202095,4.207766565563557
2009-06-25,939.0999755859375,13.994000434875488,6.84492194381327,0.005338471070921891,2.6386286973995574,0.0068117902207669445,4.206293246413712
2009-06-26,940.7000122070312,14.116999626159668,6.846624291954446,0.001702348141176202,2.6473797184204915,0.008751021020934058,4.199244573533955
2009-06-29,940.4000244140625,13.946999549865723,6.846305342627273,-0.0003189493271724686,2.635264399101926,-0.012115319318565465,4.211040943525347
2009-06-30,927.0999755859375,13.574000358581543,6.83206140827914,-0.014243934348133536,2.6081562246983587,-0.027108174403567276,4.223905183580781
2009-07-01,941.0,13.739999771118164,6.846943139585379,0.014881731306239487,2.6203112701361366,0.0121550454377779,4.226631869449243
2009-07-02,930.7000122070312,13.392999649047852,6.835937004307633,-0.01100613527774641,2.594732156200837,-0.025579113935299436,4.241204848106795
2009-07-06,924.0,13.22700023651123,6.828712071641684,-0.007224932665948813,2.582260212924853,-0.01247194327598411,4.246451858716831
2009-07-07,928.7999877929688,13.208999633789062,6.833893417240883,0.005181345599199361,2.5808983877173763,-0.0013618252074767412,4.2529950295235075
2009-07-08,909.0,12.840999603271484,6.812345094177479,-0.021548323063404595,2.552643145953683,-0.028255241763693206,4.259701948223796
2009-07-09,915.9000244140625,12.923999786376953,6.819907215064759,0.007562120887279811,2.5590860314330777,0.006442885479394533,4.2608211836316805
2009-07-10,912.2000122070312,12.63700008392334,6.815859277659568,-0.004047937405190716,2.5366290254176245,-0.022457006015453196,4.279230252241943
2009-07-13,922.2000122070312,12.78499984741211,6.826762133009464,0.010902855349896434,2.5482725968082347,0.01164357139061023,4.27848953620123
2009-07-14,922.5,12.854999542236328,6.827087375914682,0.0003252429052178485,2.553732805108076,0.005460208299841174,4.273354570806607
2009-07-15,939.0999755859375,13.20300006866455,6.84492194381327,0.017834567898587395,2.580444081697742,0.02671127658966599,4.264477862115528
2009-07-16,935.0999755859375,13.229999542236328,6.840653449332896,-0.004268494480373697,2.582486943526435,0.0020428618286931766,4.258166505806461
2009-07-17,937.2000122070312,13.39799976348877,6.842896719658642,0.002243270325745783,2.595105424433349,0.012618480906914087,4.2477912952252925
2009-07-20,948.5,13.619999885559082,6.854881789375069,0.011985069716427432,2.6115392923189495,0.016433867885600417,4.243342497056119
2009-07-21,946.5999755859375,13.472999572753906,6.852876591680828,-0.002005197694241012,2.6006876510624286,-0.010851641256520939,4.2521889406183995
2009-07-22,953.0,13.694999694824219,6.859614903654202,0.006738311973373712,2.617030780431304,0.01634312936887561,4.242584123222898
2009-07-23,954.5,13.765000343322754,6.8611876431658025,0.0015727395116007514,2.6221291635362887,0.00509838310498445,4.239058479629514
2009-07-24,952.7999877929688,13.869999885559082,6.859405005229345,-0.0017826379364578315,2.629728226075773,0.007599062539484169,4.229676779153571
2009-07-27,953.2999877929688,13.984999656677246,6.859929636694506,0.0005246314651614625,2.637985302104566,0.008257076028792998,4.22194433458994
2009-07-28,939.0,13.734999656677246,6.844815479208263,-0.01511415748624323,2.6199472945510407,-0.018038007553525137,4.224868184657222
2009-07-29,927.2000122070312,13.253000259399414,6.8321693051910195,-0.012646174017243439,2.584223961471424,-0.035723333079616726,4.2479453437195955
2009-07-30,934.9000244140625,13.477999687194824,6.8404395978113595,0.008270292620339958,2.60105870331545,0.016834741844026002,4.239380894495909
2009-07-31,953.7000122070312,13.932999610900879,6.860349169384522,0.01990957157316231,2.634260099205012,0.03320139588956206,4.22608907017951
2009-08-03,956.5999755859375,14.244999885559082,6.863385305724492,0.0030361363399702412,2.656405959916111,0.02214586071109892,4.2069793458083815
2009-08-04,967.5,14.687999725341797,6.874715424903937,0.011330119179445042,2.687030815178638,0.030624855262527007,4.187684609725299
2009-08-05,964.2000122070312,14.753000259399414,6.87129875463179,-0.00341667027214676,2.6914464695182545,0.004415654339616548,4.179852285113536
2009-08-06,960.7000122070312,14.637999534606934,6.867662198122085,-0.00363655650970518,2.6836208553855476,-0.007825614132706882,4.1840413427365375
2009-08-07,957.2999877929688,14.66100025177002,6.8641168092007865,-0.003545388921298631,2.6851909241289,0.0015700687433524152,4.1789258850718864
2009-08-10,945.0,14.347999572753906,6.851184927493743,-0.012931881707043402,2.6636105298926385,-0.02158039423626157,4.187574397601105
2009-08-11,945.7999877929688,14.338000297546387,6.852031117303208,0.0008461898094651588,2.6629133761829737,-0.0006971537096647218,4.189117741120235
2009-08-12,950.7000122070312,14.57800006866455,6.85719856820503,0.005167450901821802,2.67951354767017,0.01660017148719639,4.1776850205348595
2009-08-13,954.7000122070312,14.979999542236328,6.861397167790236,0.004198599585206075,2.7067159475307503,0.02720239986058015,4.154681220259485
2009-08-14,947.0,14.71500015258789,6.853299093186078,-0.008098074604157901,2.6888673920549837,-0.01784855547576658,4.164431701131095
2009-08-17,934.2999877929688,13.970999717712402,6.83979757273348,-0.013501520452598115,2.6369837324630963,-0.051883659591887454,4.202813840270384
2009-08-18,937.7000122070312,13.956000328063965,6.8434300814436355,0.003632508710155413,2.635909546831547,-0.0010741856315492626,4.2075205346120885
2009-08-19,943.2999877929688,13.871000289916992,6.849384352715035,0.005954271271399136,2.6298003506820966,-0.00610919614945038,4.2195840020329385
2009-08-20,940.2999877929688,13.87600040435791,6.8461989603009705,-0.0031853924140641254,2.630160758248315,0.000360407566218246,4.216038202052656
2009-08-21,953.2000122070312,14.15999984741211,6.859824758030956,0.0136257977299854,2.6504210774895927,0.020260319241277802,4.209403680541364
2009-08-24,942.2999877929688,14.190999984741211,6.848323682258204,-0.011501075772751612,2.652607959777156,0.002186882287563474,4.195715722481048
2009-08-25,944.5,14.305999755859375,6.850655686941565,0.002332004683360367,2.6606790126205815,0.008071052843425353,4.189976674320983
2009-08-26,944.2999877929688,14.25100040435791,6.850443899341954,-0.00021178759961060223,2.656827108065077,-0.0038519045555043263,4.193616791276877
2009-08-27,945.5,14.215999603271484,6.851713888098512,0.0012699887565581491,2.6543680629451667,-0.0024590451199104635,4.197345825153345
2009-08-28,957.0,14.784000396728516,6.863803391452954,0.012089503354442144,2.6935455417343195,0.039177478789152786,4.1702578497186344
2009-08-31,951.7000122070312,14.89799976348877,6.858249871904851,-0.005553519548103125,2.7012269598787166,0.007681418144397156,4.157022912026134
2009-09-01,954.7000122070312,15.03499984741211,6.861397167790236,0.003147295885384871,2.710380806291647,0.009153846412930378,4.1510163614985895
2009-09-02,976.5999755859375,15.34000015258789,6.88407712662852,0.022679958838283554,2.7304638058861697,0.020082999594522644,4.15361332074235
2009-09-03,995.7999877929688,16.26799964904785,6.9035464219495655,0.0194692953210458,2.789199966471819,0.058736160585649344,4.1143464554777465
2009-09-04,994.9000244140625,16.26300048828125,6.902642254134526,-0.0009041678150394361,2.788892618970368,-0.0003073475014510052,4.113749635164158
2009-09-08,997.9000244140625,16.488000869750977,6.9056530953557065,0.003010841221180449,2.802632896338701,0.013740277368333054,4.103020199017005
2009-09-09,995.2999877929688,16.44300079345703,6.9030441869873425,-0.002608908368364027,2.799899902987092,-0.0027329933516089255,4.10314428400025
2009-09-10,995.4000244140625,16.649999618530273,6.90314469095134,0.00010050396399741146,2.812410193515358,0.012510290528265688,4.090734497435982
2009-09-11,1004.9000244140625,16.676000595092773,6.912643337349929,0.00949864639858955,2.813970595704132,0.0015604021887742903,4.098672741645798
2009-09-14,999.9000244140625,16.60099983215332,6.907655298398308,-0.004988038951621476,2.809462924401302,-0.00450767130283003,4.098192373997006
2009-09-15,1005.0,16.97800064086914,6.912742820493176,0.005087522094868291,2.831918426062809,0.022455501661506894,4.080824394430367
2009-09-16,1018.9000244140625,17.408000946044922,6.926478916941435,0.013736096448258905,2.856929925018942,0.02501149895613297,4.069548991922494
2009-09-17,1012.2999877929688,17.243000030517578,6.919980236545997,-0.006498680395438328,2.8474062657878476,-0.009523659231094328,4.07257397075815
2009-09-18,1009.2000122070312,17.042999267578125,6.916913228862653,-0.003067007683343448,2.8357395192681603,-0.011666746519687354,4.081173709594493
2009-09-21,1003.7000122070312,16.857999801635742,6.911448462981786,-0.005464765880867084,2.8248253098085176,-0.01091420945964261,4.086623153173269
2009-09-22,1014.2000122070312,17.093000411987305,6.921855415397037,0.010406952415250359,2.8386690470768223,0.013843737268304679,4.083186368320215
2009-09-23,1013.0,16.88800048828125,6.920671504248683,-0.001183911148353367,2.8266033394589307,-0.012065707617891608,4.0940681647897526
2009-09-24,997.5,16.273000717163086,6.905252148764019,-0.015419355484664443,2.789507336749212,-0.03709600270971869,4.115744812014807
2009-09-25,990.2000122070312,16.038000106811523,6.897906955255166,-0.007345193508852432,2.77496091304474,-0.014546423704472122,4.122946042210426
2009-09-28,992.5,16.17300033569336,6.900227012561346,0.002320057306179457,2.7833432058940475,0.008382292849307582,4.116883806667298
2009-09-29,993.0999755859375,16.1560001373291,6.900831339325623,0.0006043267642770189,2.7822915062013585,-0.0010516996926890343,4.118539833124265
2009-09-30,1008.0,16.63599967956543,6.915723448631314,0.014892109305691292,2.8115690026191498,0.029277496417791316,4.104154446012164
2009-10-01,999.5,16.417999267578125,6.907255153940455,-0.008468294690858968,2.7983782493151663,-0.013190753303983449,4.108876904625289
2009-10-02,1003.2000122070312,16.20800018310547,6.91095018204675,0.003695028106294629,2.785504958803555,-0.012873290511611124,4.125445223243195
2009-10-05,1016.7000122070312,16.51300048828125,6.924317379287638,0.013367197240888196,2.8041479790503567,0.018643020246801534,4.120169400237281
2009-10-06,1038.5999755859375,17.273000717163086,6.945628907903514,0.021311528615876263,2.8491446302304593,0.04499665118010254,4.096484277673055
2009-10-07,1043.300048828125,17.47800064086914,6.950144092275537,0.004515184372023029,2.8609429838725413,0.011798353642082038,4.089201108402996
2009-10-08,1055.4000244140625,17.799999237060547,6.961675144104088,0.011531051828550964,2.8791984144362717,0.018255430563730357,4.082476729667817
2009-10-09,1047.800048828125,17.674999237060547,6.954448053574734,-0.007227090529354108,2.8721511686177443,-0.007047245818527337,4.08229688495699
2009-10-12,1056.699951171875,17.80500030517578,6.96290607723886,0.008458023664125847,2.879479333869633,0.007328165251888841,4.083426743369227
2009-10-13,1064.199951171875,17.825000762939453,6.9699785762797974,0.00707249904093743,2.8806020091020113,0.0011226752323780786,4.089376567177786
2009-10-14,1063.9000244140625,17.89299964904785,6.969696703470024,-0.00028187280977309825,2.884409555295789,0.0038075461937778776,4.085287148174235
2009-10-15,1049.800048828125,17.399999618530273,6.956354995330034,-0.013341708139990693,2.8564701842969358,-0.027939370998853352,4.099884811033098
2009-10-16,1050.699951171875,17.405000686645508,6.957211841222733,0.0008568458926996314,2.8567575607144504,0.0002873764175146398,4.100454280508282
2009-10-19,1057.300048828125,17.610000610351562,6.963473813920382,0.006261972697648943,2.8684669571674872,0.011709396453036813,4.095006856752895
2009-10-20,1057.800048828125,17.542999267578125,6.963946604791952,0.00047279087156937294,2.864654968196954,-0.0038119889705332533,4.099291636594998
2009-10-21,1063.699951171875,17.809999465942383,6.96950862935358,0.005562024561628576,2.8797600673151793,0.01510509911822533,4.089748562038401
2009-10-22,1057.800048828125,17.530000686645508,6.963946604791952,-0.005562024561628576,2.8639137381028803,-0.015846329212299004,4.100032866689071
2009-10-23,1055.5999755859375,17.711000442504883,6.961864581501031,-0.002082023290920887,2.8741859404592436,0.01027220235636328,4.087678641041787
2009-10-26,1042.0999755859375,17.083999633789062,6.948993163570628,-0.012871417930402806,2.8381423315433185,-0.03604360891592506,4.110850832027309
2009-10-27,1034.699951171875,16.5310001373291,6.941866761420293,-0.007126402150334776,2.8052374143782433,-0.032904917165075265,4.136629347042049
2009-10-28,1029.9000244140625,16.231000900268555,6.9372170128370305,-0.004649748583262614,2.7869230493889265,-0.01831436498931671,4.150293963448104
2009-10-29,1046.4000244140625,16.645999908447266,6.953111004034415,0.01589399119738477,2.812169941823919,0.025246892434992674,4.140941062210496
2009-10-30,1039.699951171875,16.246000289916992,6.946687442020256,-0.006423562014159501,2.7878467424742004,-0.024323199349718827,4.158840699546055
2009-11-02,1053.4000244140625,16.430999755859375,6.9597783302257294,0.01309088820547366,2.7991697796111565,0.011323037136956149,4.1606085506145725
2009-11-03,1084.300048828125,17.17099952697754,6.988689941510068,0.028911611284338612,2.8432218867839123,0.04405210717275576,4.145468054726155
2009-11-04,1086.699951171875,17.395000457763672,6.990900815136325,0.0022108736262573814,2.856182834919724,0.012960948135811723,4.134717980216601
2009-11-05,1088.699951171875,17.399999618530273,6.992739558037198,0.001838742900872603,2.8564701842969358,0.00028734937721175413,4.136269373740262
2009-11-06,1095.0999755859375,17.364999771118164,6.998600939987802,0.005861381950603928,2.854456673015396,-0.002013511281539593,4.144144266972406
2009-11-09,1100.800048828125,17.469999313354492,7.003792511536023,0.005191571548221141,2.8604850848416996,0.006028411826303426,4.1433074266943235
2009-11-10,1101.9000244140625,17.211999893188477,7.0047912636500635,0.0009987521140404354,2.8456068087707105,-0.014878276070989127,4.1591844548793535
2009-11-11,1114.0,17.527000427246094,7.01571242048723,0.010921156837166102,2.863742573467492,0.018135764696781465,4.151969847019737
2009-11-12,1106.0,17.2549991607666,7.00850518208228,-0.007207238404949301,2.848101907912852,-0.015640665554640165,4.160403274169429
2009-11-13,1116.0999755859375,17.3700008392334,7.017595722787229,0.009090540704948857,2.8547446285681186,0.006642720655266832,4.162851094219111
2009-11-16,1138.5999755859375,18.389999389648438,7.037554695074805,0.019958972287575705,2.911807005426911,0.05706237685879234,4.125747689647894
2009-11-17,1138.800048828125,18.37700080871582,7.037730398280703,0.00017570320589843647,2.911099926720242,-0.0007070787066689732,4.126630471560461
2009-11-18,1140.699951171875,18.406999588012695,7.039397345228447,0.0016669469477434973,2.912731004668485,0.0016310779482431315,4.126666340559962
2009-11-19,1141.4000244140625,18.44700050354004,7.040010879492184,0.0006135342637367813,2.9149017829360235,0.00217077826753842,4.1251090965561605
2009-11-20,1146.4000244140625,18.433000564575195,7.044381897810248,0.004371018318064301,2.914142567142539,-0.0007592157934843691,4.130239330667709
2009-11-23,1164.300048828125,18.60300064086914,7.059875368980721,0.015493471170473505,2.923322892485624,0.009180325343084661,4.136552476495098
2009-11-24,1165.5,18.447999954223633,7.060905458475812,0.001030089495090536,2.9149559610453304,-0.008366931440293435,4.145949497430482
2009-11-25,1186.9000244140625,18.766000747680664,7.079100165632063,0.018194707156251155,2.9320467617101604,0.01709080066483004,4.147053403921903
2009-11-27,1174.199951171875,18.302000045776367,7.068342302045921,-0.010757863586142058,2.9070103459943537,-0.025036415715806726,4.161331956051567
2009-11-30,1181.0999755859375,18.4950008392334,7.074201465947187,0.005859163901265951,2.9175004706606478,0.010490124666294065,4.156700995286539
2009-12-01,1199.0999755859375,19.18000030517578,7.089326534025065,0.015125068077877835,2.9538680853664383,0.03636761470579053,4.1354584486586266
2009-12-02,1212.0,19.295000076293945,7.10002716662926,0.010700632604194737,2.9598459989436607,0.005977913577222438,4.140181167685599
2009-12-03,1217.4000244140625,19.101999282836914,7.104472736114089,0.004445569484829548,2.949793004068671,-0.010052994874989896,4.154679732045418
2009-12-04,1168.800048828125,18.496000289916992,7.063732902212776,-0.04073983390131275,2.9175545081645446,-0.032238495904126196,4.146178394048231
2009-12-07,1163.4000244140625,18.336000442504883,7.059102052461759,-0.004630849751017685,2.9088663646654487,-0.008688143499095968,4.15023568779631
2009-12-08,1142.800048828125,17.78499984741211,7.041236713083363,-0.017865339378396072,2.8783553968208353,-0.03051096784461338,4.162881316262528
2009-12-09,1120.4000244140625,17.158000946044922,7.021441065176441,-0.019795647906921232,2.8424645922880214,-0.0358908045328139,4.1789764728884204
2009-12-10,1125.699951171875,17.17300033569336,7.026160299984969,0.004719234808527872,2.843338402549466,0.0008738102614445076,4.182821897435503
2009-12-11,1119.4000244140625,17.083999633789062,7.020548128267213,-0.005612171717756631,2.8381423315433185,-0.005196071006147385,4.182405796723894
2009-12-14,1123.300048828125,17.326000213623047,7.024026104115986,0.003477975848773518,2.8522082757975715,0.014065944254253004,4.171817828318415
2009-12-15,1122.4000244140625,17.44099998474121,7.0232245505399105,-0.0008015535760756975,2.858823755411651,0.0066154796140796,4.164400795128259
2009-12-16,1135.5,17.679000854492188,7.034828361545613,0.011603811005702624,2.872377542857625,0.013553787445973686,4.162450818687988
2009-12-17,1106.800048828125,17.18000030517578,7.009228292029254,-0.025600069516358737,2.8437459343195424,-0.028631608538082443,4.1654823577097115
2009-12-18,1110.800048828125,17.30500030517578,7.012835799390264,0.0036075073610097874,2.850995494722429,0.007249560402886601,4.161840304667836
2009-12-21,1095.4000244140625,17.020000457763672,6.998874894637426,-0.013960904752837955,2.8343891500408605,-0.01660634468156852,4.164485744596566
2009-12-22,1086.0,17.014999389648438,6.990256500493881,-0.008618394143545594,2.8340952720814867,-0.00029387795937374506,4.156161228412394
2009-12-23,1093.300048828125,17.174999237060547,6.99695596910167,0.00669946860778925,2.843454793686901,0.009359521605414312,4.153501175414769
2009-12-24,1104.0999755859375,17.42300033569336,7.0067857803329066,0.009829811231236718,2.8577911917080216,0.014336398021120633,4.148994588624885
2009-12-28,1107.199951171875,17.542999267578125,7.009589540762858,0.0028037604299511187,2.864654968196954,0.006863776488932327,4.144934572565903
2009-12-29,1097.0,17.090999603271484,7.00033446027523,-0.009255080487627687,2.8385519859536528,-0.02610298224330121,4.161782474321577
2009-12-30,1091.5,16.77899932861328,6.995308175989998,-0.005026284285231775,2.820128064494048,-0.01842392145960492,4.17518011149595
2009-12-31,1095.199951171875,16.82200050354004,6.998692229390486,0.003384053400488085,2.8226875834736678,0.0025595189796199236,4.1760046459168185
2010-01-04,1117.699951171875,17.440000534057617,7.019028237705312,0.020336008314825627,2.858766449103403,0.03607886562973528,4.160261788601909
2010-01-05,1118.0999755859375,17.7810001373291,7.01938607331801,0.00035783561269830955,2.8781304791971727,0.019364030093769635,4.141255594120837
2010-01-06,1135.9000244140625,18.163000106811523,7.03518058873052,0.015794515412509647,2.8993865636480267,0.02125608445085403,4.135794025082493
2010-01-07,1133.0999755859375,18.33300018310547,7.032712496840265,-0.0024680918902548754,2.9087027245686405,0.009316160920613825,4.1240097722716245
2010-01-08,1138.199951171875,18.45800018310547,7.037203303269598,0.00449080642933275,2.915497890763499,0.006795166194858648,4.121705412506099
2010-01-11,1150.699951171875,18.683000564575195,7.048125689396002,0.010922386126404504,2.9276140496963583,0.012116158932859111,4.120511639699644
2010-01-12,1128.9000244140625,18.243000030517578,7.028999007893918,-0.019126681502084075,2.90378144647892,-0.023832603217438297,4.125217561414998
2010-01-13,1136.4000244140625,18.538000106811523,7.03562067146372,0.006621663569801761,2.9198226852154017,0.016041238736481667,4.115797986248318
2010-01-14,1142.5999755859375,18.64299964904785,7.04106162492325,0.005440953459530107,2.9254707216884492,0.0056480364730475685,4.115590903234801
2010-01-15,1130.0999755859375,18.410999298095703,7.030061381762652,-0.011000243160598444,2.912948273950888,-0.012522447737561393,4.117113107811764
2010-01-19,1139.699951171875,18.784000396728516,7.038520306018726,0.008458924256074418,2.933005464766241,0.020057190815353287,4.105514841252485
2010-01-20,1112.300048828125,17.865999221801758,7.014185266496324,-0.024335039522402013,2.8828994217221493,-0.05010604304409183,4.131285844774174
2010-01-21,1102.699951171875,17.496000289916992,7.005516952484116,-0.008668314012208356,2.8619722999449393,-0.02092712177721001,4.143544652539177
2010-01-22,1089.199951171875,16.917999267578125,6.993198715970256,-0.01231823651385966,2.82837810058936,-0.0335941993555795,4.164820615380896
2010-01-25,1095.199951171875,17.131000518798828,6.998692229390486,0.0054935134202303,2.8408897180325328,0.012511617443172973,4.1578025113579535
2010-01-26,1097.9000244140625,16.84600067138672,7.001154565477742,0.0024623360872553235,2.8241132797475412,-0.016776438284991535,4.1770412857302
2010-01-27,1084.4000244140625,16.42799949645996,6.9887821401384,-0.012372425339341575,2.7989871654429823,-0.02512611430455891,4.189794974695418
2010-01-28,1083.5999755859375,16.20199966430664,6.988044087680428,-0.0007380524579723158,2.785134670689045,-0.01385249475393735,4.202909416991383
2010-01-29,1083.0,16.183000564575195,6.9874902470009905,-0.0005538406794372008,2.7839613434216783,-0.0011733272673666306,4.203528903579312
2010-02-01,1104.300048828125,16.652999877929688,7.006966973269443,0.019476726268452538,2.8125903730459045,0.0286290296242262,4.1943766002235385
2010-02-02,1117.4000244140625,16.736000061035156,7.018759858874039,0.011792885604595682,2.8175620915294504,0.004971718483545828,4.201197767344588
2010-02-03,1111.4000244140625,16.309999465942383,7.013375782812766,-0.005384076061273113,2.7917783838887393,-0.02578370764071103,4.221597398924026
2010-02-04,1062.4000244140625,15.343000411987305,6.968285801702273,-0.04508998111049234,2.730659370814877,-0.06111901307386214,4.237626430887396
2010-02-05,1052.199951171875,14.822999954223633,6.958638442890961,-0.009647358811312401,2.696180025443524,-0.034479345371353,4.262458417447437
2010-02-08,1065.699951171875,15.07800006866455,6.97138709340902,0.01274865051805918,2.713236732343466,0.017056706899941876,4.258150361065554
2010-02-09,1076.699951171875,15.430999755859375,6.981656041471875,0.010268948062854832,2.7363784572676284,0.023141724924162332,4.2452775842042465
2010-02-10,1075.800048828125,15.302000045776367,6.980819895226876,-0.0008361462449988366,2.7279835418011884,-0.00839491546644,4.252836353425687
2010-02-11,1094.199951171875,15.592000007629395,6.997778737005227,0.01695884177835083,2.7467579626945744,0.01877442089338599,4.2510207743106525
2010-02-12,1089.5,15.449000358581543,6.993474154384675,-0.004304582620552111,2.737544299540576,-0.009213663153998297,4.255929854844099
2010-02-16,1119.300048828125,16.149999618530273,7.020458812519026,0.026984658134351136,2.781920026048249,0.04437572650767274,4.238538786470777
2010-02-17,1119.5,16.097999572753906,7.020637436038809,0.00017862351978337188,2.7786950141312206,-0.0032250119170282865,4.241942421907589
2010-02-18,1118.0,16.059999465942383,7.0192966537150445,-0.0013407823237647776,2.776331675264716,-0.0023633388665045274,4.2429649784503285
2010-02-19,1121.300048828125,16.413000106811523,7.02224404901283,0.0029473952977854267,2.7980737102575377,0.02174203499282168,4.224170338755292
2010-02-22,1112.5999755859375,16.222000122070312,7.014454875697941,-0.007789173314889375,2.7863683531731382,-0.01170535708439946,4.228086522524802
2010-02-23,1102.699951171875,15.887999534606934,7.005516952484116,-0.008937923213824917,2.765564078010705,-0.020804275162433328,4.239952874473411
2010-02-24,1096.5,15.9399995803833,6.999878567857943,-0.005638384626172943,2.768831647037307,0.0032675690266019686,4.231046920820636
2010-02-25,1107.800048828125,16.110000610351562,7.010131389675664,0.010252821817720914,2.779440235075385,0.010608588038078182,4.230691154600279
2010-02-26,1118.300048828125,16.5,7.019564997696956,0.00943360802129245,2.803360380906535,0.023920145831149764,4.216204616790421
2010-03-01,1117.800048828125,16.448999404907227,7.019117790517941,-0.000447207179014697,2.8002646489119685,-0.003095731994566364,4.2188531416059725
2010-03-02,1136.9000244140625,17.04400062561035,7.036060560609299,0.016942770091358028,2.835798272343271,0.03553362343130262,4.200262288266028
2010-03-03,1142.699951171875,17.30900001525879,7.041149119422182,0.005088558812882837,2.8512265983258143,0.015428325982543178,4.189922521096368
2010-03-04,1132.5999755859375,17.1560001373291,7.032271132123936,-0.008877987298245849,2.8423479746593614,-0.008878623666452867,4.189923157464575
2010-03-05,1134.800048828125,17.36199951171875,7.034211745962652,0.0019406138387152438,2.854283881846056,0.011935907186694461,4.179927864116596
2010-03-08,1123.5999755859375,17.25200080871582,7.02429307350166,-0.009918672460991651,2.847928125662237,-0.006355756183818784,4.1763649478394225
2010-03-09,1122.0,17.31800079345703,7.022868086082641,-0.0014249874190186418,2.851746468842506,0.0038183431802689682,4.171121617240136
2010-03-10,1107.800048828125,16.993999481201172,7.010131389675664,-0.012736696406977721,2.8328603100529963,-0.01888615878950972,4.177271079622667
2010-03-11,1108.0,17.13599967956543,7.010311867307229,0.00018047763156570085,2.8411814950058965,0.00832118495290013,4.169130372301333
2010-03-12,1101.5,17.02400016784668,7.0044281662423975,-0.0058837010648318255,2.834624123018649,-0.0065573719872475955,4.169804043223749
2010-03-15,1105.0999755859375,17.08300018310547,7.007691085502562,0.0032629192601643098,2.8380838276834988,0.0034597046648499052,4.169607257819063
2010-03-16,1122.199951171875,17.33300018310547,7.023046279805799,0.015355194303237063,2.8526122095231536,0.01452838183965488,4.170434070282646
2010-03-17,1124.0,17.50200080871582,7.024649030453636,0.0016027506478373255,2.86231520632069,0.00970299679753639,4.162333824132946
2010-03-18,1127.4000244140625,17.406999588012695,7.027669397302666,0.003020366849029621,2.8568724005026622,-0.005442805818027807,4.170796996800004
2010-03-19,1107.4000244140625,17.017000198364258,7.009770226435157,-0.017899170867508474,2.8342128560461286,-0.02265954445653362,4.175557370389029
2010-03-22,1099.300048828125,16.920000076293945,7.002428937002287,-0.007341289432869935,2.8284963586871754,-0.0057164973589531876,4.173932578315112
2010-03-23,1103.5,17.011999130249023,7.006242225696791,0.0038132886945039246,2.8339189262656523,0.005422567578476922,4.172323299431139
2010-03-24,1088.5999755859375,16.625999450683594,6.9926477235730715,-0.01359450212371982,2.810967702069295,-0.022951224196357423,4.181680021503777
2010-03-25,1092.699951171875,16.726999282836914,6.996406931890943,0.0037592083178719093,2.8170241374552916,0.00605643538599665,4.179382794435652
2010-03-26,1104.199951171875,16.893999099731445,7.00687632562958,0.010469393738636867,2.8269584760160558,0.0099343385607642,4.179917849613524
2010-03-29,1110.300048828125,17.37299919128418,7.012385572037635,0.005509246408054835,2.8549172303616075,0.02795875434555173,4.157468341676028
2010-03-30,1104.5,17.31599998474121,7.0071480228601715,-0.005237549177463663,2.851630928698538,-0.003286301663069313,4.155517094161633
2010-03-31,1113.300048828125,17.511999130249023,7.015083900593571,0.007935877733399543,2.8628863105545617,0.011255381856023483,4.152197590039009
2010-04-01,1125.0999755859375,17.875999450683594,7.025627177877566,0.010543277283995067,2.883459000341936,0.020572689787374365,4.1421681775356305
2010-04-05,1132.9000244140625,18.104000091552734,7.032536017429503,0.006908839551936552,2.8961329133882807,0.012673913046344687,4.1364031040412215
2010-04-06,1135.0999755859375,17.91699981689453,7.034476010253001,0.0019399928234982156,2.885749972598111,-0.010382940790169659,4.14872603765489
2010-04-07,1152.300048828125,18.184999465942383,7.049515266394458,0.01503925614145718,2.9005970490709223,0.01484707647281125,4.148918217323535
2010-04-08,1152.199951171875,18.115999221801758,7.049428394920114,-8.687147434383036e-05,2.896795482737561,-0.0038015663333612615,4.152632912182553
2010-04-09,1161.0999755859375,18.34000015258789,7.057123089606294,0.0076946946861795595,2.909084475148269,0.012288992410708133,4.148038614458025
2010-04-12,1161.5999755859375,18.402999877929688,7.0575536230529154,0.0004305334466216948,2.912513688169883,0.0034292130216138084,4.145039934883032
2010-04-13,1152.800048828125,18.238000869750977,7.049949087041423,-0.007604536011492691,2.9035073772004174,-0.00900631096946558,4.146441709841005
2010-04-14,1159.0,18.40399932861328,7.055312843339752,0.005363756298328859,2.9125679958127435,0.009060618612326099,4.142744847527008
2010-04-15,1159.699951171875,18.423999786376953,7.055916587858556,0.0006037445188047386,2.9136541509235596,0.0010861551108161116,4.142262436934997
2010-04-16,1136.300048828125,17.66900062561035,7.035532691895119,-0.02038389596343748,2.8718117270417425,-0.04184242388181714,4.163720964853376
2010-04-19,1135.199951171875,17.725000381469727,7.034564082833037,-0.0009686090620819598,2.8749760939397553,0.003164366898012805,4.159587988893282
2010-04-20,1138.5999755859375,17.815000534057617,7.037554695074805,0.002990612241767998,2.8800408290357735,0.005064735096018236,4.157513866039031
2010-04-21,1148.199951171875,18.072999954223633,7.045950735207734,0.008396040132929272,2.8944191093206424,0.014378280284868872,4.151531625887092
2010-04-22,1142.300048828125,18.006000518798828,7.040799095485348,-0.005151639722385859,2.8907050644988375,-0.0037140448218049293,4.15009403098651
2010-04-23,1153.0999755859375,18.18899917602539,7.050209225604525,0.009410130119176685,2.9008169704569924,0.010111905958154921,4.149392255147532
2010-04-26,1153.5,18.333999633789062,7.050556077613808,0.0003468520092830829,2.908757239565168,0.007940269108175801,4.14179883804864
2010-04-27,1161.699951171875,18.115999221801758,7.057639686487815,0.007083608874006941,2.896795482737561,-0.01196175682760714,4.160844203750254
2010-04-28,1171.300048828125,18.10700035095215,7.065869563762949,0.008229877275134356,2.896298623220631,-0.000496859516930126,4.169570940542318
2010-04-29,1168.4000244140625,18.548999786376953,7.06339059140888,-0.002478972354069242,2.9204158677278533,0.024117244507222413,4.142974723681027
2010-04-30,1180.0999755859375,18.611000061035156,7.073354438943572,0.00996384753469215,2.923752807041347,0.0033369393134936587,4.149601631902225
2010-05-03,1182.699951171875,18.812999725341797,7.07555519797177,0.0022007590281978295,2.93454810562961,0.010795298588262892,4.141007092342161
2010-05-04,1168.5999755859375,17.81800079345703,7.063561709228618,-0.011993488743152092,2.880209226829657,-0.054338878799952806,4.183352482398961
2010-05-05,1174.5999755859375,17.51099967956543,7.0686829223034175,0.005121213074799513,2.862829236590719,-0.017379990238937992,4.2058536857126985
2010-05-06,1196.9000244140625,17.493000030517578,7.0874901802770705,0.018807257973652902,2.861800802652688,-0.0010284339380310925,4.2256893776243825
2010-05-07,1210.0,18.429000854492188,7.098375638590786,0.010885458313715901,2.9139255572166136,0.052124754563925624,4.184450081374173
2010-05-10,1200.4000244140625,18.530000686645508,7.090410133904484,-0.007965504686302083,2.9193910773531506,0.005465520136537005,4.171019056551334
2010-05-11,1219.9000244140625,19.27199935913086,7.106524187167858,0.016114053263374117,2.958653232058671,0.0392621547055203,4.1478709551091875
2010-05-12,1242.699951171875,19.639999389648438,7.125041671519983,0.018517484352124747,2.9775682718493557,0.018915039790684762,4.147473399670627
2010-05-13,1228.800048828125,19.47599983215332,7.113793402129836,-0.011248269390146781,2.9691829297023253,-0.00838534214703035,4.144610472427511
2010-05-14,1227.4000244140625,19.20199966430664,7.112653409845874,-0.0011399922839627763,2.955014422793224,-0.014168506909101541,4.15763898705265
2010-05-17,1227.699951171875,18.834999084472656,7.112897739414761,0.0002443295688872027,2.9357167925362333,-0.019297630256990495,4.1771809468785275
2010-05-18,1214.300048828125,18.854999542236328,7.101923098270697,-0.010974641144064101,2.936778106432215,0.0010613138959816304,4.165144991838481
2010-05-19,1192.5999755859375,18.090999603271484,7.0838910562177135,-0.018032042052983144,2.895414555109517,-0.041363551322697756,4.188476501108196
2010-05-20,1187.800048828125,17.694000244140625,7.079858176689795,-0.0040328795279185314,2.873225612859127,-0.02218894225039003,4.206632563830668
2010-05-21,1175.699951171875,17.631000518798828,7.069618952342585,-0.010239224347209586,2.869658745724,-0.0035668671351269943,4.199960206618585
2010-05-24,1193.800048828125,17.98200035095215,7.084896816635977,0.01527786429339173,2.8893712770794395,0.019712531355439378,4.195525539556538
2010-05-25,1197.800048828125,17.76300048828125,7.088241860595201,0.003345043959224192,2.8771176697064185,-0.012253607373021058,4.211124190888783
2010-05-26,1213.300048828125,18.29199981689453,7.101099239301893,0.012857378706691236,2.9064637957856694,0.02934612607925091,4.194635443516223
2010-05-27,1211.9000244140625,18.457000732421875,7.09994467511972,-0.001154564182172635,2.9154437420077604,0.008979946222090973,4.184500933111959
2010-05-28,1212.199951171875,18.410999298095703,7.100192129236599,0.0002474541168790978,2.912948273950888,-0.0024954680568725074,4.187243855285711
2010-06-01,1224.800048828125,18.540000915527344,7.110532884209676,0.010340754973077182,2.9199306095189024,0.0069823355680145305,4.190602274690773
2010-06-02,1220.5999755859375,18.304000854492188,7.107097800108705,-0.003435084100971153,2.9071196618807447,-0.01281094763815771,4.19997813822796
2010-06-03,1208.300048828125,17.920000076293945,7.096969732443859,-0.010128067664846085,2.885917411804259,-0.021202250076485463,4.2110523206396
2010-06-04,1216.199951171875,17.290000915527344,7.103486482537904,0.006516750094045065,2.850128352646461,-0.035789059157798064,4.253358129891443
2010-06-07,1239.300048828125,18.152999877929688,7.122302022470589,0.018815539932685255,2.8988358295837684,0.04870747693730726,4.223466192886821
2010-06-08,1244.0,18.468000411987305,7.126087273299125,0.0037852508285354247,2.9160395269529134,0.017203697369144955,4.210047746346211
2010-06-09,1228.5,18.18000030517578,7.1135491919612335,-0.01253808133789125,2.9003221055356794,-0.01571742141723398,4.2132270864255545
2010-06-10,1220.800048828125,18.341999053955078,7.107261700527018,-0.006287491434215475,2.9091934605586833,0.008871355023003957,4.198068239968334
2010-06-11,1228.9000244140625,18.222000122070312,7.11387475915715,0.0066130586301316185,2.902629661990729,-0.006563798567954304,4.211245097166421
2010-06-14,1223.300048828125,18.402000427246094,7.109307443967956,-0.0045673151891936214,2.912459377577542,0.009829715586812782,4.196848066390414
2010-06-15,1233.199951171875,18.569000244140625,7.1173676564173425,0.008060212449386484,2.9214935367662114,0.009034159188669566,4.1958741196511316
2010-06-16,1229.300048828125,18.43199920654297,7.114200220393562,-0.0031674360237801125,2.914088241465681,-0.007405295300530579,4.200111978927882
2010-06-17,1247.5,18.767000198364258,7.128896827625674,0.014696607232111525,2.9321000188789794,0.018011777413298624,4.1967968087466945
2010-06-18,1257.199951171875,19.174999237060547,7.136642266084623,0.007745438458949039,2.9536073074650817,0.02150728858610229,4.183034958619541
2010-06-21,1239.699951171875,18.802000045776367,7.122624654457051,-0.014017611627571647,2.933963249591013,-0.019644057874068643,4.188661404866038
2010-06-22,1239.9000244140625,18.895999908447266,7.122786029876144,0.0001613754190925576,2.938950254609921,0.0049870050189078086,4.183835775266223
2010-06-23,1234.0999755859375,18.45400047302246,7.118097218676249,-0.004688811199894616,2.9152811747888805,-0.023669079821040384,4.202816043887369
2010-06-24,1245.5,18.731000900268555,7.127292334702235,0.009195116025986216,2.930179953376781,0.014898778587900452,4.1971123813254545
2010-06-25,1255.800048828125,19.104999542236328,7.135528137562096,0.008235802859860364,2.949950056938451,0.019770103561670194,4.185578080623644
2010-06-28,1238.199951171875,18.67300033569336,7.121413951650367,-0.01411418591172886,2.927078648214416,-0.022871408724034925,4.194335303435951
2010-06-29,1242.0,18.5939998626709,7.124478262493424,0.0030643108430572497,2.9228389406479987,-0.004239707566417561,4.201639321845425
2010-06-30,1245.5,18.67099952697754,7.127292334702235,0.002814072208811247,2.926971492648591,0.004132552000592149,4.200320842053644
2010-07-01,1206.300048828125,17.760000228881836,7.095313143048934,-0.031979191653301875,2.8769487504515148,-0.05002274219707603,4.218364392597419
2010-07-02,1207.4000244140625,17.697999954223633,7.096224586582686,0.0009114435337522764,2.873451636258631,-0.003497114192883899,4.222772950324055
2010-07-06,1194.800048828125,17.83300018310547,7.085734127209149,-0.010490459373536432,2.8810506837381644,0.007599047479533549,4.204683443470985
2010-07-07,1198.5999755859375,17.979000091552734,7.088909467655269,0.0031753404461198897,2.8892044152363616,0.008153731498197203,4.199705052418908
2010-07-08,1195.800048828125,17.851999282836914,7.086570737279823,-0.0023387303754462963,2.88211550659432,-0.0070889086420415914,4.204455230685503
2010-07-09,1209.5999755859375,18.05299949645996,7.098044985241685,0.01147424796186236,2.8933118480622015,0.01119634146788151,4.204733137179484
2010-07-12,1198.5,17.89699935913086,7.088826053874439,-0.009218931367246164,2.8846330652265237,-0.0086787828356778,4.2041929886479155
2010-07-13,1213.300048828125,18.23699951171875,7.101099239301893,0.01227318542745337,2.903452470660486,0.0188194054339621,4.197646768641407
2010-07-14,1206.800048828125,18.27400016784668,7.095727547745732,-0.005371691556161018,2.905479293761428,0.0020268231009423765,4.190248253984303
2010-07-15,1208.0999755859375,18.34600067138672,7.096804136316874,0.001076588571142345,2.9094116036832727,0.003932309921844457,4.187392532633601
2010-07-16,1188.0,17.773000717163086,7.080026499922591,-0.016777636394283313,2.8776804921291217,-0.03173111155415098,4.202346007793469
2010-07-19,1181.699951171875,17.534000396728516,7.074709317324731,-0.0053171825978592935,2.864141875792635,-0.013538616336486786,4.210567441532096
2010-07-20,1191.5,17.684999465942383,7.082968296538797,0.008258979214065931,2.872716792459105,0.008574916666470145,4.210251504079692
2010-07-21,1191.5999755859375,17.79800033569336,7.0830522003506555,8.39038118582991e-05,2.879086110295967,0.00636931783686201,4.2039660900546885
2010-07-22,1195.5,18.114999771118164,7.08631978689838,0.0032675865477242994,2.896740311712106,0.01765420141613916,4.189579475186274
2010-07-23,1187.699951171875,18.09600067138672,7.0797739016686965,-0.006545885229683357,2.895690956475152,-0.0010493552369541526,4.184082945193545
2010-07-26,1183.0,18.19499969482422,7.075808863978387,-0.003965037690309536,2.9011468142916153,0.005455857816463183,4.174662049686772
2010-07-27,1158.0,17.621000289916992,7.05444965813294,-0.021359205845446816,2.8690913890395184,-0.032055425252096814,4.185358269093422
2010-07-28,1160.4000244140625,17.42300033569336,7.0565200732866,0.002070415153659688,2.8577911917080216,-0.011300197331496786,4.198728881578578
2010-07-29,1168.4000244140625,17.60099983215332,7.06339059140888,0.006870518122280345,2.8679557090756314,0.010164517367609704,4.195434882333249
2010-07-30,1181.699951171875,17.98699951171875,7.074709317324731,0.011318725915851147,2.8896492475994915,0.021693538523860134,4.18506006972524
2010-08-02,1183.4000244140625,18.402999877929688,7.076146950873033,0.0014376335483019531,2.912513688169883,0.022864440570391498,4.163633262703151
2010-08-03,1185.199951171875,18.406999588012695,7.077666774501194,0.0015198236281603883,2.912731004668485,0.00021731649860212698,4.1649357698327085
2010-08-04,1193.699951171875,18.26300048828125,7.084812965196138,0.0071461906949439324,2.9048771819459964,-0.00785382272248869,4.179935783250141
2010-08-05,1197.199951171875,18.308000564575195,7.0877407351932735,0.002927769997135954,2.9073381536290177,0.0024609716830212847,4.180402581564255
2010-08-06,1203.4000244140625,18.458999633789062,7.092906183073822,0.005165447880548513,2.915552036587309,0.008213882958291396,4.177354146486513
2010-08-09,1200.699951171875,18.229000091552734,7.090659958370289,-0.00224622470353264,2.903013737573152,-0.01253829901415715,4.187646220797138
2010-08-10,1196.199951171875,18.145999908447266,7.08690510379109,-0.0037548545791992183,2.8984501457020975,-0.004563591871054484,4.188454958088993
2010-08-11,1197.5,17.889999389648438,7.08799132928507,0.0010862254939798532,2.884241863403715,-0.014208282298382446,4.203749465881355
2010-08-12,1214.800048828125,18.05299949645996,7.102334773365967,0.014343444080896717,2.8933118480622015,0.009069984658486518,4.209022925303765
2010-08-13,1214.9000244140625,18.097000122070312,7.102417067956229,8.229459026232178e-05,2.8957461854233983,0.0024343373611968033,4.206670882532831
2010-08-16,1224.5,18.417999267578125,7.110287876392222,0.007870808435993304,2.91332840753254,0.017582222109141732,4.196959468859682
2010-08-17,1226.5999755859375,18.586000442504883,7.112001373288033,0.0017134968958103514,2.922408632943653,0.009080225411112863,4.18959274034438
2010-08-18,1229.699951171875,18.389999389648438,7.114525476471053,0.002524103183020543,2.911807005426911,-0.010601627516741985,4.202718471044142
2010-08-19,1233.800048828125,18.31800079345703,7.117854156350934,0.003328679879881058,2.907884226296497,-0.003922779130414167,4.209969930054438
2010-08-20,1227.199951171875,17.98200035095215,7.112490390824753,-0.005363765526181119,2.8893712770794395,-0.018512949217057262,4.223119113745314
2010-08-23,1226.9000244140625,17.982999801635742,7.11224596169612,-0.0002444291286334277,2.8894268561524052,5.557907296571685e-05,4.2228191055437145
2010-08-24,1231.800048828125,18.368999481201172,7.116231832892596,0.003985871196475976,2.9106644329207545,0.021237576768349253,4.205567399971841
2010-08-25,1239.5,19.02199935913086,7.122463351475245,0.006231518582649365,2.945596170369249,0.03493173744849454,4.176867181105996
2010-08-26,1235.4000244140625,18.97800064086914,7.11915010302387,-0.0033132484513753724,2.943280447320622,-0.0023157230486270386,4.175869655703248
2010-08-27,1236.0,19.038999557495117,7.119635638017636,0.0004855349937660236,2.9464894837335156,0.0032090364128936066,4.173146154284121
2010-08-30,1237.0999755859375,19.038000106811523,7.120525190133871,0.0008895521162353148,2.9464369874395517,-5.2496293963866236e-05,4.174088202694319
2010-08-31,1248.300048828125,19.398000717163086,7.129537943772702,0.009012753638830695,2.965170004942331,0.018733017502779337,4.16436793883037
2010-09-01,1246.300048828125,19.358999252319336,7.127934480010799,-0.0016034637619029013,2.9631573889999476,-0.0020126159423834444,4.164777091010851
2010-09-02,1251.5,19.63800048828125,7.132098110871829,0.004163630861030221,2.977466489611201,0.014309100611253456,4.154631621260628
2010-09-03,1249.199951171875,19.915000915527344,7.130258586321407,-0.0018395245504221336,2.9914732626053535,0.014006772994152428,4.1387853237160535
2010-09-07,1257.300048828125,19.882999420166016,7.136721882434834,0.006463296113427219,2.989865066113645,-0.0016081964917082914,4.146856816321189
2010-09-08,1255.5999755859375,19.97800064086914,7.135368805523658,-0.0013530769111760321,2.9946317001887013,0.004766634075056064,4.140737105334956
2010-09-09,1248.9000244140625,19.81399917602539,7.130018462417492,-0.005350343106166555,2.9863887169653625,-0.008242983223338829,4.143629745452129
2010-09-10,1244.5,19.802000045776367,7.126489121807647,-0.0035293406098446667,2.9857829450120272,-0.0006057719533352213,4.14070617679562
2010-09-13,1245.0999755859375,20.110000610351562,7.126971107350252,0.00048198554260547866,3.00121723413521,0.015434289123182676,4.125753873215043
2010-09-14,1269.699951171875,20.400999069213867,7.146535892619318,0.019564785269065688,3.0155838736320564,0.014366639496846467,4.130952018987262
2010-09-15,1266.699951171875,20.54199981689453,7.144170333942081,-0.0023655586772370896,3.0224715618299007,0.006887688197844355,4.121698772112181
2010-09-16,1271.9000244140625,20.7450008392334,7.148267143652393,0.004096809710311788,3.0323052942395616,0.0098337324096609,4.115961849412831
2010-09-17,1275.5999755859375,20.790000915527344,7.151171915996625,0.0029047723442321427,3.03447214590683,0.002166851667268155,4.116699770089795
2010-09-20,1279.0,20.777000427246094,7.153833801578843,0.0026618855822180265,3.033846626226065,-0.0006255196807649632,4.119987175352778
2010-09-21,1272.4000244140625,20.6200008392334,7.1486601790624,-0.005173622516442933,3.026261519288784,-0.007585106937280983,4.122398659773616
2010-09-22,1290.199951171875,21.035999298095703,7.162552486252748,0.013892307190348063,3.0462352223602833,0.019973703071499482,4.116317263892465
2010-09-23,1294.300048828125,21.194000244140625,7.1657253251738995,0.0031728389211513885,3.0537181342719717,0.0074829119116883724,4.112007190901927
2010-09-24,1296.0,21.382999420166016,7.16703787691222,0.0013125517383203444,3.0625961866909104,0.008878052418938687,4.104441690221309
2010-09-27,1296.699951171875,21.454999923706055,7.167577816899154,0.0005399399869343569,3.0659577148874897,0.003361528196579311,4.1016201020116645
2010-09-28,1306.5999755859375,21.687999725341797,7.175183603721465,0.007605786822311167,3.076759099532301,0.010801384644811396,4.098424504189165
2010-09-29,1308.5,21.929000854492188,7.1766367219702,0.0014531182487349525,3.0878100007212073,0.01105090118890617,4.088826721248993
2010-09-30,1307.800048828125,21.79800033569336,7.176101652463254,-0.0005350695069461509,3.0818182378673105,-0.005991762853896798,4.094283414595944
2010-10-01,1316.0999755859375,22.03700065612793,7.182428078289968,0.006326425826713944,3.0927228886415414,0.010904650774230973,4.089705189648427
2010-10-04,1315.4000244140625,22.01300048828125,7.181896099427432,-0.0005319788625364197,3.091633210112689,-0.0010896785288525557,4.090262889314743
2010-10-05,1338.9000244140625,22.714000701904297,7.199603678537752,0.017707579110320282,3.12298150537129,0.031348295258601055,4.076622173166462
2010-10-06,1346.4000244140625,23.020000457763672,7.205189661009441,0.005585982471688844,3.136363423179213,0.01338191780792286,4.068826237830228
2010-10-07,1333.9000244140625,22.565000534057617,7.195862279449766,-0.009327381559674386,3.1164000569464854,-0.01996336623272743,4.079462222503281
2010-10-08,1344.199951171875,23.086999893188477,7.203554283210821,0.007692003761054167,3.139269683923708,0.022869626977222612,4.064284599287113
2010-10-11,1353.300048828125,23.33099937438965,7.210301369163243,0.006747085952422793,3.149782921566362,0.010513237642653994,4.060518447596881
2010-10-12,1345.699951171875,23.128999710083008,7.2046695664629405,-0.005631802700302835,3.141087228878579,-0.00869569268778303,4.063582337584362
2010-10-13,1369.5,23.913999557495117,7.222200988703133,0.017531422240192107,3.1744640429933786,0.03337681411479965,4.0477369457097545
2010-10-14,1376.699951171875,24.41699981689453,7.227444574601384,0.005243585898250913,3.1952796035139164,0.02081556052053779,4.032164971087467
2010-10-15,1371.0999755859375,24.27199935913086,7.223368598556423,-0.004075976044960683,3.1893233962025365,-0.005956207311379913,4.034045202353886
2010-10-18,1371.199951171875,24.39699935913086,7.223441512233738,7.291367731543374e-05,3.1944601476520535,0.005136751449517085,4.028981364581685
2010-10-19,1335.0999755859375,23.763999938964844,7.196761456109732,-0.02668005612400659,3.1681718279251077,-0.026288319726945897,4.0285896281846245
2010-10-20,1343.300048828125,23.847999572753906,7.202884588418349,0.006123132308617052,3.1717003384603855,0.0035285105352778068,4.031184249957963
2010-10-21,1324.699951171875,23.12299919128418,7.188941260830455,-0.013943327587893961,3.14082775819731,-0.030872580263075378,4.048113502633145
2010-10-22,1324.4000244140625,23.125,7.188714824107146,-0.00022643672330868725,3.140914283398489,8.652520117902185e-05,4.047800540708657
2010-10-25,1338.300048828125,23.54400062561035,7.199155467287515,0.010440643180368525,3.1588710375031366,0.017956754104647477,4.0402844297843785
2010-10-26,1338.0,23.823999404907227,7.198931240688173,-0.00022422659934129285,3.1706934509629434,0.011822413459806835,4.02823778972523
2010-10-27,1322.199951171875,23.398000717163086,7.187052257970023,-0.011878982718150688,3.152650579276024,-0.018042871686919426,4.034401678693999
2010-10-28,1342.0999755859375,23.871000289916992,7.201990812212818,0.014938554242795554,3.1726643452086623,0.02001376593263826,4.0293264670041555
2010-10-29,1357.0999755859375,24.559999465942383,7.213105331097448,0.011114518884629554,3.2011190815339243,0.028454736325262076,4.011986249563524
2010-11-01,1350.199951171875,24.54800033569336,7.208007972444146,-0.005097358653301853,3.2006303982018283,-0.0004886833320960626,4.007377574242318
2010-11-02,1356.4000244140625,24.832000732421875,7.212589428250645,0.004581455806499157,3.21213317349589,0.011502775294061518,4.000456254754756
2010-11-03,1337.0999755859375,24.43199920654297,7.198258350361654,-0.014331077888990684,3.195893716000137,-0.01623945749575295,4.002364634361518
2010-11-04,1382.699951171875,26.038999557495117,7.231793353080964,0.03353500271930976,3.25959539715129,0.06370168115115327,3.972197955929674
2010-11-05,1397.300048828125,26.743999481201172,7.242297117031027,0.010503763950063139,3.2863101297190975,0.02671473256780743,3.9559869873119298
2010-11-08,1402.800048828125,27.42799949645996,7.246225553073639,0.003928436042611949,3.311564371063505,0.025254241344407458,3.9346611820101343
2010-11-09,1409.800048828125,28.902000427246094,7.251203163974563,0.004977610900923857,3.3639108116587173,0.05234644059521232,3.887292352315846
2010-11-10,1399.0999755859375,26.861000061035156,7.2435844342894065,-0.007618729685156644,3.2906754227562347,-0.0732353889024826,3.9529090115331718
2010-11-11,1403.0999755859375,27.400999069213867,7.246439335999863,0.0028549017104566587,3.3105794751093565,0.01990405235312176,3.9358598608905067
2010-11-12,1365.4000244140625,25.937999725341797,7.2192027228647,-0.027236613135163346,3.2557090643245217,-0.05487041078483479,3.963493658540178
2010-11-15,1368.4000244140625,26.08799934387207,7.22139747094477,0.0021947480800701413,3.261475413336453,0.005766349011931293,3.959922057608317
2010-11-16,1338.300048828125,25.229000091552734,7.199155467287515,-0.02224200365725526,3.2279941301415973,-0.03348128319485566,3.9711613371459173
2010-11-17,1336.800048828125,25.506999969482422,7.198034013807309,-0.0011214534802057585,3.2389529231009404,0.0109587929593431,3.9590810907063685
2010-11-18,1352.9000244140625,26.829999923706055,7.2100057336550405,0.011971719847731599,3.2895206615939268,0.05056773849298635,3.9204850720611137
2010-11-19,1352.199951171875,27.174999237060547,7.209488138546441,-0.000517595108599167,3.302297404932224,0.012776743338297258,3.9071907336142173
2010-11-22,1357.699951171875,27.457000732421875,7.213547334642381,0.004059196095939299,3.312621171228945,0.010323766296720827,3.900926163413436
2010-11-23,1377.5,27.56800079345703,7.22802554102707,0.01447820638468933,3.316655708567387,0.004034537338442057,3.911369832459683
2010-11-24,1372.9000244140625,27.52400016784668,7.2246805876864,-0.003344953340669754,3.315058357438427,-0.0015973511289599784,3.9096222302479733
2010-11-26,1362.300048828125,26.69499969482422,7.2169297626144315,-0.00775082507196867,3.284476270520204,-0.03058208691822273,3.9324534920942273
2010-11-29,1366.0,27.148000717163086,7.2196420401307355,0.0027122775163039847,3.301303405258304,0.016827134738099936,3.9183386348724314
2010-11-30,1385.0,28.184999465942383,7.233455418621439,0.01381337849070352,3.338789902585246,0.03748649732694176,3.894665516036193
2010-12-01,1387.300048828125,28.38800048828125,7.235114726283194,0.0016593076617548164,3.345966537863006,0.007176635277760024,3.889148188420188
2010-12-02,1388.5,28.54199981689453,7.235979306746854,0.000864580463660225,3.3513766802629004,0.0054101423998944576,3.8846026264839537
2010-12-03,1405.4000244140625,29.240999221801758,7.248077256129709,0.0120979493828548,3.3755718074099255,0.024195127147025097,3.8725054487197834
2010-12-06,1415.300048828125,29.704999923706055,7.255096836239987,0.007019580110277701,3.3913153792393174,0.0157435718293919,3.863781457000669
2010-12-07,1408.300048828125,29.74799919128418,7.250138616875683,-0.004958219364303851,3.3927618756555007,0.0014464964161833294,3.857376741220182
2010-12-08,1382.5,28.224000930786133,7.23164873339649,-0.01848988347919267,3.340172712802914,-0.052589162852586746,3.891476020593576
2010-12-09,1392.0999755859375,28.788999557495117,7.238568659856943,0.006919926460453141,3.3599933543674747,0.01982064156456076,3.8785753054894685
2010-12-10,1384.300048828125,28.576000213623047,7.23294991096648,-0.005618748890463543,3.352567212169699,-0.007426142197775487,3.8803826987967804
2010-12-13,1397.300048828125,29.599000930786133,7.242297117031027,0.009347206064547642,3.3877406084220856,0.03517339625238636,3.8545565086089417
2010-12-14,1403.5999755859375,29.759000778198242,7.246795626315171,0.004498509284143637,3.3931316333998014,0.005391024977715819,3.8536639929153695
2010-12-15,1385.5,29.225000381469727,7.233816364303033,-0.012979262012137838,3.3750245204109883,-0.018107112988813068,3.8587918438920448
2010-12-16,1370.4000244140625,28.756999969482422,7.222857964825192,-0.010958399477841496,3.358881214806985,-0.016143305604003455,3.8639767500182067
2010-12-17,1378.5999755859375,29.113000869750977,7.228823752742236,0.005965787917044274,3.371184839691091,0.012303624884105968,3.857638913051145
2010-12-20,1385.5,29.334999084472656,7.233816364303033,0.004992611560797222,3.3787813111684364,0.0075964714773455455,3.8550350531345967
2010-12-21,1388.199951171875,29.375999450683594,7.235763187731787,0.0019468234287538522,3.3801779957385834,0.0013966845701469666,3.8555851919932036
2010-12-22,1386.800048828125,29.367000579833984,7.234754249020073,-0.0010089387117142579,3.379871614691809,-0.00030638104677427336,3.8548826343282636
2010-12-23,1380.0,29.309999465942383,7.22983877815125,-0.004915470868822602,3.377928736501797,-0.0019428781900119318,3.851910041649453
2010-12-27,1382.4000244140625,29.235000610351562,7.2315764157104265,0.0017376375591764415,3.37536664250506,-0.002562093996737236,3.8562097732053666
2010-12-28,1405.199951171875,30.297000885009766,7.247934885643504,0.016358469933077657,3.4110487269236645,0.03568208441860454,3.8368861587198397
2010-12-29,1413.0999755859375,30.679000854492188,7.253541134311747,0.005606248668242664,3.423578409296396,0.012529682372731443,3.829962725015351
2010-12-30,1405.5999755859375,30.488000869750977,7.248219519503748,-0.0053216148079986425,3.4173331920992083,-0.006245217197187625,3.83088632740454
2010-12-31,1421.0999755859375,30.90999984741211,7.259186481418122,0.01096696191437374,3.431079751207503,0.013746559108294587,3.828106730210619
2011-01-03,1422.5999755859375,31.09600067138672,7.260241445137836,0.0010549637197136974,3.437079215140696,0.005999463933193283,3.8231622299971395
2011-01-04,1378.5,29.492000579833984,7.2287512304638515,-0.03149021467398416,3.3841190597881248,-0.05296015535257137,3.8446321706757267
2011-01-05,1373.4000244140625,29.17300033569336,7.225044713962943,-0.0037065165009089185,3.373243635487492,-0.010875424300632819,3.8518010784754506
2011-01-06,1371.4000244140625,29.110000610351562,7.223587412652555,-0.001457301310387571,3.371081778724607,-0.0021618567628851615,3.852505633927948
2011-01-07,1368.5,28.660999298095703,7.221470528480734,-0.0021168841718210984,3.3555372891367554,-0.015544489587851373,3.8659332393439785
2011-01-10,1373.699951171875,28.85099983215332,7.225263072786189,0.003792544305454726,3.3621446485807467,0.0066073594439912675,3.863118424205442
2011-01-11,1384.0,29.489999771118164,7.232733136177615,0.007470063391425974,3.3840512150658477,0.02190656648510103,3.848681921111767
2011-01-12,1385.699951171875,29.531999588012695,7.233960670867514,0.0012275346898995565,3.3854744072463805,0.001423192180532773,3.8484862636211337
2011-01-13,1386.9000244140625,29.25200080871582,7.2348263372656225,0.0008656663981083668,3.375947975055218,-0.00952643219116256,3.8588783622104046
2011-01-14,1360.4000244140625,28.30900001525879,7.215534071079278,-0.019292266186344165,3.34317977583159,-0.032768199223627725,3.872354295247688
2011-01-18,1368.0999755859375,28.900999069213867,7.221178177080835,0.00564410600155707,3.3638761643898545,0.020696388558264278,3.857302012690981
2011-01-19,1370.199951171875,28.79199981689453,7.222711957933033,0.0015337808521973528,3.360097564417134,-0.0037785999727204533,3.8626143935158987
2011-01-20,1346.5,27.458999633789062,7.205263912251653,-0.017448045681379476,3.3126939697341067,-0.04740359468302735,3.8925699425175466
2011-01-21,1341.0,27.416000366210938,7.201170883281678,-0.004093028969974988,3.3111267979298704,-0.001567171804236267,3.890044085351808
2011-01-24,1344.5,27.31800079345703,7.203777475708919,0.002606592427240706,3.307545854625909,-0.0035809433039615257,3.89623162108301
2011-01-25,1332.300048828125,26.81100082397461,7.194662087615662,-0.009115388093256627,3.2888122818000713,-0.01873357282583754,3.905849805815591
2011-01-26,1333.0,27.131999969482422,7.195187320178709,0.000525232563046707,3.3007138419590514,0.011901560158980029,3.8944734782196577
2011-01-27,1318.4000244140625,27.045000076293945,7.184174177673155,-0.011013142505554185,3.2975021481443902,-0.003211693814661132,3.8866720295287647
2011-01-28,1340.699951171875,27.93400001525879,7.200947108187641,0.01677293051448636,3.3298445854298238,0.03234243728543351,3.8711025227578175
2011-01-31,1333.800048828125,28.173999786376953,7.195787326806486,-0.005159781381155248,3.338399559255839,0.008554973826015111,3.857387767550647
2011-02-01,1339.5999755859375,28.52400016784668,7.2001263226951595,0.00433899588867348,3.350745844050459,0.0123462847946203,3.8493804786447003
2011-02-02,1331.5,28.298999786376953,7.194061405253987,-0.006064917441172213,3.3428264607870415,-0.007919383263417679,3.851234944466946
2011-02-03,1352.300048828125,28.732999801635742,7.209562161586779,0.015500756332791354,3.3580462811024634,0.015219820315421906,3.8515158804843153
2011-02-04,1348.300048828125,29.06399917602539,7.2065998548546135,-0.002962306732165132,3.369500266568549,0.011453985466085559,3.8370995882860646
2011-02-07,1347.5999755859375,29.347999572753906,7.2060804934156995,-0.0005193614389140677,3.379224386293819,0.009724119725269986,3.8268561071218805
2011-02-08,1363.4000244140625,30.270999908447266,7.217736876835434,0.011656383419734517,3.410190155472763,0.030965769178944225,3.807546721362671
2011-02-09,1364.800048828125,30.273000717163086,7.218763212514176,0.0010263356787421074,3.4102562498403595,6.609436759630327e-05,3.8085069626738166
2011-02-10,1361.9000244140625,30.090999603271484,7.216636080501384,-0.0021271320127924653,3.4042261105378735,-0.006030139302485971,3.81240996996351
2011-02-11,1359.9000244140625,29.992000579833984,7.21516646456775,-0.0014696159336340386,3.4009306987665657,-0.0032954117713077657,3.814235765801184
2011-02-14,1364.5999755859375,30.52899932861328,7.21861660649032,0.0034501419225705376,3.418677029551031,0.017746330784465414,3.799939576939289
2011-02-15,1373.5999755859375,30.69300079345703,7.225190291809487,0.006573685319167133,3.4240346414163128,0.0053576118652816085,3.8011556503931745
2011-02-16,1374.699951171875,30.6299991607666,7.22599076895826,0.000800477148772849,3.4219798934456174,-0.002054747970695381,3.8040108755126427
2011-02-17,1384.699951171875,31.57200050354004,7.233238753398066,0.007247984439805677,3.452270667795099,0.030290774349481797,3.7809680856029666
2011-02-18,1388.199951171875,32.29800033569336,7.235763187731787,0.0025244343337211816,3.475005319200502,0.02273465140540276,3.760757868531285
2011-02-22,1400.5,32.86399841308594,7.2445845947001635,0.008821406968376522,3.4923777854588396,0.01737246625833766,3.752206809241324
2011-02-23,1413.4000244140625,33.301998138427734,7.25375344553004,0.009168850829876618,3.5056173993432096,0.013239613884370005,3.7481360461868305
2011-02-24,1415.300048828125,33.17900085449219,7.255096836239987,0.0013433907099464903,3.5019171714243935,-0.003700227918816079,3.753179664815593
2011-02-25,1408.699951171875,32.89799880981445,7.250422537604427,-0.00467429863555946,3.493411829471914,-0.00850534195247965,3.7570107081325133
2011-02-28,1409.300048828125,33.80400085449219,7.250848440844542,0.0004259032401146001,3.520579163960078,0.02716733448816422,3.7302692768844636
2011-03-01,1430.699951171875,34.41600036621094,7.265919079843452,0.015070638998910368,3.5385215831660917,0.017942419206013582,3.7273974966773604
2011-03-02,1437.199951171875,34.82500076293945,7.270452021264881,0.004532941421429015,3.5503355415736784,0.0118139584075867,3.7201164796912027
2011-03-03,1416.0,34.3129997253418,7.255591274253665,-0.014860747011216091,3.5355242831080838,-0.014811258465594612,3.7200669911455813
2011-03-04,1428.199951171875,35.31700134277344,7.264170154926433,0.008578880672767575,3.5643644724366,0.028840189328516175,3.6998056824898327
2011-03-07,1434.0999755859375,35.85499954223633,7.268292736711206,0.004122581784772983,3.5794830145674577,0.015118542130857726,3.688809722143748
2011-03-08,1426.9000244140625,35.65299987792969,7.263259555046392,-0.005033181664813924,3.573833291368575,-0.0056497231988825725,3.6894262636778166
2011-03-09,1429.300048828125,36.042999267578125,7.264940127077334,0.0016805720309420735,3.5847126497985373,0.010879358429962238,3.6802274772787964
2011-03-10,1412.199951171875,35.06399917602539,7.252904016506318,-0.012036110571015612,3.557174939617346,-0.027537710181191333,3.695729076888972
2011-03-11,1421.5,35.93299865722656,7.259467931091055,0.0065639145847367075,3.5816560559571022,0.024481116339756248,3.6778118751339526
2011-03-14,1424.5999755859375,35.82500076293945,7.261646334406767,0.002178403315712174,3.5786459950105214,-0.0030100609465808503,3.6830003393962456
2011-03-15,1392.5999755859375,34.11600112915039,7.238927764977165,-0.022718569429602375,3.5297665155542477,-0.04887947945627369,3.709161249422917
2011-03-16,1396.0,34.47100067138672,7.241366283322318,0.0024385183451531844,3.5401184103187986,0.010351894764550895,3.701247873003519
2011-03-17,1404.0,34.2599983215332,7.247080584585756,0.005714301263438415,3.533978443903947,-0.006139966414851372,3.713102140681809
2011-03-18,1415.9000244140625,35.060001373291016,7.2555206675337125,0.008440082947956284,3.5570609186628257,0.02308247475887848,3.698459748870887
2011-03-21,1426.199951171875,36.00199890136719,7.2627688093576825,0.007248141823970045,3.5835744619526295,0.02651354328980382,3.679194347405053
2011-03-22,1427.5,36.270999908447266,7.263679941530166,0.0009111321724830646,3.5910185213859207,0.007444059433291184,3.672661420144245
2011-03-23,1437.9000244140625,37.20199966430664,7.270939011812666,0.0072590702825001685,3.6163625142512292,0.02534399286530853,3.6545764975614365
2011-03-24,1434.800048828125,37.38800048828125,7.268780779689438,-0.0021582321232278545,3.621349810380176,0.00498729612894655,3.647430969309262
2011-03-25,1426.0999755859375,37.05799865722656,7.262698707623261,-0.006082072066177169,3.612484216625848,-0.008865593754327605,3.6502144909974126
2011-03-28,1419.800048828125,37.09700012207031,7.258271329996132,-0.004427377627128415,3.6135361071007166,0.0010518904748684221,3.6447352228954157
2011-03-29,1416.0,36.97700119018555,7.255591274253665,-0.0026800557424673244,3.610296129922962,-0.003239977177754483,3.645295144330703
2011-03-30,1423.800048828125,37.500999450683594,7.261084666964003,0.005493392710337552,3.6243675846394354,0.014071454716473308,3.636717082324567
2011-03-31,1438.9000244140625,37.87200164794922,7.271634228736543,0.010549561772540628,3.6342120962852844,0.009844511645848986,3.637422132451259
2011-04-01,1428.0999755859375,37.73699951171875,7.264100151363402,-0.007534077373141379,3.6306410325857863,-0.0035710636994981115,3.6334591187776155
2011-04-04,1432.199951171875,38.48400115966797,7.266966968479748,0.0028668171163461764,3.6502426006327866,0.019601568047000306,3.6167243678469614
2011-04-05,1451.800048828125,39.17499923706055,7.280559478483558,0.013592510003809899,3.6680387687669227,0.017796168134136092,3.612520709716635
2011-04-06,1457.699951171875,39.38399887084961,7.284615096583276,0.004055618099718217,3.673359613785617,0.005320845018694342,3.611255482797659
2011-04-07,1458.5,39.54199981689453,7.285163789307776,0.0005486927245001993,3.677363393522031,0.0040037797364140815,3.607800395785745
2011-04-08,1473.4000244140625,40.599998474121094,7.295327950818594,0.01016416151081767,3.703768029024462,0.026404635502430995,3.591559921794132
2011-04-11,1467.4000244140625,40.604000091552734,7.291247422917527,-0.004080527901066944,3.703866586176956,9.855715249385e-05,3.587380836740571
2011-04-12,1452.9000244140625,40.05799865722656,7.28131685488097,-0.00993056803655712,3.6903283703583094,-0.01353821581864656,3.5909884845226605
2011-04-13,1454.9000244140625,40.23500061035156,7.2826924655019205,0.0013756106209505958,3.6947372787677635,0.004408908409454071,3.587955186734157
2011-04-14,1471.699951171875,41.6609992980957,7.294173440992024,0.011480975490103518,3.7295654225373585,0.03482814376959498,3.5646080184546656
2011-04-15,1485.300048828125,42.566001892089844,7.303372083909737,0.009198642917713329,3.751055856991343,0.021490434453984353,3.5523162269183945
2011-04-18,1492.300048828125,42.957000732421875,7.308073865657468,0.004701781747730394,3.760199632410096,0.009143775418753108,3.547874233247372
2011-04-19,1494.5,43.91899871826172,7.309546981723993,0.0014731160665251153,3.782346999087614,0.022147366677518043,3.527199982636379
2011-04-20,1498.300048828125,44.46500015258789,7.312086443638115,0.002539461914122576,3.7947023662832438,0.012355367195629796,3.5173840773548717
2011-04-21,1503.199951171875,46.0620002746582,7.315351415616468,0.0032649719783526265,3.82998832103661,0.035285954753366156,3.485363094579858
2011-04-25,1508.5999755859375,47.1510009765625,7.318937331236273,0.0035859156198050357,3.8533552384736867,0.02336691743707675,3.4655820927625864
2011-04-26,1503.0,45.05799865722656,7.315218389752975,-0.0037189414832985435,3.807950518953951,-0.04540471951973579,3.5072678707990237
2011-04-27,1516.699951171875,45.9640007019043,7.32429216886369,0.009073779110715385,3.8278584966661273,0.01990797771217645,3.4964336721975626
2011-04-28,1530.800048828125,47.52000045776367,7.333545785448676,0.009253616584985913,3.8611506846874635,0.033292188021336155,3.4723951007612124
2011-04-29,1556.0,48.58399963378906,7.349873704738337,0.01632791928966082,3.8832942510575883,0.022143566370124823,3.4665794536807484
2011-05-02,1556.699951171875,46.077999114990234,7.350323443675371,0.00044973893703392775,3.830335593461155,-0.052958657596433145,3.5199878502142155
2011-05-03,1540.0999755859375,42.57600021362305,7.339602612512162,-0.010720831163208544,3.751290719252786,-0.07904487420836936,3.5883118932593763
2011-05-04,1514.9000244140625,39.382999420166016,7.323104725280234,-0.016497887231928132,3.673334236388856,-0.07795648286392964,3.649770488891378
2011-05-05,1480.9000244140625,36.23099899291992,7.30040530652942,-0.022699418750813827,3.589915078165259,-0.08341915822359702,3.710490228364161
2011-05-06,1491.199951171875,35.28300094604492,7.307336411187143,0.006931104657723175,3.563401288350061,-0.02651378981519814,3.7439351228370823
2011-05-09,1502.9000244140625,37.11000061035156,7.315151870184684,0.007815458997540325,3.6138864915195974,0.05048520316953642,3.701265378665086
2011-05-10,1516.5999755859375,38.47999954223633,7.324226250168944,0.009074379984260084,3.6501386139013605,0.03625212238176312,3.674087636267583
2011-05-11,1501.0999755859375,35.50899887084961,7.3139534354020155,-0.010272814766928207,3.569786153678088,-0.08035246022327236,3.7441672817239273
2011-05-12,1506.5999755859375,34.792999267578125,7.317610719186853,0.0036572837848378725,3.549416196071042,-0.020369957607046185,3.7681945231158114
2011-05-13,1493.4000244140625,35.01100158691406,7.308810694949574,-0.008800024237279658,3.555662343152445,0.006246147081403031,3.7531483517971287
2011-05-16,1490.4000244140625,34.12900161743164,7.306799835668258,-0.0020108592813157244,3.5301475101447757,-0.025514833007669324,3.7766523255234823
2011-05-17,1479.800048828125,33.487998962402344,7.299662255487886,-0.00713758018037236,3.51118713471948,-0.018960375425295606,3.7884751207684055
2011-05-18,1495.5999755859375,35.09400177001953,7.310282726779033,0.010620471291147737,3.558030226125471,0.046843091405990744,3.7522525006535625
2011-05-19,1492.199951171875,34.926998138427734,7.308006787315175,-0.002275939463858734,3.5532601157735453,-0.004770110351925538,3.7547466715416293
2011-05-20,1508.800048828125,35.082000732421875,7.319069944241417,0.011063156926242712,3.557688199299015,0.004428083525469528,3.7613817449424025
2011-05-23,1515.300048828125,34.9010009765625,7.32336875036552,0.0042988061241029385,3.552515510073944,-0.005172689225070748,3.770853240291576
2011-05-24,1523.199951171875,36.12099838256836,7.328568631980821,0.005199881615300939,3.586874368880197,0.03435885880625289,3.7416942631006243
2011-05-25,1526.5999755859375,37.63999938964844,7.330798303371927,0.0022296713911060806,3.628067298501675,0.041192929621478136,3.702731004870252
2011-05-26,1522.800048828125,37.32600021362305,7.328306056573042,-0.002492246798885489,3.6196901404841078,-0.008377158017567332,3.708615916088934
2011-05-27,1536.300048828125,37.856998443603516,7.33713223891955,0.00882618234650856,3.6338158622263674,0.014125721742259678,3.703316376693183
2011-05-31,1535.9000244140625,38.303001403808594,7.336871823317189,-0.0002604156023613413,3.6455282587508635,0.011712396524496071,3.6913435645663255
2011-06-01,1542.4000244140625,37.68899917602539,7.341094939684901,0.004223116367711555,3.6293682528279207,-0.016160005922942755,3.71172668685698
2011-06-02,1532.0,36.20000076293945,7.3343293503005365,-0.006765589384364112,3.5890591399074006,-0.040309112920520196,3.745270210393136
2011-06-03,1541.699951171875,36.1870002746582,7.340640950994681,0.006311600694144381,3.588699945901994,-0.00035919400540640467,3.7519410050926867
2011-06-06,1546.5,36.7760009765625,7.343749592125124,0.0031086411304430683,3.604845485058269,0.016145539156275035,3.7389041070668547
2011-06-07,1543.300048828125,37.040000915527344,7.341678291545563,-0.002071300579561175,3.611998434495239,0.00715294943696998,3.7296798570503236
2011-06-08,1538.0999755859375,36.61899948120117,7.338303151584894,-0.0033751399606689603,3.6005672172237815,-0.011431217271457683,3.7377359343611123
2011-06-09,1542.0999755859375,37.42300033569336,7.340900387031912,0.0025972354470180647,3.622285497634194,0.02171828041041257,3.718614889397718
2011-06-10,1528.5999755859375,36.32600021362305,7.332107546837266,-0.00879284019464599,3.592533744207972,-0.02975175342622194,3.7395738026292937
2011-06-13,1515.0,34.736000061035156,7.323170717943469,-0.008936828893796545,3.5477766148930514,-0.04475712931492071,3.775394103050418
2011-06-14,1523.800048828125,35.40999984741211,7.328962526082566,0.0057918081390964105,3.5669942618146373,0.019217646921585896,3.7619682642679284
2011-06-15,1525.5999755859375,35.40599822998047,7.330143038283284,0.0011805122007180202,3.5668812473110068,-0.00011301450363054855,3.763261790972277
2011-06-16,1529.300048828125,35.553001403808594,7.3325654252824926,0.0024223869992088254,3.571024580359375,0.004143333048368447,3.7615408449231174
2011-06-17,1538.5999755859375,35.73899841308594,7.338628175157122,0.00606274987462907,3.576242485082466,0.005217904723090694,3.7623856900746557
2011-06-20,1541.5,36.064998626708984,7.340511247326205,0.001883072169083455,3.5853228278774147,0.009080342794948848,3.7551884194487903
2011-06-21,1546.0,36.37300109863281,7.343426229147367,0.0029149818211617884,3.5938267713668006,0.008503943489385879,3.7495994577805662
2011-06-22,1552.9000244140625,36.73400115966797,7.347879445296737,0.0044532161493702205,3.6037027882756782,0.009876016908877627,3.744176657021059
2011-06-23,1520.0999755859375,35.005001068115234,7.326531385089147,-0.021348060207589725,3.5554909389423797,-0.048211849333298584,3.7710404461467677
2011-06-24,1500.5,34.64099884033203,7.313553664880422,-0.012977720208725785,3.5450379181610816,-0.010453020781298061,3.76851574671934
2011-06-27,1496.0,33.58000183105469,7.310550158534422,-0.0030035063459994404,3.5139307061775256,-0.031107211983556038,3.7966194523568966
2011-06-28,1499.699951171875,33.632999420166016,7.313020334529039,0.0024701759946168522,3.5155077105995343,0.0015770044220086987,3.7975126239295047
2011-06-29,1509.9000244140625,34.75,7.319798718619748,0.006778384090709189,3.548179572010801,0.03267186141126688,3.771619146608947
2011-06-30,1502.300048828125,34.8120002746582,7.314752578570624,-0.0050461400491244035,3.5499621628170237,0.0017825908062225615,3.7647904157536
2011-07-01,1482.300048828125,33.694000244140625,7.301350247460598,-0.013402331110025756,3.517319787209831,-0.03264237560719252,3.784030460250767
2011-07-05,1512.300048828125,35.402000427246094,7.321386982044022,0.020036734583423588,3.5667683277873814,0.049448540577550215,3.75461865425664
2011-07-06,1528.699951171875,35.9109992980957,7.332172948066042,0.010785966022019977,3.5810436357008655,0.014275307913484081,3.751129312365176
2011-07-07,1530.199951171875,36.52799987792969,7.333153692888115,0.0009807448220735537,3.5980790864456114,0.017035450744745884,3.7350746064425038
2011-07-08,1541.199951171875,36.5359992980957,7.340316581070114,0.007162888181999172,3.598298056671391,0.00021897022577954672,3.7420185243987234
2011-07-11,1548.800048828125,35.68899917602539,7.345235748048736,0.00491916697862127,3.574842494968937,-0.02345556170245411,3.770393253079799
2011-07-12,1561.9000244140625,35.62900161743164,7.353658323494679,0.008422575445943714,3.5731599583840543,-0.001682536584882488,3.780498365110625
2011-07-13,1585.199951171875,38.14799880981445,7.368465830513778,0.014807507019098942,3.6414733005175055,0.0683133421334512,3.7269925299962727
2011-07-14,1589.0,38.68899917602539,7.370860166536716,0.0023943360229381483,3.655555300609052,0.014082000091546476,3.7153048659276644
2011-07-15,1589.800048828125,39.0629997253418,7.371363531852388,0.0005033653156711893,3.665175720383541,0.009620419774488909,3.7061878114688467
2011-07-18,1602.0999755859375,40.33300018310547,7.379070532413881,0.007707000561492983,3.697169996971513,0.03199427658797216,3.6819005354423675
2011-07-19,1600.9000244140625,40.21099853515625,7.378321265334259,-0.0007492670796214185,3.6941405536064753,-0.003029443365037743,3.684180711727784
2011-07-20,1596.699951171875,39.54600143432617,7.375694247765004,-0.0026270175692548747,3.677464587568454,-0.01667596603802135,3.6982296601965503
2011-07-21,1586.800048828125,38.9370002746582,7.369474719411617,-0.00621952835338746,3.6619449624276443,-0.015519625140809623,3.7075297569839725
2011-07-22,1601.300048828125,40.112998962402344,7.378571108821233,0.009096389409616101,3.6917004454337703,0.02975548300612596,3.6868706633874626
2011-07-25,1612.0,40.354000091552734,7.385230923066573,0.006659814245340456,3.697690524661226,0.005990079227455869,3.687540398405347
2011-07-26,1616.5999755859375,40.691001892089844,7.388080442197639,0.00284951913106557,3.706006984273502,0.008316459612276006,3.6820734579241368
2011-07-27,1615.0,40.553001403808594,7.387090235656757,-0.0009902065408819993,3.7026097951788346,-0.0033971890946675742,3.6844804404779223
2011-07-28,1613.4000244140625,39.77899932861328,7.386099047634932,-0.0009911880218247404,3.683339117971504,-0.019270677207330777,3.7027599296634284
2011-07-29,1628.300048828125,40.09199905395508,7.395291834757354,0.009192787122421997,3.6911767895657692,0.007837671594265405,3.704115045191585
2011-08-01,1619.0,39.29800033569336,7.389563953677635,-0.005727881079718777,3.6711736355372544,-0.020003154028514825,3.718390318140381
2011-08-02,1641.9000244140625,40.08100128173828,7.403609401687379,0.014045448009743389,3.6909024385438607,0.019728803006606288,3.712706963143518
2011-08-03,1663.4000244140625,41.74700164794922,7.416618994111792,0.013009592424412908,3.731627631902326,0.04072519335846536,3.6849913622094657
2011-08-04,1656.199951171875,39.417999267578125,7.412281071117577,-0.004337922994214871,3.6742225461894034,-0.05740508571292269,3.7380585249281735
2011-08-05,1648.800048828125,38.196998596191406,7.40780305919059,-0.004478011926987158,3.6427569417453545,-0.03146560444404889,3.765046117445235
2011-08-08,1710.199951171875,39.374000549316406,7.444365573170734,0.03656251398014465,3.6731057139491425,0.030348772203788066,3.771259859221592
2011-08-09,1740.0,37.87699890136719,7.461640392208575,0.017274819037840672,3.6343440387106356,-0.03876167523850693,3.8272963534979394
2011-08-10,1781.300048828125,39.32500076293945,7.48509874120995,0.02345834900137511,3.6718604683452174,0.037516429634581794,3.8132382728647327
2011-08-11,1748.800048828125,38.65599822998047,7.466685145343205,-0.01841359586674507,3.65470195652335,-0.01715851182186734,3.811983188819855
2011-08-12,1740.199951171875,39.10100173950195,7.461755300073008,-0.004929845270196687,3.6661480865992466,0.011446130075896566,3.7956072134737617
2011-08-15,1755.5,39.29800033569336,7.470508995608487,0.008753695535478556,3.6711736355372544,0.005025548938007773,3.7993353600712325
2011-08-16,1782.4000244140625,39.82099914550781,7.485716063430262,0.015207067821775055,3.6843943898709313,0.013220754333676865,3.8013216735593307
2011-08-17,1791.199951171875,40.349998474121094,7.490641038024537,0.004924974594275433,3.697591356899875,0.013196967028943796,3.7930496811246623
2011-08-18,1818.9000244140625,40.6870002746582,7.505987215168227,0.01534617714369002,3.7059086378573127,0.008317280957437667,3.8000785773109147
2011-08-19,1848.9000244140625,42.428001403808594,7.522346159840949,0.016358944672721698,3.747808554730067,0.04189991687275407,3.7745376051108823
2011-08-22,1888.699951171875,43.32099914550781,7.543644014849031,0.02129785500808179,3.768637486167547,0.020828931437480325,3.775006528681484
2011-08-23,1858.300048828125,42.28099822998047,7.5274173965553,-0.01622661829373051,3.7443377707039422,-0.024299715463604876,3.783079625851358
2011-08-24,1754.0999755859375,39.15700149536133,7.4697111699314505,-0.05770622662384994,3.667579244132096,-0.07675852657184645,3.8021319257993547
2011-08-25,1759.800048828125,40.7400016784668,7.4729554729578656,0.0032443030264150963,3.7072104519981384,0.03963120786604257,3.765745020959727
2011-08-26,1794.0999755859375,40.946998596191406,7.492258768817367,0.01930329585950119,3.7122785132586156,0.005068061260477208,3.779980255558751
2011-08-29,1788.4000244140625,40.54100036621094,7.489076658011169,-0.003182110806197791,3.702313816748289,-0.009964696510326387,3.7867628412628798
2011-08-30,1826.699951171875,41.39799880981445,7.5102663125524005,0.021189654541231562,3.7232325417357663,0.020918724987477155,3.787033770816634
2011-08-31,1828.5,41.69900131225586,7.511251237589436,0.000984925037035289,3.7304771791715834,0.007244637435817047,3.7807740584178524
2011-09-01,1826.0,41.481998443603516,7.509883061154913,-0.0013681764345223613,3.7252595606868826,-0.0052176184847008145,3.784623500468031
2011-09-02,1873.699951171875,43.02000045776367,7.5356703385447315,0.02578727738981801,3.7616651344803014,0.0364055737934188,3.77400520406443
2011-09-06,1869.9000244140625,41.81800079345703,7.533640245539261,-0.0020300930054704125,3.7333268878232864,-0.02833824665701501,3.8003133577159747
2011-09-07,1814.199951171875,41.571998596191406,7.503399851266432,-0.030240394272828652,3.727426829958047,-0.005900057865239283,3.7759730213083853
2011-09-08,1854.4000244140625,42.479000091552734,7.525316485750965,0.021916634484532516,3.7490098383222064,0.021583008364159273,3.7763066474287585
2011-09-09,1856.4000244140625,41.573001861572266,7.526394420518315,0.001077934767350186,3.7274509628674317,-0.02155887545477464,3.7989434576508834
2011-09-12,1809.9000244140625,40.16400146484375,7.501026887604003,-0.02536753291431193,3.6929711084887495,-0.03447985437868217,3.8080557791152536
2011-09-13,1826.800048828125,41.12300109863281,7.5103211080396175,0.009294220435614342,3.716567602399881,0.0235964939111315,3.7937535056397365
2011-09-14,1823.5,40.46900177001953,7.508513010248735,-0.0018080977908825346,3.700536292658671,-0.01603130974120992,3.807976717590064
2011-09-15,1778.5,39.452999114990234,7.48352559138851,-0.02498741886022504,3.6751100675959356,-0.025426225062735508,3.8084155237925743
2011-09-16,1812.0999755859375,40.78099822998047,7.502241659245311,0.018716067856801466,3.708216243267033,0.033106175671097304,3.7940254159782785
2011-09-19,1776.4000244140625,39.11000061035156,7.482344137161508,-0.019897522083803132,3.6663782043734456,-0.04183803889358728,3.8159659327880626
2011-09-20,1806.5999755859375,40.08100128173828,7.499201891201926,0.01685775404041756,3.6909024385438607,0.02452423417041505,3.808299452658065
2011-09-21,1805.5,40.41999816894531,7.498592840717513,-0.0006090504844129541,3.699324666674764,0.00842222813090343,3.7992681740427487
2011-09-22,1739.199951171875,36.53799819946289,7.4611804882918955,-0.03741235242561736,3.5983527656358967,-0.10097190103886744,3.862827722655999
2011-09-23,1637.5,30.051000595092773,7.400925967509407,-0.06025452078248872,3.4028959581004976,-0.19545680753539907,3.998030009408909
2011-09-26,1592.5,29.927000045776367,7.373060387446318,-0.02786558006308848,3.3987610844914062,-0.004134873609091372,3.974299302954912
2011-09-27,1650.5999755859375,31.496999740600586,7.408894122367561,0.03583373492124231,3.4498922949652275,0.0511312104738213,3.959001827402333
2011-09-28,1616.300048828125,30.084999084472656,7.387894895625578,-0.02099922674198229,3.4040266782409585,-0.04586561672426903,3.98386821738462
2011-09-29,1615.5,30.472000122070312,7.387399785264553,-0.0004951103610251195,3.416808233182286,0.012781554941327489,3.970591552082267
2011-09-30,1620.4000244140625,30.041000366210938,7.390428326395224,0.0030285411306705257,3.4025631274803096,-0.014245105701976346,3.987865198914914
2011-10-03,1656.0,30.75,7.412160334945205,0.021732008549981252,3.4258899942525267,0.02332686677221707,3.9862703406926783
2011-10-04,1614.699951171875,29.795000076293945,7.386904429647824,-0.025255905297380643,3.3943405967595712,-0.03154939749295549,3.992563832888253
2011-10-05,1640.300048828125,30.316999435424805,7.402634460686241,0.015730031038416747,3.411708592665406,0.01736799590583482,3.990925868020835
2011-10-06,1651.9000244140625,31.969999313354492,7.409681434340477,0.007046973654236233,3.4647979415939423,0.05308934892853623,3.944883492746535
2011-10-07,1634.5,30.95800018310547,7.3990922261642655,-0.010589208176211784,3.4326314530663273,-0.032166488527614945,3.966460773097938
2011-10-10,1669.5999755859375,31.944000244140625,7.42033934114029,0.02124711497602405,3.4639843774036896,0.031352924337362253,3.9563549637366
2011-10-11,1659.699951171875,31.96299934387207,7.414392112706823,-0.005947228433466734,3.464578963299246,0.0005945858955564987,3.9498131494075768
2011-10-12,1681.300048828125,32.75400161743164,7.427322611726769,0.01293049901994614,3.489025141408869,0.024446178109622796,3.9382974703179
2011-10-13,1667.300048828125,31.632999420166016,7.4189608598521595,-0.008361751874609524,3.4542008611544213,-0.034824280254447615,3.964759998697738
2011-10-14,1681.800048828125,32.13999938964844,7.42761995643205,0.008659096579890502,3.470101341318963,0.015900480164541708,3.957518615113087
2011-10-17,1675.5,31.791000366210938,7.4238669071773655,-0.0037530492546844485,3.459183242380136,-0.010918098938827114,3.9646836647972297
2011-10-18,1651.699951171875,31.801000595092773,7.409560309964699,-0.014306597212666361,3.4594977545456,0.0003145121654641869,3.950062555419099
2011-10-19,1646.0,31.25200080871582,7.406103381237015,-0.0034569287276839944,3.4420834000117475,-0.01741435453385254,3.9640199812252677
2011-10-20,1611.9000244140625,30.266000747680664,7.385168901549025,-0.020934479687990226,3.410024994968484,-0.032058405043263516,3.975143906580541
2011-10-21,1635.0999755859375,31.17300033569336,7.399459228609306,0.014290327060280994,3.439552346307341,0.029527351338856977,3.959906882301965
2011-10-24,1651.5,31.6200008392334,7.409439244830844,0.009980016221538435,3.4537898583225464,0.0142375120152054,3.955649386508298
2011-10-25,1699.5999755859375,33.034000396728516,7.438148193876064,0.028708949045219256,3.4975373461086012,0.04374748778605486,3.9406108477674624
2011-10-26,1722.699951171875,33.29100036621094,7.451648078108372,0.01349988423230819,3.505287101186835,0.007749755078233722,3.946360976921537
2011-10-27,1746.699951171875,35.095001220703125,7.465483544479847,0.013835466371475036,3.5580587049652057,0.05277160377837076,3.907424839514641
2011-10-28,1746.199951171875,35.27000045776367,7.465197249414203,-0.0002862950656439267,3.5630327572268,0.004974052261594419,3.902164492187403
2011-10-31,1724.199951171875,34.33700180053711,7.452518425456531,-0.012678823957672058,3.5362235424129587,-0.026809214813841464,3.916294883043572
2011-11-01,1711.0,32.72200012207031,7.444833273892193,-0.007685151564337467,3.488047638291412,-0.0481759041215466,3.9567856356007813
2011-11-02,1728.699951171875,33.92900085449219,7.455124931683166,0.010291657790972408,3.5242701311032665,0.03622249281185441,3.9308548005798993
2011-11-03,1764.199951171875,34.487998962402344,7.4754525811474615,0.02032764946429566,3.540611407359074,0.016341276255807724,3.9348411737883873
2011-11-04,1755.300048828125,34.06999969482422,7.470395089279838,-0.005057491867623831,3.5284172227155586,-0.012194184643515626,3.941977866564279
2011-11-07,1790.300048828125,34.8120002746582,7.490138509830938,0.019743420551100677,3.5499621628170237,0.021544940101465127,3.9401763470139146
2011-11-08,1798.4000244140625,35.137001037597656,7.494652673274807,0.0045141634438685685,3.559254735850008,0.009292573032984475,3.9353979374247987
2011-11-09,1790.9000244140625,34.347999572753906,7.490473579404981,-0.004179093869826289,3.536543780371491,-0.022710955478517203,3.9539297990334896
2011-11-10,1758.9000244140625,34.095001220703125,7.47244390651858,-0.018029672886400228,3.529150781775611,-0.0073929985958800515,3.9432931247429694
2011-11-11,1787.5,34.67100143432617,7.488573274568163,0.016129368049582204,3.545903644031035,0.016752862255424272,3.9426696305371274
2011-11-14,1777.800048828125,34.01300048828125,7.483131951273051,-0.005441323295111822,3.5267428188348036,-0.019160825196231634,3.956389132438247
2011-11-15,1781.699951171875,34.448001861572266,7.485323216284566,0.002191265011515675,3.539450994662074,0.012708175827270463,3.9458722216224924
2011-11-16,1773.800048828125,33.81399917602539,7.480879444469765,-0.0044437718148016,3.5208748935469205,-0.01857610111515351,3.9600045509228443
2011-11-17,1719.800048828125,31.493000030517578,7.449963312368542,-0.030916132101222793,3.449765299883376,-0.07110959366354441,4.000198012485166
2011-11-18,1724.699951171875,32.41299819946289,7.452808372986271,0.002845060617729267,3.4785595213432745,0.028794221459898406,3.974248851642997
2011-11-21,1678.300048828125,31.113000869750977,7.425536684407933,-0.02727168857833817,3.4376257662302905,-0.04093375511298403,3.9879109181776426
2011-11-22,1702.199951171875,32.948001861572266,7.439676782357556,0.014140097949622898,3.4949306175793122,0.057304851349021746,3.944746164778244
2011-11-23,1695.699951171875,31.881999969482422,7.43585088511782,-0.0038258972397358093,3.462041586254251,-0.03288903132506116,3.973809298863569
2011-11-25,1685.5,31.011999130249023,7.4298175346741155,-0.006033350443704677,3.4343741983110854,-0.0276673879431657,3.99544333636303
2011-11-28,1710.800048828125,32.15999984741211,7.444716404893859,0.014898870219743898,3.4707234395661173,0.03634924125503192,3.973992965327742
2011-11-29,1713.4000244140625,31.85300064086914,7.446234993778842,0.0015185888849824636,3.461131589224777,-0.009591850341340358,3.985103404554065
2011-11-30,1745.5,32.73099899291992,7.46479632654509,0.018561332766248384,3.4883226102874394,0.027191021062662468,3.976473716257651
2011-12-01,1735.300048828125,32.69499969482422,7.458935616234604,-0.0058607103104861835,3.4872221516792195,-0.0011004586082199452,3.9717134645553847
2011-12-02,1747.0,32.62099838256836,7.465655310134056,0.006719693899452039,3.4849562031796917,-0.00226594849952777,3.9806991069543645
2011-12-05,1730.699951171875,32.305999755859375,7.456281201718019,-0.009374108416037252,3.475252963934437,-0.009703239245254736,3.981028237783582
2011-12-06,1727.9000244140625,32.672000885009766,7.454662091448402,-0.0016191102696172521,3.486518469069968,0.01126550513553104,3.9681436223784337
2011-12-07,1740.9000244140625,32.55500030517578,7.462157513888489,0.007495422440086941,3.4829309760629856,-0.0035874930069823563,3.979226537825503
2011-12-08,1709.800048828125,31.466999053955078,7.444131712149932,-0.01802580173855617,3.4489393475829075,-0.033991628480078084,3.995192364567025
2011-12-09,1712.800048828125,32.17300033569336,7.445884765783252,0.001753053633319901,3.471127601922022,0.022188254339114533,3.9747571638612302
2011-12-12,1664.199951171875,30.934999465942383,7.4170997771260305,-0.02878498865722179,3.4318882117190883,-0.039239390202933766,3.985211565406942
2011-12-13,1659.9000244140625,31.19499969482422,7.414512653280326,-0.0025871238457044754,3.4402578157799066,0.008369604060818325,3.9742548375004194
2011-12-14,1584.300048828125,28.881000518798828,7.367897979200996,-0.046614674079330065,3.3631839574272653,-0.07707385835264136,4.004714021773731
2011-12-15,1574.5999755859375,29.225000381469727,7.361756535245437,-0.006141443955558934,3.3750245204109883,0.011840562983723046,3.9867320148344487
2011-12-16,1595.5999755859375,29.614999771118164,7.375005104730385,0.013248569484948014,3.3882809820003503,0.013256461589362,3.9867241227300347
2011-12-19,1594.4000244140625,28.82200050354004,7.3742527842109675,-0.0007523205194175375,3.361139001886853,-0.027141980113497333,4.0131137823241145
2011-12-20,1615.5999755859375,29.496000289916992,7.387461668577806,0.013208884366838092,3.3842546707608707,0.023115668874017725,4.003206997816935
2011-12-21,1611.9000244140625,29.197999954223633,7.385168901549025,-0.0022927670287806734,3.374100212209997,-0.010154458550873713,4.011068689339028
2011-12-22,1608.9000244140625,29.000999450683594,7.3833060098313705,-0.0018628917176544135,3.367330293209286,-0.006769919000710889,4.015975716622084
2011-12-23,1604.699951171875,29.04599952697754,7.380692071777118,-0.0026139380542522517,3.3688807639003246,0.0015504706910385302,4.011811307876794
2011-12-27,1594.199951171875,28.69700050354004,7.374127291365215,-0.006564780411903115,3.3567926052320325,-0.01208815866829216,4.017334686133182
2011-12-28,1562.9000244140625,27.191999435424805,7.354298364469149,-0.01982892689606608,3.302922791631267,-0.05386981360076559,4.051375572837882
2011-12-29,1539.9000244140625,27.27400016784668,7.339472774088684,-0.014825590380465492,3.305933873589733,0.003011081958466111,4.03353890049895
2011-12-30,1565.800048828125,27.875,7.356152185657953,0.01667941156926922,3.3277302297802827,0.02179635619054965,4.02842195587767
2012-01-03,1599.699951171875,29.533000946044922,7.377571360124248,0.021419174466295487,3.3855083142309996,0.05777808445071697,3.9920630458932487
2012-01-04,1611.9000244140625,29.062999725341797,7.385168901549025,0.007597541424776644,3.3694658780502156,-0.016042436180784048,4.015703023498809
2012-01-05,1619.4000244140625,29.264999389648438,7.389811004328006,0.004642102778981361,3.3763922418871593,0.006926363836943672,4.013418762440847
2012-01-06,1616.0999755859375,28.652999877929688,7.387771103247821,-0.00203990108018548,3.3552581454604122,-0.021134096426747018,4.032512957787409
2012-01-09,1607.5,28.749000549316406,7.382435456111774,-0.005335647136046617,3.358603003137057,0.003344857676644608,4.023832452974718
2012-01-10,1631.0,29.783000946044922,7.396948602621014,0.014513146509239405,3.393937792697489,0.035334789560432345,4.003010809923524
2012-01-11,1639.199951171875,29.857999801635742,7.401963567136912,0.005014964515898335,3.39645280398781,0.0025150112903209454,4.005510763149102
2012-01-12,1647.300048828125,30.091999053955078,7.406892892594243,0.004929325457331046,3.404259324259555,0.007806520271744777,4.002633568334688
2012-01-13,1630.4000244140625,29.493000030517578,7.396580677442738,-0.010312215151505377,3.3841529480876367,-0.02010637617191824,4.012427729355101
2012-01-17,1655.199951171875,30.106000900268555,7.411677096931499,0.015096419488761725,3.4047245173416054,0.020571569253968747,4.006952579589894
2012-01-18,1659.5,30.513999938964844,7.414271631160029,0.0025945342285300654,3.418185592690776,0.013461075349170404,3.9960860384692536
2012-01-19,1654.0999755859375,30.48200035095215,7.411012318488449,-0.0032593126715800835,3.4171363569770805,-0.0010492357136953068,3.993875961511369
2012-01-20,1663.699951171875,31.64699935913086,7.4167992873165804,0.005786968828131123,3.454643337117232,0.0375069801401513,3.9621559501993486
2012-01-23,1678.0,32.233001708984375,7.425357887027151,0.008558599710570824,3.4729908254957444,0.018347488378512633,3.952367061531407
2012-01-24,1664.199951171875,31.930999755859375,7.4170997771260305,-0.008258109901120747,3.4635773170996345,-0.009413508396109993,3.953522460026396
2012-01-25,1699.800048828125,33.09199905395508,7.438265904790331,0.021166127664300483,3.499291532739609,0.035714215639974345,3.938974372050722
2012-01-26,1726.300048828125,33.70199966430664,7.453735697107346,0.015469792317015063,3.5175571728177144,0.018265640078105605,3.9361785242896317
2012-01-27,1731.800048828125,33.74700164794922,7.456916637208714,0.003180940101367824,3.518891573311263,0.0013344004935484932,3.938025063897451
2012-01-30,1731.0,33.49700164794922,7.456454555176209,-0.0004620820325049735,3.5114559317790923,-0.007435641532170578,3.9449986233971166
2012-01-31,1737.800048828125,33.233001708984375,7.460375252502772,0.003920697326562639,3.5035434095834277,-0.007912522195664629,3.956831842919344
2012-02-01,1747.0999755859375,33.77799987792969,7.4657125355063485,0.0053372830035769425,3.5198096993818297,0.016266289798402056,3.9459028361245188
2012-02-02,1756.800048828125,34.1510009765625,7.471249279108998,0.005536743602649885,3.5307918967603684,0.010982197378538672,3.94045738234863
2012-02-03,1737.9000244140625,33.724998474121094,7.460432780818713,-0.010816498290285637,3.5182393568490773,-0.012552539911291127,3.9421934239696355
2012-02-06,1722.800048828125,33.72200012207031,7.451706181522261,-0.008726599296451809,3.51815044697569,-8.890987338716627e-05,3.933555734546571
2012-02-07,1746.4000244140625,34.165000915527344,7.465311819215385,0.013605637693124173,3.531201755029971,0.013051308054280675,3.9341100641854143
2012-02-08,1729.300048828125,33.67300033569336,7.455472009567651,-0.009839809647734121,3.5166963392621207,-0.014505415767850138,3.9387756703055303
2012-02-09,1739.0,33.88399887084961,7.461065514354283,0.005593504786632231,3.522942893245305,0.006246553983184189,3.9381226211089784
2012-02-10,1723.300048828125,33.57600021362305,7.451996364621614,-0.009069149732669146,3.513811532393663,-0.009131360851641901,3.938184832227951
2012-02-13,1723.0,33.69599914550781,7.45182223652793,-0.0001741280936844447,3.5173791105927035,0.003567578199040522,3.934443125935226
2012-02-14,1715.9000244140625,33.32600021362305,7.447693017519714,-0.004129219008215834,3.506337879526533,-0.011041231066170276,3.9413551379931806
2012-02-15,1726.300048828125,33.38600158691406,7.453735697107346,0.006042679587632271,3.508136697965516,0.0017988184389827744,3.94559899914183
2012-02-16,1726.800048828125,33.354000091552734,7.454025291957976,0.0002895948506296264,3.5071777079442676,-0.0009589900212483293,3.946847584013708
2012-02-17,1724.5,33.20000076293945,7.452692432376896,-0.0013328595810797594,3.5025498989025468,-0.004627809041720887,3.950142533474349
2012-02-21,1757.0999755859375,34.41299819946289,7.471419987869325,0.018727555492429104,3.5384343476458167,0.0358844487432699,3.9329856402235084
2012-02-22,1770.0,34.23899841308594,7.478734825567875,0.007314837698549681,3.533365298891429,-0.00506904875438785,3.945369526676446
2012-02-23,1784.9000244140625,35.54399871826172,7.487117683913574,0.008382858345699518,3.570771329572998,0.037406030681569113,3.9163463543405763
2012-02-24,1775.0999755859375,35.332000732421875,7.481612024597132,-0.005505659316442646,3.5647890896125887,-0.005982239960409252,3.916822934984543
2012-02-27,1773.5999755859375,35.51599884033203,7.4807666445368435,-0.0008453800602881145,3.569983266518093,0.0051941769055043885,3.9107833780187504
2012-02-28,1787.0,37.13999938964844,7.488293515159428,0.00752687062258417,3.6146945394907535,0.04471127297266042,3.873598975668674
2012-02-29,1709.9000244140625,34.58300018310547,7.444190182532612,-0.04410333262681565,3.543362237136697,-0.07133230235405641,3.900827945395915
2012-03-01,1721.0999755859375,35.611000061035156,7.450718886090785,0.006528703558172921,3.572654580608774,0.029292343472076876,3.878064305482011
2012-03-02,1708.800048828125,34.48099899291992,7.443546677340387,-0.007172208750398035,3.5404084184883065,-0.03224616212046749,3.9031382588520804
2012-03-05,1703.0,33.6510009765625,7.440146680662688,-0.0033999966776985246,3.516042802351507,-0.02436561613679933,3.9241038783111812
2012-03-06,1671.4000244140625,32.74100112915039,7.42141689217429,-0.01872978848839857,3.4886281496413503,-0.02741465271015686,3.9327887425329395
2012-03-07,1683.300048828125,33.542999267578125,7.428511460432417,0.007094568258127154,3.5128281759980284,0.024200026356678173,3.9156832844343885
2012-03-08,1698.0999755859375,33.78900146484375,7.4372652435749735,0.008753783142556593,3.5201353490863494,0.007307173088320962,3.917129894488624
2012-03-09,1710.9000244140625,34.17499923706055,7.444774841100322,0.007509597525348077,3.5314943602855227,0.011359011199173263,3.913280480814799
2012-03-12,1699.199951171875,33.374000549316406,7.43791280231167,-0.006862038788651326,3.5077771701841227,-0.023717190101399943,3.9301356321275476
2012-03-13,1693.699951171875,33.54399871826172,7.434670735067811,-0.003242067243859559,3.512857971657804,0.0050808014736811735,3.921812763410007
2012-03-14,1642.5,32.14699935913086,7.403974750358765,-0.030695984709045554,3.470319113796955,-0.04253885786084899,3.9336556365618103
2012-03-15,1659.0999755859375,32.69300079345703,7.414030550934065,0.010055800575299756,3.487161011979186,0.01684189818223114,3.926869538954879
2012-03-16,1655.5,32.573001861572266,7.411858356987301,-0.002172193946764267,3.483483781500156,-0.0036772304790302357,3.928374575487145
2012-03-19,1666.9000244140625,32.92599868774414,7.4187209075954295,0.006862550608128792,3.494262579371129,0.010778797870973023,3.9244583282243006
2012-03-20,1646.699951171875,31.80500030517578,7.406528534571845,-0.012192373023584224,3.4596235197259815,-0.03463905964514735,3.9469050148458638
2012-03-21,1650.0,32.19900131225586,7.408530566894626,0.0020020323227809556,3.4719354369220494,0.012311917196067945,3.9365951299725768
2012-03-22,1642.300048828125,31.319000244140625,7.403853007075065,-0.0046775598195614165,3.4442249499279614,-0.027710486994088068,3.9596280571471034
2012-03-23,1662.300048828125,32.24800109863281,7.415957493915248,0.01210448684018317,3.4734560598831106,0.029231109955149215,3.9425014340321374
2012-03-26,1685.5,32.72600173950195,7.4298175346741155,0.013860040758867598,3.488169922160218,0.01471386227710747,3.9416476125138975
2012-03-27,1684.800048828125,32.60100173950195,7.429402170361266,-0.0004153643128494977,3.4843430161061417,-0.003826906054076318,3.9450591542551243
2012-03-28,1657.9000244140625,31.81599998474121,7.413307034971315,-0.016095135389950777,3.4599693074257947,-0.02437370868034705,3.9533377275455206
2012-03-29,1652.199951171875,31.97800064086914,7.409862982575006,-0.003444052396309516,3.465048186404167,0.0050788789783724475,3.9448147961708386
2012-03-30,1669.300048828125,32.46900177001953,7.420159685112001,0.010296702536995106,3.480285842495255,0.01523765609108807,3.9398738426167457
2012-04-02,1677.5,33.08300018310547,7.425059868845837,0.004900183733836272,3.4990195608164103,0.018733718321155113,3.926040308029427
2012-04-03,1670.0,33.25,7.4205789054108005,-0.004480963435036678,3.5040547671018634,0.005035206285453064,3.916524138308937
2012-04-04,1612.300048828125,31.02899932861328,7.385417040254458,-0.035161865156342564,3.4349222294263813,-0.06913253767548211,3.9504948108280766
2012-04-05,1628.5,31.715999603271484,7.395414624716288,0.0099975844618303,3.456821272901371,0.02189904347498972,3.938593351814917
2012-04-09,1642.5,31.51300048828125,7.403974750358765,0.00856012564247699,3.4504001746023163,-0.006421098299054684,3.953574575756449
2012-04-10,1659.5,31.670000076293945,7.414271631160029,0.01029688080126423,3.4553698629595773,0.004969688357260971,3.958901768200452
2012-04-11,1659.0,31.51099967956543,7.413970290190444,-0.00030134096958533974,3.4503366810534724,-0.005033181906104911,3.9636336091369717
2012-04-12,1679.5,32.51499938964844,7.426251409052347,0.012281118861903195,3.4817015025497304,0.03136482149625808,3.944549906502617
2012-04-13,1659.0999755859375,31.3799991607666,7.414030550934065,-0.01222085811828233,3.4461707205606733,-0.035530781989057125,3.9678598303733916
2012-04-16,1648.699951171875,31.36400032043457,7.407742347950996,-0.006288202983069091,3.4456607485853112,-0.0005099719753620668,3.9620815993656846
2012-04-17,1650.300048828125,31.665000915527344,7.408712398136945,0.0009700501859493116,3.4552119988813046,0.009551250295993352,3.9535003992556406
2012-04-18,1638.800048828125,31.47800064086914,7.401719575467764,-0.006992822669181109,3.44928890948868,-0.0059230893926245365,3.952430665979084
2012-04-19,1640.5999755859375,31.770999908447266,7.4028172926874705,0.0010977172197064178,3.458553921139856,0.009265011651176103,3.9442633715476143
2012-04-20,1642.0999755859375,31.643999099731445,7.403731174630206,0.0009138819427354505,3.454548528709252,-0.004005392430604271,3.949182645920954
2012-04-23,1631.9000244140625,30.524999618530273,7.3975002740974025,-0.006230900532803396,3.4185460074998075,-0.03600252120944436,3.978954266597595
2012-04-24,1643.0,30.739999771118164,7.404279118037268,0.0067788439398652756,3.425564730664717,0.007018723164909257,3.978714387372551
2012-04-25,1641.4000244140625,30.35099983215332,7.403304830069537,-0.0009742879677308025,3.4128294603616767,-0.012735270303040114,3.9904753697078603
2012-04-26,1659.5999755859375,31.202999114990234,7.414331873747901,0.011027043678364379,3.440514215676135,0.027684755314458354,3.9738176580717663
2012-04-27,1664.0,31.347000122070312,7.416979621381154,0.002647747633252706,3.445118572614246,0.0046043569381111205,3.971861048766908
2012-04-30,1663.4000244140625,30.958999633789062,7.416618994111792,-0.000360627269362368,3.4326637366293755,-0.012454835984870627,3.983955257482416
2012-05-01,1661.699951171875,30.87700080871582,7.415596424322727,-0.0010225697890646757,3.430011596369644,-0.0026521402597317056,3.985584827953083
2012-05-02,1653.4000244140625,30.591999053955078,7.410589067584549,-0.0050073567381776485,3.4207385059444047,-0.009273090425239161,3.9898505616401447
2012-05-03,1634.199951171875,29.958999633789062,7.39890863707169,-0.011680430512859274,3.399829768031113,-0.02090873791329173,3.999078869040577
2012-05-04,1644.699951171875,30.3799991607666,7.405313246059058,0.0064046089873679435,3.413784469543091,0.013954701511977863,3.9915287765159673
2012-05-07,1638.5999755859375,30.07200050354004,7.401597482808372,-0.0037157632506863436,3.403594523006358,-0.010189946536732997,3.998002959802014
2012-05-08,1604.0,29.413999557495117,7.38025578842646,-0.02134169438191158,3.3814707364340992,-0.022123786572258552,3.998785051992361
2012-05-09,1593.699951171875,29.19700050354004,7.3738136052273715,-0.006442183199088625,3.374065981516415,-0.007404754917684109,3.9997476237109564
2012-05-10,1595.0999755859375,29.13599967956543,7.37469169387274,0.0008780886453685355,3.3719745119873603,-0.0020914695290548124,4.00271718188538
2012-05-11,1583.5999755859375,28.857999801635742,7.367455999815164,-0.007235694057576403,3.362387244001259,-0.0095872679861011,4.005068755813904
2012-05-14,1560.5999755859375,28.319000244140625,7.352825626038638,-0.014630373776525651,3.343532966088706,-0.01885427791255312,4.0092926599499314
2012-05-15,1556.800048828125,28.054000854492188,7.3503877427961575,-0.0024378832424805097,3.3341312547563153,-0.00940171133239076,4.016256488039842
2012-05-16,1536.199951171875,27.170000076293945,7.337067081779576,-0.013320661016581248,3.302113426246278,-0.032017828510037205,4.0349536555332985
2012-05-17,1574.5,27.996000289916992,7.36169304054108,0.02462595876150342,3.3320616531829508,0.02994822693667265,4.029631387358129
2012-05-18,1591.5999755859375,28.694000244140625,7.372495063213453,0.01080202267237329,3.356688050184619,0.02462639700166802,4.015807013028834
2012-05-21,1588.4000244140625,28.304000854492188,7.370482514627319,-0.0020125485861335335,3.343003167607232,-0.013684882577386759,4.027479347020087
2012-05-22,1576.300048828125,28.165000915527344,7.362835638608913,-0.007646876018406523,3.3380801048525295,-0.004923062754702556,4.024755533756384
2012-05-23,1548.0999755859375,27.507999420166016,7.34478363577608,-0.018052002832832592,3.314476850378849,-0.02360325447368039,4.030306785397231
2012-05-24,1557.300048828125,28.142000198364258,7.350708862855639,0.005925227079559114,3.337263129414755,0.02278627903590591,4.013445733440884
2012-05-25,1568.800048828125,28.3700008392334,7.358066306006642,0.00735744315100284,3.3453322784024797,0.008069148987724706,4.0127340276041625
2012-05-29,1548.5999755859375,27.767000198364258,7.345106560187375,-0.012959745819267177,3.323848272378436,-0.021484006024043545,4.021258287808939
2012-05-30,1563.4000244140625,27.961999893188477,7.3546182314022355,0.009511671214860407,3.3308464417457513,0.006998169367315121,4.023771789656484
2012-05-31,1562.5999755859375,27.740999221801758,7.3541063639386435,-0.0005118674635919973,3.322911435211333,-0.007935006534418143,4.03119492872731
2012-06-01,1620.5,28.496999740600586,7.390490022581602,0.03638365864295867,3.349798809473463,0.02688737426213006,4.040691213108139
2012-06-04,1612.199951171875,27.992000579833984,7.385354954562858,-0.005135068018744526,3.331918775779662,-0.017880033693801423,4.053436178783196
2012-06-05,1615.199951171875,28.389999389648438,7.3872140367682375,0.0018590822053798917,3.3460369489860575,0.014118173206395745,4.04117708778218
2012-06-06,1632.800048828125,29.47599983215332,7.39805164140017,0.010837604631932507,3.3835763672104022,0.0375394182243447,4.014475274189768
2012-06-07,1586.5999755859375,28.518999099731445,7.369348625480241,-0.02870301591992863,3.3505705002504396,-0.03300586695996266,4.018778125229802
2012-06-08,1590.0999755859375,28.461000442504883,7.37155217096456,0.0022035454843187807,3.3485347446266123,-0.0020357556238272956,4.0230174263379475
2012-06-11,1595.5,28.606000900268555,7.374942445718299,0.0033902747537384315,3.353616517504027,0.005081772877414625,4.021325928214272
2012-06-12,1612.699951171875,28.94300079345703,7.385665041709217,0.010722595990918293,3.365328405995715,0.01171188849168825,4.020336635713502
2012-06-13,1618.0999755859375,28.934999465942383,7.389007885317658,0.0033428436084408375,3.3650519165686528,-0.00027648942706237634,4.023955968749005
2012-06-14,1618.4000244140625,28.400999069213867,7.389193300938843,0.00018541562118556953,3.3464243230418576,-0.018627593526795216,4.042768977896985
2012-06-15,1627.0,28.733999252319336,7.394493107219038,0.005299806280194552,3.3580810645677617,0.011656741525904124,4.036412042651277
2012-06-18,1625.699951171875,28.665000915527344,7.393693741205039,-0.0007993660139984371,3.355676898299203,-0.0024041662685587717,4.0380168429058365
2012-06-19,1622.199951171875,28.36199951171875,7.391538501536303,-0.0021552396687365416,3.3450502038231167,-0.010626694476086218,4.046488297713186
2012-06-20,1614.800048828125,28.382999420166016,7.386966419216663,-0.00457208231963957,3.3457903539614984,0.00074015013838169,4.041176065255165
2012-06-21,1564.5,26.83300018310547,7.355321563108937,-0.03164485610772605,3.2896324801428922,-0.05615787381860615,4.0656890829660455
2012-06-22,1566.0,26.656999588012695,7.356279876550748,0.0009583134418109651,3.283051764831638,-0.006580715311254259,4.073228111719111
2012-06-25,1587.5,27.51799964904785,7.369915730766847,0.013635854216098586,3.314840323252076,0.03178855842043804,4.055075407514771
2012-06-26,1574.0,27.03700065612793,7.3613754289773485,-0.008540301789498272,3.297206322541934,-0.017634000710141873,4.064169106435415
2012-06-27,1577.5,26.94099998474121,7.363596594415368,0.0022211654380193124,3.2936492892517975,-0.0035570332901366797,4.06994730516357
2012-06-28,1549.699951171875,26.246999740600586,7.345816611285175,-0.017779983130193244,3.267551686909225,-0.0260976023425723,4.078264924375949
2012-06-29,1603.5,27.579999923706055,7.37994401913321,0.03412740784803514,3.3170908695988777,0.04953918268965252,4.062853149534332
2012-07-02,1597.199951171875,27.468000411987305,7.376007344617988,-0.0039366745152218385,3.3130217057572398,-0.004069163841637913,4.062985638860749
2012-07-03,1621.300048828125,28.243000030517578,7.390983605672673,0.014976261054685303,3.3408456403579443,0.027823934600704536,4.050137965314729
2012-07-05,1608.9000244140625,27.63800048828125,7.3833060098313705,-0.007677595841302676,3.3191916550483183,-0.021653985309626034,4.064114354783053
2012-07-06,1578.4000244140625,26.888999938964844,7.364166970176007,-0.019139039655363455,3.291717278773441,-0.027474376274877255,4.072449691402566
2012-07-09,1588.5999755859375,27.410999298095703,7.370608388830743,0.006441418654736353,3.3109443670779277,0.019227088304486717,4.059664021752816
2012-07-10,1579.300048828125,26.85099983215332,7.364737020793583,-0.005871368037160707,3.2903030579581536,-0.02064130911977413,4.074433962835429
2012-07-11,1575.199951171875,26.9950008392334,7.362137496326867,-0.0025995244667154083,3.2956516947587255,0.00534863680057196,4.066485801568142
2012-07-12,1564.9000244140625,27.13599967956543,7.355577218770163,-0.006560277556704186,3.3008612478010253,0.005209553042299753,4.054715970969138
2012-07-13,1591.5999755859375,27.3439998626709,7.372495063213453,0.01691784444328981,3.3084971213509595,0.0076358735499342245,4.063997941862493
2012-07-16,1591.199951171875,27.297000885009766,7.372243696853409,-0.00025136636004408075,3.306776838464166,-0.0017202828867937114,4.065466858389243
2012-07-17,1589.0999755859375,27.29199981689453,7.370923081855138,-0.0013206149982707416,3.306593612244051,-0.00018322622011490708,4.064329469611087
2012-07-18,1570.4000244140625,27.070999145507812,7.359085658508649,-0.011837423346489295,3.298463012642434,-0.008130599601616773,4.060622645866214
2012-07-19,1580.0999755859375,27.194000244140625,7.365243399706493,0.006157741197844402,3.302996369711233,0.004533357068798871,4.062247029995261
2012-07-20,1582.5,27.27899932861328,7.366761154018331,0.001517754311837649,3.306117150800033,0.0031207810887998733,4.060644003218298
2012-07-23,1577.0999755859375,27.018999099731445,7.363342981013161,-0.003418173005170111,3.2965402889048447,-0.009576861895188138,4.0668026921083165
2012-07-24,1576.0,26.790000915527344,7.362645270417825,-0.0006977105953360763,3.2880287177307363,-0.00851157117410839,4.074616552687088
2012-07-25,1608.0,27.44499969482422,7.382746449738912,0.020101179321087237,3.3121839908823123,0.02415527315157595,4.0705624588566
2012-07-26,1615.0,27.430999755859375,7.387090235656757,0.004343785917845011,3.3116737518193804,-0.0005102390629319054,4.075416483837376
2012-07-27,1617.9000244140625,27.47800064086914,7.388884306101261,0.001794070444503859,3.313385707824747,0.001711956005366666,4.075498598276514
2012-07-30,1619.699951171875,28.013999938964844,7.38999619574595,0.0011118896446893345,3.3327043830381173,0.019318675213370273,4.057291812707833
2012-07-31,1610.5,27.895000457763672,7.384299968771254,-0.005696226974696295,3.3284474777077326,-0.004256905330384697,4.055852491063521
2012-08-01,1603.699951171875,27.517000198364258,7.3800687080675935,-0.004231260703660311,3.314804002703826,-0.013643475003906502,4.065264705363767
2012-08-02,1587.4000244140625,26.981000900268555,7.369852752036681,-0.010215956030912743,3.2951329479517146,-0.019671054752111505,4.074719804084966
2012-08-03,1606.0,27.790000915527344,7.381501894506707,0.011649142470026241,3.3246762766989004,0.029543328747185793,4.056825617807807
2012-08-06,1612.9000244140625,27.851999282836914,7.385789095059886,0.004287200553179105,3.3269047513312304,0.002228474632330002,4.058884343728655
2012-08-07,1609.699951171875,28.075000762939453,7.383803074878503,-0.0019860201813832745,3.3348795277995538,0.007974776468323341,4.0489235470789495
2012-08-08,1612.9000244140625,28.066999435424805,7.385789095059886,0.0019860201813832745,3.33459448887894,-0.0002850389206137116,4.051194606180946
2012-08-09,1617.0999755859375,28.09000015258789,7.388389685486463,0.0026005904265771207,3.3354136465482593,0.0008191576693192815,4.052976038938204
2012-08-10,1619.699951171875,28.05500030517578,7.38999619574595,0.0016065102594868819,3.334166880080703,-0.0012467664675561707,4.055829315665247
2012-08-13,1609.5999755859375,27.760000228881836,7.383740964737638,-0.0062552310083123785,3.3235961438836266,-0.010570736197076602,4.060144820854012
2012-08-14,1599.4000244140625,27.756000518798828,7.377383853162303,-0.006357111575335139,3.3234520517287143,-0.00014409215491228977,4.053931801433588
2012-08-15,1603.699951171875,27.80500030517578,7.3800687080675935,0.002684854905290912,3.3252158716150992,0.0017638198863849652,4.054852836452494
2012-08-16,1616.0999755859375,28.204999923706055,7.387771103247821,0.007702395180227306,3.33949926448696,0.014283392871860645,4.048271838760861
2012-08-17,1616.300048828125,27.9950008392334,7.387894895625578,0.0001237923777575034,3.3320259527788307,-0.007473311708129149,4.055868942846748
2012-08-20,1620.0999755859375,28.586000442504883,7.390243139646894,0.0023482440213156153,3.3529171029666998,0.020891150187869023,4.037326036680194
2012-08-21,1639.9000244140625,29.42099952697754,7.402390558236931,0.012147418590036985,3.3817086890005776,0.02879158603387788,4.020681869236354
2012-08-22,1637.4000244140625,29.548999786376953,7.40086491185261,-0.0015256463843211776,3.386049895102492,0.004341206101914352,4.014815016750118
2012-08-23,1669.5999755859375,30.44700050354004,7.42033934114029,0.01947442928767984,3.415987483673039,0.029937588570546847,4.004351857467251
2012-08-24,1669.800048828125,30.606000900268555,7.4204591670018,0.0001198258615104919,3.4211960975836173,0.0052086139105784746,3.9992630694181828
2012-08-27,1672.4000244140625,31.038999557495117,7.422015014080629,0.0015558470788290535,3.4352444640447946,0.014048366461177242,3.9867705500358346
2012-08-28,1666.5,30.868999481201172,7.418480897747794,-0.003534116332835069,3.429752427272962,-0.00549203677183252,3.988728470474832
2012-08-29,1659.800048828125,30.83099937438965,7.414452421582425,-0.004028476165369277,3.4285206570194444,-0.0012317702535176167,3.9859317645629804
2012-08-30,1653.5,30.367000579833984,7.410649532421847,-0.0038028891605774717,3.4133565115801785,-0.01516414543926592,3.997293020841669
2012-08-31,1684.5999755859375,31.3700008392334,7.429283411388765,0.018633878966917372,3.4458520489553246,0.0324955373751461,3.98343136243344
2012-09-04,1692.9000244140625,32.347999572753906,7.434198328064648,0.004914916675883063,3.47655218202577,0.03070013307044528,3.957646146038878
2012-09-05,1690.800048828125,32.27199935913086,7.432957097571346,-0.001241230493302048,3.474199961353491,-0.002352220672278804,3.9587571362178546
2012-09-06,1702.5999755859375,32.61899948120117,7.439911759110674,0.006954661539328555,3.484894924778917,0.010694963425426085,3.955016834331757
2012-09-07,1737.5,33.632999420166016,7.460202577438947,0.02029081832827284,3.5155077105995343,0.030612785820617106,3.944694866839413
2012-09-10,1728.699951171875,33.57400131225586,7.455124931683166,-0.00507764575578129,3.5137519969857003,-0.0017557136138339757,3.9413729346974655
2012-09-11,1731.800048828125,33.50899887084961,7.456916637208714,0.0017917055255480818,3.511814025768756,-0.0019379712169445007,3.945102611439958
2012-09-12,1730.5999755859375,33.233001708984375,7.456223434065357,-0.0006932031433573016,3.5035434095834277,-0.008270616185328095,3.952680024481929
2012-09-13,1769.0999755859375,34.715999603271484,7.478226207874295,0.022002773808938336,3.547200664354169,0.04365725477074145,3.931025543520126
2012-09-14,1769.800048828125,34.60300064086914,7.4786218524228785,0.00039564454858354026,3.5439404020279355,-0.003260262326233665,3.934681450394943
2012-09-17,1767.699951171875,34.29800033569336,7.477434517919432,-0.0011873345034461025,3.5350870532215044,-0.008853348806431072,3.942347464697928
2012-09-18,1768.4000244140625,34.64400100708008,7.477830475757823,0.0003959578383909701,3.5451245795381916,0.010037526316687195,3.9327058962196317
2012-09-19,1769.0,34.51900100708008,7.478169694159785,0.00033921840196171615,3.541509926256496,-0.0036146532816956345,3.936659767903289
2012-09-20,1767.699951171875,34.61800003051758,7.477434517919432,-0.0007351762403526862,3.544373778885759,0.0028638526292632527,3.933060739033673
2012-09-21,1775.5,34.56700134277344,7.481837352383143,0.00440283446371037,3.542899508567949,-0.0014742703178103334,3.938937843815194
2012-09-24,1762.0999755859375,33.92100143432617,7.47426154471959,-0.007575807663553036,3.52403433390553,-0.018865174662419104,3.95022721081406
2012-09-25,1763.800048828125,33.88600158691406,7.475225879137562,0.000964334417972168,3.5230019965668777,-0.0010323373386520451,3.952223882570684
2012-09-26,1750.5999755859375,33.882999420166016,7.467713851352226,-0.007512027785335995,3.5229133965667185,-8.860000015920022e-05,3.9448004547855073
2012-09-27,1777.5999755859375,34.595001220703125,7.483019405151082,0.01530555379885623,3.54370919823631,0.020795801669591274,3.9393102069147723
2012-09-28,1771.0999755859375,34.516998291015625,7.479356087677898,-0.003663317473184158,3.541451906785919,-0.002257291450390664,3.937904180891979
2012-10-01,1780.5,34.88100051879883,7.484649502717833,0.005293415039934857,3.551942283227974,0.01049037644205475,3.932707219489859
2012-10-02,1772.699951171875,34.604000091552734,7.480259059475244,-0.004390443242589193,3.543969284963855,-0.007972998264119013,3.9362897745113887
2012-10-03,1777.300048828125,34.63100051879883,7.482850665239149,0.0025916057639054912,3.5447492496746764,0.0007799647108215346,3.9381014155644727
2012-10-04,1794.0999755859375,35.04100036621094,7.492258768817367,0.009408103578217641,3.556518814924679,0.0117695652500025,3.935739953892688
2012-10-05,1778.5999755859375,34.51599884033203,7.483581803238978,-0.00867696557838915,3.541422951048078,-0.015095863876601001,3.9421588521908997
2012-10-08,1773.5,33.981998443603516,7.480710274213677,-0.0028715290253007453,3.5258309268629513,-0.015592024185126618,3.9548793473507255
2012-10-09,1763.0,33.95100021362305,7.47477218239787,-0.005938091815806956,3.524918314944013,-0.0009126119189382109,3.949853867453857
2012-10-10,1763.199951171875,34.073001861572266,7.474885591265693,0.00011340886782296167,3.5285053364376258,0.0035870214936126743,3.946380254828067
2012-10-11,1768.800048828125,34.04600143432617,7.478056657148463,0.0031710658827703853,3.5277125935214437,-0.0007927429161820321,3.9503440636270195
2012-10-12,1758.0,33.632999420166016,7.471932078245122,-0.00612457890334106,3.5155077105995343,-0.012204882921909466,3.956424367645588
2012-10-15,1736.0,32.707000732421875,7.459338895220296,-0.01259318302482626,3.4875891446657934,-0.02791856593374087,3.9717497505545025
2012-10-16,1744.699951171875,32.922000885009766,7.4643378720993105,0.004998976879014627,3.49414115418691,0.006552009521116453,3.9701967179124007
2012-10-17,1751.5,33.196998596191406,7.468227842637542,0.0038899705382311467,3.502459468106605,0.008318313919695175,3.9657683745309367
2012-10-18,1743.300048828125,32.8380012512207,7.46353517575819,-0.004692666879352103,3.4915864194926645,-0.010873048613940561,3.971948756265525
2012-10-19,1722.800048828125,32.073001861572266,7.451706181522261,-0.011828994235928647,3.4680146127411966,-0.02357180675146786,3.9836915687810643
2012-10-22,1725.0999755859375,32.22700119018555,7.4530402846474395,0.001334103125178565,3.4728046474459062,0.0047900347047096226,3.9802356372015333
2012-10-23,1708.300048828125,31.76799964904785,7.443254031535886,-0.009786253111553123,3.458459482781602,-0.014345164664304022,3.984794548754284
2012-10-24,1700.5,31.594999313354492,7.43867760444725,-0.004576427088636592,3.4529988584926916,-0.005460624288910587,3.985678745954558
2012-10-25,1712.0,32.04899978637695,7.445417556701687,0.006739952254437576,3.4672659749663466,0.014267116473654973,3.978151581735341
2012-10-26,1710.9000244140625,32.01100158691406,7.444774841100322,-0.0006427156013657509,3.4660796433052536,-0.001186331661092943,3.978695197795068
2012-10-31,1717.5,32.28799819946289,7.448625024096504,0.0038501829961825607,3.474695588406296,0.008615945101042577,3.973929435690208
2012-11-01,1714.0999755859375,32.22600173950195,7.446643426269932,-0.0019815978265720346,3.4727736341295907,-0.0019219542767054953,3.9738697921403414
2012-11-02,1674.0999755859375,30.834999084472656,7.423030971838344,-0.023612454431588326,3.4286503787522817,-0.04412325537730899,3.994380593086062
2012-11-05,1682.199951171875,31.113000869750977,7.427857710501987,0.004826738663643582,3.4376257662302905,0.008975387478008745,3.990231944271697
2012-11-06,1714.0999755859375,32.01900100708008,7.446643426269932,0.018785715767944744,3.4663295080525147,0.028703741822224238,3.9803139182174174
2012-11-07,1713.199951171875,31.650999069213867,7.446118217240092,-0.0005252090298402123,3.454769714259879,-0.01155979379263572,3.991348502980213
2012-11-08,1725.4000244140625,32.23099899291992,7.453214200792277,0.007095983552185103,3.4729286910938058,0.018158976833926754,3.9802855096984713
2012-11-09,1730.300048828125,32.59000015258789,7.4560501110820585,0.0028359102897814736,3.4840054975315167,0.011076806437710918,3.972044613550542
2012-11-12,1730.300048828125,32.51300048828125,7.4560501110820585,0.0,3.48164002437505,-0.0023654731564666243,3.9744100867070085
2012-11-13,1724.199951171875,32.47800064086914,7.452518425456531,-0.0035316856255276363,3.4805629567753034,-0.0010770675997466839,3.9719554686812275
2012-11-14,1729.5,32.87099838256836,7.4555876283772236,0.003069202920692682,3.4925907608859363,0.012027804110632978,3.962996867491287
2012-11-15,1713.300048828125,32.665000915527344,7.446176642838386,-0.009410985538837124,3.4863041963204906,-0.00628656456544574,3.959872446517896
2012-11-16,1714.300048828125,32.361000061035156,7.44676014149627,0.0005834986578836521,3.476953995947473,-0.009350200373017703,3.969806145548797
2012-11-19,1734.0,33.180999755859375,7.458186157340487,0.011426015844216764,3.501977415588028,0.02502341964055521,3.9562087417524587
2012-11-20,1723.199951171875,32.92300033569336,7.451938278066397,-0.006247879274090096,3.49417151186525,-0.007805903722778229,3.957766766201147
2012-11-21,1727.9000244140625,33.34400177001953,7.454662091448402,0.0027238133820048915,3.5068778992144995,0.01270638734924967,3.947784192233902
2012-11-23,1751.300048828125,34.111000061035156,7.4681136761596925,0.01345158471129082,3.5296199147059926,0.022742015491493017,3.9384937614537
2012-11-26,1749.5,34.13800048828125,7.467085311807743,-0.0010283643519493069,3.5304111476453004,0.0007912329393078288,3.9366741641624428
2012-11-27,1742.199951171875,33.981998443603516,7.462903933358087,-0.004181378449656492,3.5258309268629513,-0.004580220782349098,3.9370730064951354
2012-11-28,1716.5,33.680999755859375,7.448042612897747,-0.014861320460339833,3.5169338728961366,-0.008897053966814727,3.9311087400016103
2012-11-29,1727.199951171875,34.347999572753906,7.454256850930492,0.006214238032745456,3.536543780371491,0.019609907475354404,3.9177130705590013
2012-11-30,1710.9000244140625,33.20399856567383,7.444774841100322,-0.009482009830170668,3.5026703073953973,-0.033873472976093666,3.9421045337049243
2012-12-03,1719.5999755859375,33.680999755859375,7.449846970424602,0.005072129324280361,3.5169338728961366,0.014263565500739261,3.9329130975284654
2012-12-04,1694.4000244140625,32.73400115966797,7.435083989255819,-0.01476298116878283,3.4884143285107085,-0.02851954438542803,3.9466696607451106
2012-12-05,1692.4000244140625,32.882999420166016,7.433902933271617,-0.0011810559842020396,3.4929557892684513,0.004541460757742755,3.940947144003166
2012-12-06,1700.300048828125,33.03900146484375,7.438560013780799,0.004657080509181455,3.497688726187722,0.0047329369192707915,3.9408712875930765
2012-12-07,1704.0,33.053001403808594,7.440733707389261,0.0021736936084622016,3.4981123762078936,0.00042365002017152875,3.942621331181367
2012-12-10,1713.0,33.29999923706055,7.44600149832412,0.005267790934858851,3.505557374075303,0.007444997867409597,3.9404441242488164
2012-12-11,1708.199951171875,32.941001892089844,7.443195434927499,-0.002806063396620928,3.4947181399545197,-0.01083923412078347,3.948477294972979
2012-12-12,1716.5999755859375,33.707000732421875,7.448100855061783,0.004905420134284633,3.517705552651119,0.022987412696599208,3.9303953024106644
2012-12-13,1695.5999755859375,32.279998779296875,7.435791925080002,-0.012308929981781347,3.4744478055856653,-0.0432577470654536,3.9613441194943366
2012-12-14,1695.800048828125,32.222999572753906,7.435909913663465,0.00011798858346345753,3.472680470024978,-0.001767335560687311,3.9632294436384874
2012-12-17,1697.0,32.20600128173828,7.436617265234227,0.0007073515707611833,3.4721528103939243,-0.0005276596310537229,3.9644644548403023
2012-12-18,1669.5,31.594999313354492,7.42027945938371,-0.01633780585051703,3.4529988584926916,-0.019153951901232702,3.967280600891018
2012-12-19,1666.5,31.045000076293945,7.418480897747794,-0.0017985616359155188,3.435437767274384,-0.017561091218307734,3.98304313047341
2012-12-20,1644.9000244140625,29.61199951171875,7.40543488592039,-0.013046011827404058,3.3881796680915484,-0.04725809918283552,4.017255217828842
2012-12-21,1659.0999755859375,30.142000198364258,7.414030550934065,0.008595665013674925,3.4059195545784764,0.017739886486928036,4.0081109963555885
2012-12-24,1658.5999755859375,29.839000701904297,7.413729137297422,-0.0003014136366426001,3.395816286232725,-0.01010326834575137,4.017912851064697
2012-12-26,1659.800048828125,29.982999801635742,7.414452421582425,0.0007232842850024568,3.4006305477633623,0.004814261530637243,4.0138218738190625
2012-12-27,1662.5999755859375,30.18400001525879,7.416137906412721,0.001685484830296069,3.407311983167535,0.006681435404172653,4.008825923245186
2012-12-28,1654.9000244140625,29.920000076293945,7.411495877777488,-0.0046420286352324425,3.398527155656208,-0.00878482751132692,4.012968722121281
2012-12-31,1674.800048828125,30.17300033569336,7.423449063299588,0.011953185522100007,3.4069474958794577,0.008420340223249667,4.01650156742013
2013-01-02,1687.9000244140625,30.95199966430664,7.431240446159046,0.007791382859458018,3.4324376065526003,0.025490110673142663,3.998802839606446
2013-01-03,1673.699951171875,30.67099952697754,7.42279199434583,-0.008448451813216629,3.4233175673237715,-0.009120039228828869,3.9994744270220584
2013-01-04,1648.0999755859375,29.895999908447266,7.407378373426675,-0.01541362091915488,3.3977246891208086,-0.025592878202962854,4.009653684305866
2013-01-07,1645.5,30.031999588012695,7.405799568383395,-0.0015788050432803402,3.4022634661258757,0.004538777005067107,4.003536102257518
2013-01-08,1661.5,30.415000915527344,7.415476087794649,0.009676519411254247,3.414935937873847,0.012672471747971148,4.000540149920802
2013-01-09,1654.800048828125,30.201000213623047,7.411435464094221,-0.004040623700428014,3.4078750434887723,-0.007060894385074512,4.0035604206054485
2013-01-10,1677.300048828125,30.875,7.424940665811855,0.01350520171763403,3.4299467949481413,0.022071751459368905,3.9949938708637136
2013-01-11,1660.0,30.367000579833984,7.414572881350589,-0.010367784461266183,3.4133565115801785,-0.016590283367962755,4.00121636977041
2013-01-14,1668.9000244140625,31.079999923706055,7.419920020378192,0.005347139027603198,3.4365645230446864,0.023208011464507905,3.9833554973335055
2013-01-15,1683.4000244140625,31.49799919128418,7.428570851280305,0.008650830902112716,3.44992402607724,0.013359503032553732,3.9786468252030645
2013-01-16,1682.699951171875,31.513999938964844,7.428154896164676,-0.0004159551156286412,3.4504318896030908,0.0005078635258506381,3.977723006561585
2013-01-17,1690.4000244140625,31.785999298095703,7.432720480744619,0.0045655845799430494,3.4590259191924435,0.008594029589352736,3.9736945615521755
2013-01-18,1686.5999755859375,31.902000427246094,7.430469932665228,-0.002250548079390846,3.4626687171427113,0.0036427979502677843,3.967801215522517
2013-01-22,1692.800048828125,32.14699935913086,7.434139270508572,0.0036693378433438895,3.470319113796955,0.0076503966542436075,3.963820156711617
2013-01-23,1686.300048828125,32.409000396728516,7.430292087631915,-0.003847182876657307,3.478436174244264,0.00811706044730931,3.9518559133876505
2013-01-24,1669.5,31.69499969482422,7.42027945938371,-0.010012628248205147,3.4561589301076148,-0.022277244136649443,3.964120529276095
2013-01-25,1656.4000244140625,31.18000030517578,7.412401866410643,-0.007877592973066783,3.4397768734171796,-0.01638205669043513,3.972624992993463
2013-01-28,1652.4000244140625,30.756000518798828,7.40998407029752,-0.002417796113122428,3.4260851140381496,-0.01369175937903,3.9838989562593707
2013-01-29,1660.699951171875,31.159000396728516,7.414994449810572,0.0050103795130516104,3.4391031407937764,0.0130180267556268,3.9758913090167955
2013-01-30,1679.9000244140625,32.152000427246094,7.4264895613492135,0.011495111538641467,3.470474670435221,0.03137152964144452,3.9560148909139925
2013-01-31,1660.5999755859375,31.334999084472656,7.414934247125977,-0.011555314223236302,3.444735654459235,-0.025739015975986046,3.9701985926667422
2013-02-01,1669.4000244140625,31.941999435424805,7.42021957404109,0.00528532691511252,3.4639217405591065,0.019186086099871602,3.956297833481983
2013-02-04,1675.300048828125,31.700000762939453,7.423747561845386,0.0035279878042961954,3.456316704950725,-0.0076050356083814385,3.967430856894661
2013-02-05,1672.4000244140625,31.858999252319336,7.422015014080629,-0.0017325477647567311,3.4613198932013587,0.005003188250633617,3.9606951208792704
2013-02-06,1677.699951171875,31.861000061035156,7.425179057672149,0.003164043591519672,3.4613826932245235,6.280002316483291e-05,3.9637963644476253
2013-02-07,1670.4000244140625,31.386999130249023,7.420818412304018,-0.004360645368130633,3.4463937667378692,-0.014988926486654286,3.974424645566149
2013-02-08,1666.0,31.424999237060547,7.418180822726788,-0.0026375895772305924,3.447603730198206,0.0012099634603366383,3.9705770925285817
2013-02-11,1648.199951171875,30.895000457763672,7.407439032704161,-0.010741790022626319,3.4305943733296984,-0.017009356868507464,3.976844659374463
2013-02-12,1648.699951171875,31.003999710083008,7.407742347950996,0.000303315246834579,3.4341162190683105,0.0035218457386121393,3.9736261288826853
2013-02-13,1644.199951171875,30.854000091552734,7.405009193020839,-0.0027331549301568003,3.429266404557037,-0.004849814511273642,3.975742788463802
2013-02-14,1634.699951171875,30.343000411987305,7.399214550387384,-0.00579464263345475,3.412565861976988,-0.01670054258004905,3.9866486884103964
2013-02-15,1608.800048828125,29.839000701904297,7.383243868809092,-0.015970681578292734,3.395816286232725,-0.016749575744262835,3.9874275825763665
2013-02-19,1603.5999755859375,29.413000106811523,7.380006365543818,-0.0032375032652733893,3.3814367571154396,-0.014379529117285461,3.9985696084283786
2013-02-20,1577.5999755859375,28.614999771118164,7.363659968372925,-0.016346397170893034,3.353931047862399,-0.02750570925304041,4.0097289205105255
2013-02-21,1578.199951171875,28.69499969482422,7.364040205147811,0.0003802367748857449,3.3567228809251706,0.0027918330627714205,4.00731732422264
2013-02-22,1572.4000244140625,28.45599937438965,7.360358409074329,-0.0036817960734820687,3.3483590126609712,-0.008363868264199326,4.011999396413358
2013-02-25,1586.199951171875,28.982999801635742,7.369096466866137,0.008738057791807918,3.3667094443593233,0.018350431698352043,4.002387022506813
2013-02-26,1615.199951171875,29.256000518798828,7.3872140367682375,0.018117569902100783,3.3760846985801543,0.009375254220830964,4.011129338188083
2013-02-27,1595.199951171875,28.94300079345703,7.374754368598167,-0.01245966817007016,3.365328405995715,-0.010756292584439109,4.009425962602452
2013-02-28,1577.699951171875,28.395000457763672,7.363723338314479,-0.011031030283688459,3.346213089450673,-0.01911531654504195,4.017510248863806
2013-03-01,1571.9000244140625,28.451000213623047,7.360040373265754,-0.0036829650487248955,3.348183316847955,0.0019702273972819206,4.011857056417799
2013-03-04,1572.0999755859375,28.457000732421875,7.360167568667882,0.00012719540212824398,3.348394201740108,0.00021088489215292938,4.011773366927774
2013-03-05,1574.5999755859375,28.562999725341797,7.361756535245437,0.0015889665775548067,3.3521121643557903,0.0037179626156822465,4.009644370889647
2013-03-06,1574.5999755859375,28.760000228881836,7.361756535245437,0.0,3.3589855408111853,0.006873376455394986,4.002770994434252
2013-03-07,1574.800048828125,28.767000198364258,7.361883590075504,0.00012705483006669738,3.359228903735203,0.00024336292401772042,4.002654686340301
2013-03-08,1576.5999755859375,28.909000396728516,7.363025893140547,0.0011423030650430377,3.36415297904613,0.004924075310927201,3.9988729140944166
2013-03-11,1577.800048828125,28.812000274658203,7.363786781607956,0.0007608884674095151,3.3607919765598875,-0.0033610024862427146,4.002994805048068
2013-03-12,1591.5,29.131000518798828,7.3724322467221475,0.008645465114191175,3.3718029170618675,0.011010940501980038,4.0006293296602795
2013-03-13,1588.300048828125,28.922000885009766,7.370419571583491,-0.002012675138656661,3.3646025817924814,-0.007200335269386127,4.005816989791009
2013-03-14,1590.5999755859375,28.77199935913086,7.37186656717407,0.0014469955905793697,3.3594026697310535,-0.0051999120614278915,4.012463897443016
2013-03-15,1592.5,28.816999435424805,7.373060387446318,0.001193820272248125,3.3609654711825354,0.00156280145148191,4.0120949162637825
2013-03-18,1604.5999755859375,28.840999603271484,7.38062976810451,0.007569380658191349,3.3617979721237043,0.0008325009411689344,4.018831795980805
2013-03-19,1611.300048828125,28.809999465942383,7.384796615883082,0.004166847778572347,3.3607225305592063,-0.0010754415644980142,4.024074085323876
2013-03-20,1607.5,28.783000946044922,7.382435456111774,-0.002361159771307797,3.359784967949791,-0.0009375626094154654,4.022650488161983
2013-03-21,1613.800048828125,29.179000854492188,7.38634695567102,0.003911499559245968,3.3734493017439213,0.013664333794130457,4.012897653927099
2013-03-22,1606.199951171875,28.666000366210938,7.381626389354582,-0.004720566316438024,3.355711764276121,-0.01773753746780038,4.025914625078461
2013-03-25,1604.5999755859375,28.78499984741211,7.38062976810451,-0.0009966212500724936,3.3598544128268215,0.004142648550700567,4.020775355277689
2013-03-26,1595.800048828125,28.643999099731445,7.375130487472077,-0.005499280632432324,3.3549439657151248,-0.004910447111696747,4.020186521756953
2013-03-27,1606.199951171875,28.57699966430664,7.381626389354582,0.006495901882504818,3.3526021867357176,-0.0023417789794071275,4.0290242026188645
2013-03-28,1594.800048828125,28.29199981689453,7.374503646124283,-0.007122743230299378,3.342579072701756,-0.010023114033961722,4.031924573422527
2013-04-01,1600.0,27.913000106811523,7.3777589082278725,0.003255262103589729,3.3290925339537867,-0.013486538747969234,4.048666374274086
2013-04-02,1575.0999755859375,27.216999053955078,7.362074025807682,-0.015684882420190505,3.3038417433114544,-0.025250790642332266,4.058232282496228
2013-04-03,1552.800048828125,26.773000717163086,7.347815063300012,-0.014258962507669892,3.2873939437854047,-0.01644779952604969,4.060421119514608
2013-04-04,1551.800048828125,26.74799919128418,7.347170857925324,-0.0006442053746882337,3.286459673957104,-0.0009342698283005824,4.06071118396822
2013-04-05,1575.4000244140625,27.201000213623047,7.36226450276628,0.015093644840955989,3.3032537451855286,0.016794071228424468,4.059010757580751
2013-04-08,1572.0,27.1200008392334,7.360103972989152,-0.002160529777127884,3.3002714940173785,-0.0029822511681500963,4.0598324789717735
2013-04-09,1586.199951171875,27.865999221801758,7.369096466866137,0.008992493876984753,3.3274072797649574,0.02713578574757891,4.041689187101179
2013-04-10,1558.300048828125,27.638999938964844,7.3513507937857945,-0.01774567308034225,3.3192278165866065,-0.008179463178350943,4.032122977199188
2013-04-11,1564.300048828125,27.684999465942383,7.355193749781765,0.0038429559959709536,3.3208907309844258,0.0016629143978192928,4.03430301879734
2013-04-12,1501.0,26.32200050354004,7.313886831633462,-0.04130691814830367,3.2704051105421383,-0.05048562044228744,4.043481721091323
2013-04-15,1360.5999755859375,23.354999542236328,7.21568103996736,-0.09820579166610166,3.1508110743538285,-0.11959403618830988,4.064869965613532
2013-04-16,1386.800048828125,23.621999740600586,7.234754249020073,0.019073209052712592,3.1621784702083917,0.011367395854563256,4.0725757788116805
2013-04-17,1382.199951171875,23.301000595092773,7.231431676330912,-0.0033225726891608076,3.148496303644986,-0.013682166563405929,4.082935372685926
2013-04-18,1392.0,23.23900032043457,7.238496840894365,0.007065164563453408,3.145831915586684,-0.0026643880583017143,4.092664925307681
2013-04-19,1395.300048828125,22.954999923706055,7.240864759892875,0.0023679189985097437,3.1335357743775547,-0.012296141209129363,4.10732898551532
2013-04-22,1421.0,23.31999969482422,7.259116128097101,0.01825136820422557,3.1493113483958517,0.01577557401829699,4.109804779701249
2013-04-23,1408.5999755859375,22.812999725341797,7.250351564979162,-0.008764563117938273,3.12733053687119,-0.021980811524661803,4.123021028107972
2013-04-24,1423.4000244140625,22.82900047302246,7.260803672017104,0.010452107037941971,3.1280316782877193,0.0007011414165294383,4.132771993729385
2013-04-25,1461.800048828125,24.139999389648438,7.28742386544903,0.026620193431925898,3.183870190385559,0.05583851209783974,4.103553675063472
2013-04-26,1453.5999755859375,23.757999420166016,7.281798500286376,-0.005625365162654106,3.167919291461506,-0.015950898924053103,4.11387920882487
2013-04-29,1467.4000244140625,24.121999740600586,7.291247422917527,0.009448922631150936,3.1831242764074066,0.015204984945900613,4.1081231465101204
2013-04-30,1472.199951171875,24.143999099731445,7.294513126457831,0.003265703540304088,3.1840358647380276,0.0009115883306209938,4.1104772617198035
2013-05-01,1446.300048828125,23.30500030517578,7.2767638838404025,-0.017749242617428607,3.148667942919567,-0.0353679218184606,4.1280959409208355
2013-05-02,1467.699951171875,23.790000915527344,7.291451795348689,0.014687911508286078,3.1692653627985705,0.020597419879003542,4.122186432550118
2013-05-03,1464.300048828125,23.975000381469727,7.289132624906922,-0.0023191704417664383,3.177011636680648,0.007746273882077492,4.112120988226274
2013-05-06,1468.0999755859375,23.917999267578125,7.291724310115715,0.0025916852087926046,3.174631282924411,-0.002380353756236797,4.117093027191304
2013-05-07,1449.0,23.770999908447266,7.278628942320682,-0.013095367795032509,3.168466346471673,-0.006164936452738079,4.110162595849009
2013-05-08,1473.9000244140625,23.892000198364258,7.295667244406972,0.017038302086289647,3.1735436831725985,0.005077336700925361,4.122123561234373
2013-05-09,1468.800048828125,23.878999710083008,7.292201053109775,-0.003466191297197163,3.172999399459588,-0.0005442837130105183,4.119201653650187
2013-05-10,1436.800048828125,23.631999969482422,7.270173731531875,-0.022027321577899883,3.1626017244976574,-0.010397674961930559,4.107572007034218
2013-05-13,1434.5,23.670000076293945,7.268571635421419,-0.0016020961104556974,3.1642084267491266,0.0016067022514691942,4.104363208672293
2013-05-14,1424.699951171875,23.354999542236328,7.261716509950619,-0.0068551254707998055,3.1508110743538285,-0.013397352395298157,4.110905435596791
2013-05-15,1396.5,22.64299964904785,7.241724385385232,-0.01999212456538757,3.119850737891018,-0.03096033646281038,4.121873647494214
2013-05-16,1387.0999755859375,22.64299964904785,7.234970498168449,-0.006753887216782495,3.119850737891018,0.0,4.115119760277431
2013-05-17,1364.9000244140625,22.339000701904297,7.21883646274922,-0.01613403541922942,3.1063340613023644,-0.013516676588653631,4.112502401446855
2013-05-20,1384.300048828125,22.56800079345703,7.23294991096648,0.014113448217259794,3.1165330088581946,0.010198947555830173,4.116416902108285
2013-05-21,1377.800048828125,22.441999435424805,7.228243338598292,-0.004706572368188056,3.110934178085594,-0.005598830772600483,4.117309160512697
2013-05-22,1367.5999755859375,22.45800018310547,7.220812639913389,-0.007430698684902204,3.111646906303587,0.0007127282179930639,4.109165733609802
2013-05-23,1392.0,22.493999481201172,7.238496840894365,0.017684200980975895,3.1132485839179536,0.0016016776143663591,4.125248256976412
2013-05-24,1386.800048828125,22.48200035095215,7.234754249020073,-0.0037425918742926,3.1127150046499668,-0.0005335792679868057,4.1220392443701055
2013-05-28,1379.0999755859375,22.18000030517578,7.229186373777397,-0.005567875242675768,3.099190995681273,-0.013524008968693657,4.129995378096124
2013-05-29,1391.300048828125,22.44499969482422,7.237993875943155,0.008807502165757874,3.1110678586372913,0.011876862956018197,4.1269260173058635
2013-05-30,1411.5,22.673999786376953,7.252408247693544,0.014414371750389066,3.121218884173909,0.01015102553661773,4.131189363519635
2013-05-31,1392.5999755859375,22.22800064086914,7.238927764977165,-0.01348048271637925,3.1013527842492894,-0.01986609992461963,4.137574980727875
2013-06-03,1411.699951171875,22.71500015258789,7.252549896301979,0.013622131324814823,3.123025505928861,0.021672721679571794,4.129524390373119
2013-06-04,1397.0999755859375,22.399999618530273,7.242153921181627,-0.010395975120352396,3.1090609418310957,-0.013964564097765475,4.133092979350531
2013-06-05,1398.4000244140625,22.46500015258789,7.24308402235984,0.0009301011782127944,3.111958549314373,0.002897607483277387,4.131125473045467
2013-06-06,1415.699951171875,22.701000213623047,7.255379352910005,0.012295330550164962,3.1224089857907864,0.010450436476413305,4.132970367119219
2013-06-07,1383.0,21.73699951171875,7.232010331664759,-0.023369021245246202,3.0790158552275892,-0.04339313056319716,4.152994476437169
2013-06-10,1386.199951171875,21.92099952697754,7.2343214342594395,0.002311102594680925,3.0874450598986827,0.008429204671093427,4.146876374360756
2013-06-11,1377.0,21.645000457763672,7.227662498728654,-0.006658935530785115,3.0747745020426462,-0.012670557856036435,4.152887996686008
2013-06-12,1391.800048828125,21.79599952697754,7.238353187493466,0.010690688764811718,3.0817264450185915,0.006951942975945258,4.156626742474875
2013-06-13,1377.5999755859375,21.582000732421875,7.228098115951296,-0.010255071542170313,3.071859667878242,-0.009866777140349559,4.156238448073054
2013-06-14,1387.300048828125,21.952999114990234,7.235114726283194,0.007016610331898043,3.0889037641279433,0.01704409624970138,4.1462109621552505
2013-06-17,1382.800048828125,21.756999969482422,7.231865743358522,-0.003248982924671573,3.0799355434334097,-0.008968220694533624,4.151930199925113
2013-06-18,1366.5999755859375,21.676000595092773,7.220081164481858,-0.011784578876664398,3.0762056851578614,-0.003729858275548281,4.143875479323997
2013-06-19,1373.5999755859375,21.621999740600586,7.225190291809487,0.005109127327629359,3.0737113028735665,-0.0024943822842948826,4.151478988935921
2013-06-20,1285.9000244140625,19.82200050354004,7.159214160262366,-0.06597613154712167,2.986792457387606,-0.08691884548596063,4.172421702874759
2013-06-21,1291.5999755859375,19.95800018310547,7.163637019981935,0.004422859719569239,2.993630074636661,0.006837617249054961,4.170006945345274
2013-06-24,1276.800048828125,19.493000030517578,7.152112264938123,-0.011524755043812007,2.970055428329574,-0.023574646307086944,4.182056836608549
2013-06-25,1274.800048828125,19.525999069213867,7.150544620845758,-0.0015676440923648727,2.971746863134415,0.0016914348048411298,4.178797757711343
2013-06-26,1229.5999755859375,18.586999893188477,7.114444172369097,-0.036100448476660496,2.9224624058796445,-0.0492844572547706,4.191981766489453
2013-06-27,1211.4000244140625,18.533000946044922,7.09953201470044,-0.0149121576686575,2.919552977861679,-0.002909428017965343,4.179979036838761
2013-06-28,1223.800048828125,19.451000213623047,7.1097160909272175,0.010184076226777528,2.9678984936071804,0.04834551574550128,4.141817597320037
2013-07-01,1255.9000244140625,19.559999465942383,7.1356077454635765,0.025891654536359,2.973486637303112,0.0055881436959315245,4.1621211081604645
2013-07-02,1243.5999755859375,19.29800033569336,7.125765658552834,-0.009842086910742509,2.9600014809934327,-0.01348515630967917,4.165764177559401
2013-07-03,1252.0999755859375,19.68899917602539,7.132577401176409,0.006811742623574979,2.9800600623102045,0.02005858131677174,4.152517338866204
2013-07-05,1212.9000244140625,18.72599983215332,7.100769485443504,-0.0318079157329052,2.9299129235534016,-0.05014713875680288,4.170856561890102
2013-07-08,1234.9000244140625,19.024999618530273,7.118745293893849,0.01797580845034563,2.9457538836967783,0.01584096014337666,4.172991410197071
2013-07-09,1245.9000244140625,19.125,7.127613458900341,0.00886816500649168,2.9509963797125995,0.005242496015821274,4.176617079187741
2013-07-10,1247.4000244140625,19.150999069213867,7.128816683663982,0.0012032247636408755,2.9523548849819394,0.0013585052693398936,4.176461798682043
2013-07-11,1280.0999755859375,19.94300079345703,7.154693459790067,0.02587677612608541,2.992878244357326,0.04052335937538665,4.161815215432741
2013-07-12,1277.800048828125,19.77899932861328,7.152895166380893,-0.0017982934091742564,2.98462073485485,-0.008257509502476168,4.168274431526044
2013-07-15,1283.800048828125,19.826000213623047,7.157579746911736,0.0046845805308430855,2.9869942183855995,0.0023734835307496205,4.170585528526137
2013-07-16,1290.800048828125,19.92300033569336,7.1630174980056065,0.005437751093870347,2.991874860076225,0.00488064169062552,4.171142637929382
2013-07-17,1277.9000244140625,19.409000396728516,7.152973403719487,-0.010044094286119076,2.9657368964590307,-0.026137963617194337,4.187236507260456
2013-07-18,1284.5999755859375,19.375999450683594,7.1582026458185055,0.005229242099018094,2.964035158460385,-0.0017017379986459247,4.19416748735812
2013-07-19,1293.300048828125,19.447999954223633,7.164952408175876,0.006749762357370237,2.9677442346600396,0.0037090761996547705,4.197208173515836
2013-07-22,1336.4000244140625,20.49799919128418,7.19773472875113,0.03278232057525443,3.020327280955969,0.05258304629592958,4.1774074477951615
2013-07-23,1335.0999755859375,20.246000289916992,7.196761456109732,-0.0009732726413984594,3.007957257496277,-0.012370023459692181,4.188804198613455
2013-07-24,1319.699951171875,20.013999938964844,7.185159680023371,-0.011601776086361149,2.9964320256186414,-0.011525231877635544,4.18872765440473
2013-07-25,1329.0,20.14699935913086,7.192182058713246,0.007022378689875097,3.003055362124116,0.00662333650547442,4.189126696589129
2013-07-26,1321.699951171875,19.764999389648438,7.1866740288203355,-0.005508029892910216,2.983912665868225,-0.019142696255890712,4.20276136295211
2013-07-29,1328.4000244140625,19.854000091552734,7.191730507881139,0.005056479060803198,2.9884055027788294,0.004492836910604314,4.203325005102309
2013-07-30,1324.0,19.666000366210938,7.188412736496954,-0.0033177713841849865,2.9788912749794907,-0.009514227799338748,4.209521461517463
2013-07-31,1312.4000244140625,19.617000579833984,7.179612819689554,-0.008799916807399555,2.976396566804978,-0.0024947081745128052,4.203216252884577
2013-08-01,1311.0,19.614999771118164,7.1785454837637,-0.0010673359258541737,2.9762945679928015,-0.00010199881217642925,4.2022509157708985
2013-08-02,1310.5999755859375,19.902999877929688,7.178240307977239,-0.0003051757864609428,2.9908704680038216,0.01457590001102016,4.187369839973417
2013-08-05,1302.5999755859375,19.711000442504883,7.172117527369738,-0.006122780607500822,2.9811768779944336,-0.009693590009387965,4.190940649375305
2013-08-06,1283.199951171875,19.514999389648438,7.157112199060406,-0.0150053283093321,2.9711833693565564,-0.00999350863787729,4.185928829703849
2013-08-07,1286.0999755859375,19.49799919128418,7.15936964328902,0.0022574442286140695,2.9703118547302187,-0.0008715146263376106,4.189057788558801
2013-08-08,1310.699951171875,20.18400001525879,7.178316587372028,0.0189469440830079,3.004890212094741,0.034578357364522194,4.1734263752772875
2013-08-09,1312.9000244140625,20.39900016784668,7.179993728535588,0.001677141163559881,3.015485888269009,0.010595676174268043,4.1645078402665785
2013-08-12,1334.699951171875,21.332000732421875,7.196461789896509,0.016468061360921382,3.0602083270727767,0.044722438803767695,4.136253462823733
2013-08-13,1321.199951171875,21.336000442504883,7.186295656559228,-0.010166133337281558,3.060395807619537,0.0001874805467600993,4.1258998489396905
2013-08-14,1334.0,21.7810001373291,7.195937226475569,0.00964156991634102,3.0810380364380863,0.02064222881854949,4.114899190037482
2013-08-15,1361.5999755859375,22.929000854492188,7.216415739888688,0.020478513413118904,3.1324025221957315,0.051364485757645184,4.084013217692956
2013-08-16,1371.699951171875,23.316999435424805,7.223806089887565,0.007390349998876999,3.1491826840538266,0.016780161858095166,4.074623405833738
2013-08-19,1366.199951171875,23.160999298095703,7.219788406557648,-0.004017683329916366,3.1424697993601343,-0.006712884693692356,4.077318607197514
2013-08-20,1373.0999755859375,23.06599998474121,7.224826218547455,0.005037811989806684,3.1383596711422195,-0.004110128217914788,4.0864665474052355
2013-08-21,1370.5999755859375,22.95800018310547,7.22300386133904,-0.0018223572084146156,3.1336664676189767,-0.004693203523242762,4.089337393720063
2013-08-22,1371.199951171875,23.030000686645508,7.223441512233738,0.0004376508946979385,3.1367977436478562,0.003131276028879526,4.086643768585882
2013-08-23,1395.699951171875,23.732999801635742,7.241151325529913,0.01770981329617438,3.166866476349207,0.030068732701350687,4.074284849180706
2013-08-26,1393.0,24.007999420166016,7.239214973779806,-0.0019363517501069794,3.178387083986367,0.011520607637160118,4.060827889793439
2013-08-27,1420.5999755859375,24.64900016784668,7.258834579377969,0.019619605598163226,3.204736338523951,0.026349254537584077,4.054098240854017
2013-08-28,1419.0,24.388999938964844,7.257707677160043,-0.0011269022179263288,3.194132208474716,-0.010604130049235216,4.063575468685327
2013-08-29,1412.9000244140625,24.09000015258789,7.253399626051161,-0.00430805110888155,3.1817968229608558,-0.012335385513860153,4.071602803090306
2013-08-30,1396.0999755859375,23.46299934387207,7.241437896507271,-0.011961729543889632,3.155424684323217,-0.026372138637638542,4.086013212184055
2013-09-03,1412.0,24.381999969482422,7.252762418053187,0.0113245215459159,3.193845153891311,0.03842046956809364,4.0589172641618765
2013-09-04,1389.9000244140625,23.368999481201172,7.23698709865605,-0.01577531939713772,3.1514103355333685,-0.04243481835794238,4.085576763122681
2013-09-05,1373.0999755859375,23.20599937438965,7.224826218547455,-0.012160880108594618,3.144410838966362,-0.006999496567006602,4.080415379581093
2013-09-06,1386.699951171875,23.841999053955078,7.234682067548074,0.009855849000619088,3.1714486916160456,0.027037852649683725,4.063233375932029
2013-09-09,1386.800048828125,23.667999267578125,7.234754249020073,7.218147199861136e-05,3.1641238938687875,-0.007324797747258138,4.070630355151286
2013-09-10,1364.0999755859375,22.965999603271484,7.218250131601514,-0.016504117418558728,3.1340148440793953,-0.030109049789392106,4.084235287522119
2013-09-11,1363.9000244140625,23.121000289916992,7.218103539833014,-0.00014659176849995958,3.140741308003086,0.006726463923690584,4.0773622318299285
2013-09-12,1330.4000244140625,22.099000930786133,7.193234946229636,-0.024868593603377676,3.0955324007500926,-0.04520890725299331,4.097702545479544
2013-09-13,1308.4000244140625,21.670000076293945,7.176560314323708,-0.01667463190592855,3.075928819068985,-0.019603581681107762,4.1006314952547225
2013-09-16,1317.9000244140625,21.96299934387207,7.183794858174817,0.007234543851109443,3.089359189458375,0.013430370389390323,4.094435668716442
2013-09-17,1309.5,21.735000610351562,7.1774006639477665,-0.006394194227050676,3.0789238925222624,-0.010435296936112781,4.098476771425505
2013-09-18,1307.800048828125,21.513999938964844,7.176101652463254,-0.0012990114845123912,3.0687038831728164,-0.010220009349446002,4.107397769290438
2013-09-19,1369.4000244140625,23.242000579833984,7.222127984515254,0.046026332051999574,3.145961011748362,0.07725712857554567,4.076166972766892
2013-09-20,1332.5,21.875999450683594,7.194812156039999,-0.027315828475254378,3.0853901203740666,-0.0605708913742955,4.109422035665933
2013-09-23,1326.9000244140625,21.80500030517578,7.1906006919417145,-0.004211464098284878,3.0821393152904086,-0.003250805083657937,4.108461376651306
2013-09-24,1316.0,21.538999557495117,7.182352111885263,-0.008248580056451793,3.069865224850862,-0.012274090439546637,4.1124868870344
2013-09-25,1335.9000244140625,21.83799934387207,7.197360519271133,0.015008407385870726,3.0836515415466352,0.013786316695773237,4.113708977724498
2013-09-26,1323.5999755859375,21.719999313354492,7.18811055760226,-0.009249961668873041,3.078233463452221,-0.0054180780944141915,4.10987709415004
2013-09-27,1338.4000244140625,21.783000946044922,7.199230167913845,0.01111961031158426,3.081129892496642,0.0028964290444211116,4.118100275417202
2013-09-30,1326.5,21.6560001373291,7.190299173577794,-0.008930994336050269,3.075282558653388,-0.005847333843254088,4.115016614924406
2013-10-01,1286.0,21.124000549316406,7.1592919047975645,-0.031007268780229857,3.050409860849061,-0.024872697804326993,4.108882043948503
2013-10-02,1320.5999755859375,21.84600067138672,7.185841439273372,0.026549534475807768,3.084017869154058,0.03360800830499677,4.101823570119315
2013-10-03,1317.4000244140625,21.73900032043457,7.183415394738597,-0.0024260445347756843,3.0791078972151205,-0.004909971938937385,4.104307497523476
2013-10-04,1309.699951171875,21.704999923706055,7.177553345053441,-0.005862049685156023,3.077542645236517,-0.0015652519786035768,4.100010699816924
2013-10-07,1324.800048828125,22.339000701904297,7.189016820487973,0.011463475434532633,3.1063340613023644,0.028791416065847564,4.082682759185609
2013-10-08,1324.199951171875,22.39699935913086,7.188563745617067,-0.00045307487090617826,3.1089269927062717,0.0025929314039072615,4.079636752910796
2013-10-09,1306.9000244140625,21.84600067138672,7.175413218283886,-0.013150527333181117,3.084017869154058,-0.024909123552213863,4.091395349129828
2013-10-10,1296.5999755859375,21.850000381469727,7.167500713911601,-0.007912504372284523,3.084200939000168,0.00018306984611005106,4.083299774911433
2013-10-11,1268.0,21.21500015258789,7.145196134997171,-0.022304578914430273,3.0547084858467413,-0.029492453153426634,4.09048764915043
2013-10-14,1276.4000244140625,21.309999465942383,7.15179891353137,0.006602778534198883,3.059176421049164,0.004467935202422613,4.0926224924822066
2013-10-15,1273.0,21.145999908447266,7.149131598557407,-0.0026673149739631086,3.0514507579807812,-0.007725663068382627,4.097680840576626
2013-10-16,1282.0,21.31999969482422,7.156176637480615,0.007045038923208402,3.0596455849835826,0.008194827002801386,4.096531052497033
2013-10-17,1322.699951171875,21.902999877929688,7.187430344116506,0.031253706635890666,3.0866236081688347,0.02697802318525211,4.100806735947671
2013-10-18,1314.4000244140625,21.868999481201172,7.18113558529736,-0.006294758819145763,3.085070085183161,-0.0015535229856737942,4.096065500114199
2013-10-21,1315.699951171875,22.232999801635742,7.182124085259893,0.0009884999625331403,3.101577662715267,0.016507577532105966,4.080546422544627
2013-10-22,1342.5,22.753999710083008,7.20228882638302,0.020164741123126717,3.124740941376161,0.023163278660894182,4.077547885006859
2013-10-23,1333.9000244140625,22.582000732421875,7.195862279449766,-0.0064265469332536185,3.11715316119221,-0.0075877801839512315,4.0787091182575566
2013-10-24,1350.199951171875,22.785999298095703,7.208007972444146,0.012145692994379509,3.1261462814717325,0.008993120279522593,4.0818616909724135
2013-10-25,1352.4000244140625,22.60300064086914,7.209636088886128,0.0016281164419824634,3.1180826691847288,-0.008063612287003696,4.0915534197014
2013-10-28,1352.0,22.49799919128418,7.20934025660291,-0.0002958322832187221,3.113426380424513,-0.004656288760215954,4.095913876178397
2013-10-29,1345.199951171875,22.45199966430664,7.204297943568073,-0.0050423130348367096,3.111379682128351,-0.0020466982961617752,4.092918261439722
2013-10-30,1349.0,22.945999145507812,7.207118856207756,0.00282091263968276,3.133143592137685,0.021763910009334086,4.073975264070071
2013-10-31,1323.5999755859375,21.832000732421875,7.18811055760226,-0.019008298605495355,3.0833768169541256,-0.04976677518355954,4.104733740648134
2013-11-01,1313.0999755859375,21.804000854492188,7.180146014272268,-0.007964543329991969,3.0820934783917324,-0.0012833385623931548,4.0980525358805355
2013-11-04,1314.5999755859375,21.67799949645996,7.181287697258,0.0011416829857315847,3.0762978981653983,-0.005795580226334085,4.104989799092602
2013-11-05,1308.0,21.61400032043457,7.176254532017144,-0.00503316524085573,3.0733412677062986,-0.002956630459099774,4.102913264310846
2013-11-06,1317.699951171875,21.746000289916992,7.183643034495636,0.007388502478491432,3.0794298459075264,0.006088578201227879,4.104213188588109
2013-11-07,1308.4000244140625,21.638999938964844,7.176560314323708,-0.007082720171927903,3.074497239369036,-0.004932606538490258,4.102063074954671
2013-11-08,1284.5,21.30699920654297,7.158124816549939,-0.01843549777376907,3.059035619983963,-0.015461619385073178,4.099089196565975
2013-11-11,1281.0,21.27199935913086,7.155396301896734,-0.0027285146532047833,3.057391623813361,-0.001643996170602069,4.098004678083373
2013-11-12,1271.0999755859375,20.76799964904785,7.147637927093588,-0.007758374803145784,3.033413323622982,-0.023978300190378832,4.114224603470606
2013-11-13,1268.300048828125,20.43199920654297,7.14543273857226,-0.0022051885213283384,3.0171022604561464,-0.016311063166835726,4.128330478116114
2013-11-14,1286.199951171875,20.711999893188477,7.159447375737673,0.01401463716541329,3.030713237292249,0.013610976836102573,4.128734138445424
2013-11-15,1287.300048828125,20.716999053955078,7.160302318596237,0.0008549428585640229,3.0309545735986,0.00024133630635114756,4.129347744997637
2013-11-18,1272.199951171875,20.349000930786133,7.1485029258638475,-0.011799392732389613,3.013031816373175,-0.017922757225425023,4.135471109490672
2013-11-19,1273.4000244140625,20.326000213623047,7.149445786755268,0.0009428608914205938,3.0119008652254164,-0.0011309511477586298,4.137544921529852
2013-11-20,1257.9000244140625,20.049999237060547,7.137198962253414,-0.01224682450185366,2.9982291157007346,-0.013671749524681864,4.13896984655268
2013-11-21,1243.5,19.92799949645996,7.12568526324346,-0.011513699009954692,2.9921257526919125,-0.0061033630088220825,4.133559510551548
2013-11-22,1244.0,19.856000900268555,7.126087273299125,0.0004020100556649808,2.988506273802125,-0.0036194788897874197,4.137580999497
2013-11-25,1241.0999755859375,19.8799991607666,7.123753342464165,-0.0023339308349594745,2.9897141590134675,0.0012078852113424077,4.134039183450698
2013-11-26,1241.4000244140625,19.84600067138672,7.123995073646108,0.00024173118194248389,2.9880025093218747,-0.0017116496915927648,4.1359925643242335
2013-11-27,1237.800048828125,19.632999420166016,7.121090928752768,-0.0029041448933400105,2.97721179438297,-0.0107907149389046,4.143879134369797
2013-11-29,1250.5999755859375,19.981000900268555,7.131378695611318,0.01028776685854993,2.994781867074226,0.017570072691255767,4.136596828537092
2013-12-02,1222.300048828125,19.232999801635742,7.108489648730958,-0.02288904688035931,2.956627543359485,-0.03815432371474081,4.151862105371473
2013-12-03,1221.699951171875,19.01099967956543,7.1079985704426525,-0.0004910782883058573,2.9450177421542705,-0.011609801205214598,4.162980828288382
2013-12-04,1248.199951171875,19.77400016784668,7.129457753381111,0.021459182938458277,2.9843679519631925,0.03935020980892201,4.145089801417918
2013-12-05,1233.199951171875,19.513999938964844,7.1173676564173425,-0.012090096963768282,2.971132153557996,-0.013235798405196508,4.146235502859346
2013-12-06,1230.300048828125,19.46500015258789,7.115013360754105,-0.0023542956632374157,2.968617988901509,-0.0025141646564867948,4.146395371852596
2013-12-09,1235.300048828125,19.643999099731445,7.119069174070109,0.00405581331600402,2.97777190234781,0.009153913446300788,4.1412972717222996
2013-12-10,1262.4000244140625,20.256000518798828,7.1407699694310125,0.021700795360903413,3.0084510715738717,0.03067916922606173,4.132318897857141
2013-12-11,1258.5,20.29800033569336,7.1376758145753705,-0.0030941548556420173,3.0105223755648742,0.0020713039910025266,4.127153439010496
2013-12-12,1226.0,19.402000427246094,7.111512116496157,-0.026163698079213482,2.965376175559816,-0.0451462000050582,4.146135940936341
2013-12-13,1235.699951171875,19.55900001525879,7.119392850595598,0.0078807340994409,2.9734355393355223,0.008059363775706263,4.145957311260076
2013-12-16,1245.5,20.048999786376953,7.127292334702235,0.007899484106637544,2.998179266541995,0.024743727206472776,4.12911306816024
2013-12-17,1231.199951171875,19.79199981689453,7.115744542865698,-0.011547791836537868,2.985277806398643,-0.01290146014335214,4.130466736467055
2013-12-18,1236.0999755859375,20.013999938964844,7.119716521142897,0.003971978277199639,2.9964320256186414,0.011154219219998485,4.123284495524256
2013-12-19,1195.0,19.14299964904785,7.085901464365611,-0.03381505677728658,2.951937095221135,-0.044494930397506405,4.133964369144476
2013-12-20,1205.0999755859375,19.417999267578125,7.094317809774394,0.008416345408783776,2.966200433229244,0.014263338008109194,4.12811737654515
2013-12-23,1198.4000244140625,19.378000259399414,7.08874263313517,-0.005575176639224466,2.9641384153490966,-0.002062017880147593,4.124604217786073
2013-12-24,1205.0999755859375,19.452999114990234,7.094317809774394,0.005575176639224466,2.968001254320909,0.003862838971812277,4.126316555453485
2013-12-26,1214.0999755859375,19.885000228881836,7.101758320441156,0.007440510666761213,2.98996569016993,0.02196443584902097,4.111792630271226
2013-12-27,1216.0999755859375,20.01300048828125,7.103404275911251,0.0016459554700949397,2.9963820867936914,0.006416396623761589,4.10702218911756
2013-12-30,1203.0999755859375,19.58099937438965,7.092656817746849,-0.010747458164401813,2.9745596763713222,-0.02182241042236921,4.118097141375527
2013-12-31,1201.9000244140625,19.339000701904297,7.0916589372716325,-0.0009978804752162063,2.9621238186749173,-0.012435857696404984,4.129535118596715
2014-01-02,1225.0,20.097999572753906,7.110696122978827,0.01903718570719448,3.000620286368627,0.038496467693709846,4.1100758366102
2014-01-03,1238.4000244140625,20.18199920654297,7.12157552254966,0.010879399570833392,3.004791078727252,0.00417079235862472,4.116784443822409
2014-01-06,1237.800048828125,20.07699966430664,7.121090928752768,-0.0004845937968926961,2.999574864551146,-0.005216214176105627,4.1215160642016215
2014-01-07,1229.4000244140625,19.764999389648438,7.114281544331427,-0.006809384421340603,2.983912665868225,-0.01566219868292107,4.1303688784632016
2014-01-08,1225.300048828125,19.51799964904785,7.110941030805335,-0.003340513526092437,2.9713370987383207,-0.012575567129904375,4.139603932067014
2014-01-09,1229.300048828125,19.663000106811523,7.114200220393562,0.0032591895882276845,2.978738702609527,0.007401603871206142,4.1354615177840355
2014-01-10,1246.699951171875,20.201000213623047,7.128255300185031,0.014055079791468472,3.0057321187071993,0.026993416097672362,4.122523181477831
2014-01-13,1250.9000244140625,20.361000061035156,7.131618590737893,0.003363290552861997,3.013621309387381,0.007889190680181901,4.117997281350512
2014-01-14,1245.199951171875,20.250999450683594,7.127051399354374,-0.004567191383518576,3.0082041479239146,-0.005417161463466602,4.118847251430459
2014-01-15,1238.0999755859375,20.10300064086914,7.121333205707671,-0.005718193646703007,3.000869089538422,-0.007335058385492754,4.1204641161692495
2014-01-16,1240.0,20.024999618530273,7.122866658599083,0.001533452891411713,2.9969814739047487,-0.003887615633673125,4.125885184694335
2014-01-17,1251.699951171875,20.267000198364258,7.13225786732453,0.009391208725446631,3.008993957324725,0.012012483419976405,4.123263909999805
2014-01-21,1242.300048828125,19.83799934387207,7.124719818524247,-0.007538048800282304,2.9875992572495034,-0.021394700075221706,4.1371205612747435
2014-01-22,1239.0,19.80900001525879,7.122059881629142,-0.0026599368951050195,2.98613638065084,-0.0014628765986635095,4.135923500978302
2014-01-23,1262.5999755859375,19.986000061035156,7.140928346597185,0.018868464968043064,2.9950320314934933,0.008895650842653424,4.145896315103692
2014-01-24,1264.5,19.743000030517578,7.14243206611002,0.001503719512834678,2.9827989996878332,-0.012233031805660044,4.159633066422186
2014-01-27,1263.5999755859375,19.770999908447266,7.141720049606893,-0.000712016503126911,2.9842162129620857,0.0014172132742524823,4.157503836644807
2014-01-28,1251.0,19.482999801635742,7.1316985104669115,-0.010021539139981606,2.969542280282348,-0.0146739326797376,4.162156230184563
2014-01-29,1262.199951171875,19.533000946044922,7.1406114704652035,0.008912959998292003,2.972105391355994,0.0025631110736457074,4.16850607910921
2014-01-30,1242.199951171875,19.111000061035156,7.124639240817421,-0.01597222964778222,2.9502640887005627,-0.02184130265543116,4.174375152116859
2014-01-31,1240.0999755859375,19.104999542236328,7.122947280821554,-0.0016919599958669096,2.949950056938451,-0.00031403176211153294,4.172997223883103
2014-02-03,1260.4000244140625,19.388999938964844,7.13918442925321,0.01623714843165569,2.964705891800941,0.01475583486248988,4.174478537452269
2014-02-04,1251.699951171875,19.402000427246094,7.13225786732453,-0.006926561928680464,2.965376175559816,0.0006702837588750121,4.166881691764713
2014-02-05,1257.300048828125,19.78499984741211,7.136721882434834,0.004464015110304587,2.984924067125086,0.019547891565269815,4.151797815309749
2014-02-06,1257.5999755859375,19.908000946044922,7.136960402261725,0.0002385198268903821,2.9911217085171486,0.006197641392062803,4.145838693744576
2014-02-07,1263.300048828125,19.920000076293945,7.141482662487242,0.004522260225517272,2.9917242559864694,0.0006025474693207578,4.149758406500773
2014-02-10,1274.800048828125,20.099000930786133,7.150544620845758,0.009061958358516087,3.0006701088936856,0.008945852907216167,4.149874511952072
2014-02-11,1290.0999755859375,20.14299964904785,7.162474994806928,0.011930373961170027,3.0028568160732543,0.002186707179568703,4.159618178733673
2014-02-12,1295.300048828125,20.33099937438965,7.166497645232592,0.004022650425664409,3.012146784050832,0.009289967977577529,4.154350861181761
2014-02-13,1300.4000244140625,20.385000228881836,7.170427207204021,0.003929561971428797,3.0147993474991703,0.0026525634483385296,4.15562785970485
2014-02-14,1319.0,21.410999298095703,7.1846291527173145,0.014201945513293346,3.063904775874624,0.04910542837545373,4.12072437684269
2014-02-18,1324.699951171875,21.891000747680664,7.188941260830455,0.004312108113140312,3.0860756276062977,0.022170851731673658,4.102865633224157
2014-02-19,1320.5999755859375,21.8439998626709,7.185841439273372,-0.0030998215570825494,3.083926278003096,-0.002149349603201678,4.101915161270276
2014-02-20,1317.0999755859375,21.67799949645996,7.183187610468775,-0.0026538288045969693,3.0762978981653983,-0.0076283798376977074,4.106889712303377
2014-02-21,1323.9000244140625,21.777000427246094,7.188337223384628,0.005149612915852586,3.080854386589957,0.00455648842455858,4.107482836794671
2014-02-24,1338.300048828125,22.047000885009766,7.199155467287515,0.01081824390288677,3.0931765783568017,0.012322191766844792,4.1059788889307125
2014-02-25,1343.0,21.959999084472656,7.202661196523238,0.0035057292357230097,3.0892225749506483,-0.003954003406153372,4.113438621572589
2014-02-26,1328.199951171875,21.253999710083008,7.191579884343983,-0.011081312179254788,3.0565450993099184,-0.03267747564072998,4.1350347850340645
2014-02-27,1331.5999755859375,21.31399917602539,7.194136487366488,0.002556603022505044,3.0593640951399195,0.002818995830001114,4.1347723922265684
2014-02-28,1321.4000244140625,21.20400047302246,7.186447078071692,-0.007689409294796334,3.0541898654337305,-0.005174229706188971,4.1322572126379615
2014-03-03,1350.0999755859375,21.447999954223633,7.207933924680049,0.02148684660835709,3.0656313987993626,0.01144153336563214,4.142302525880686
2014-03-04,1337.800048828125,21.187999725341797,7.19878178918313,-0.009152135496918845,3.053434970719367,-0.01219642807999577,4.1453468184637625
2014-03-05,1340.199951171875,21.23900032043457,7.200574099105609,0.0017923099224788075,3.0558391293731932,0.0024041586538263715,4.144734969732415
2014-03-06,1351.699951171875,21.54199981689453,7.209118302366289,0.00854420326067995,3.0700045094286494,0.0141653800554562,4.139113792937639
2014-03-07,1338.0999755859375,20.89699935913086,7.199005958065623,-0.010112344300665654,3.0396055773299633,-0.03039893209868616,4.15940038073566
2014-03-10,1341.4000244140625,20.878999710083008,7.201469141866071,0.0024631838004482987,3.03874385526166,-0.0008617220683033722,4.162725286604411
2014-03-11,1346.5,20.784000396728516,7.205263912251653,0.003794770385582069,3.0341834790164133,-0.004560376245246633,4.17108043323524
2014-03-12,1370.300048828125,21.327999114990234,7.222785008585319,0.01752109633366583,3.0600207219411453,0.025837242924731996,4.162764286644174
2014-03-13,1372.199951171875,21.16900062561035,7.2241705346729645,0.0013855260876454167,3.052537876928579,-0.0074828450125661305,4.171632657744386
2014-03-14,1379.0,21.384000778198242,7.229113877793302,0.004943343120337396,3.06264301522823,0.010105138299650651,4.166470862565072
2014-03-17,1372.9000244140625,21.249000549316406,7.2246805876864,-0.004433290106901744,3.056309861290995,-0.006333153937234659,4.1683707263954055
2014-03-18,1359.0,20.836000442504883,7.214504414151143,-0.010176173535256794,3.036682281120461,-0.01962758017053412,4.177822133030682
2014-03-19,1341.4000244140625,20.799999237060547,7.201469141866071,-0.013035272285072175,3.03495295002749,-0.0017293310929709094,4.166516191838581
2014-03-20,1330.5,20.40399932861328,7.193310090417744,-0.008159051448327403,3.0157309271560178,-0.019222022871472344,4.177579163261726
2014-03-21,1336.0,20.285999298095703,7.197435354096591,0.004125263678846913,3.0099309583533747,-0.005799968802643107,4.1875043957432165
2014-03-24,1311.199951171875,20.042999267578125,7.178697990190353,-0.01873736390623737,2.997879929068922,-0.012051029284452675,4.180818061121432
2014-03-25,1311.4000244140625,19.954999923706055,7.178850566446312,0.0001525762559584365,2.9934797346773974,-0.0044001943915246144,4.185370831768914
2014-03-26,1303.4000244140625,19.759000778198242,7.172731532629339,-0.006119033816973207,2.983609123136175,-0.009870611541222374,4.189122409493164
2014-03-27,1294.699951171875,19.690000534057617,7.166034249350748,-0.00669728327859076,2.980110919774326,-0.0034982033618491393,4.185923329576422
2014-03-28,1293.800048828125,19.77199935913086,7.1653389413499715,-0.000695308000776329,2.9842667630317474,0.0041558432574215765,4.1810721783182245
2014-03-31,1283.4000244140625,19.733999252319336,7.157268104339371,-0.008070837010600407,2.9823429985470313,-0.001923764484716095,4.17492510579234
2014-04-01,1279.5999755859375,19.66900062561035,7.154302788995914,-0.002965315343456787,2.9790438240746773,-0.0032991744723540606,4.1752589649212375
2014-04-02,1290.5,20.0310001373291,7.162785019158669,0.008482230162754512,2.99728108039967,0.018237256324992845,4.165503938758999
2014-04-03,1284.4000244140625,19.785999298095703,7.158046981223505,-0.00473803793516403,2.984974581426235,-0.012306498973435165,4.17307239979727
2014-04-04,1303.199951171875,19.927000045776367,7.172578019819967,0.014531038596461876,2.9920755983476504,0.007101016921415404,4.180502421472316
2014-04-07,1298.0,19.891000747680664,7.168579897264035,-0.0039981225559317934,2.9902674057118155,-0.001808192635834871,4.178312491552219
2014-04-08,1308.699951171875,20.04199981689453,7.176789519751031,0.008209622486996082,2.9978300625000496,0.00756265678823409,4.178959457250981
2014-04-09,1305.5,19.7549991607666,7.174341388139183,-0.00244813161184787,2.983406581381278,-0.014423481118771786,4.190934806757905
2014-04-10,1320.0999755859375,20.077999114990234,7.185462751792613,0.011121363653430194,2.999624644190752,0.016218062809474354,4.185838107601861
2014-04-11,1318.699951171875,19.933000564575195,7.184401644786182,-0.00106110700643125,2.992376678064272,-0.007247966126480154,4.19202496672191
2014-04-14,1327.199951171875,19.999000549316406,7.1908267020859045,0.006425057299722425,2.9956822997711425,0.003305621706870543,4.195144402314762
2014-04-15,1300.0,19.47800064086914,7.170119543449628,-0.020707158636276368,2.9692856564412113,-0.02639664332993119,4.200833887008416
2014-04-16,1303.0999755859375,19.62299919128418,7.172501301415489,0.002381757965860487,2.976702306434535,0.0074166499933236985,4.1957989949809535
2014-04-17,1293.4000244140625,19.586000442504883,7.165029707888372,-0.007471593527117015,2.97481504789152,-0.001887258543014969,4.190214659996851
2014-04-21,1288.0,19.340999603271484,7.160845906664299,-0.004183801224072248,2.9622271744842865,-0.012587873407233552,4.198618732180012
2014-04-22,1280.5999755859375,19.35099983215332,7.155083978020151,-0.005761928644147929,2.9627440890532113,0.0005169145689247756,4.19233988896694
2014-04-23,1284.199951171875,19.43000030517578,7.157891197337735,0.0028072193175834315,2.966818279095771,0.0040741900425596,4.191072918241964
2014-04-24,1290.5,19.68199920654297,7.162785019158669,0.004893821820934008,2.9797044721629513,0.012886193067180418,4.1830805469957175
2014-04-25,1300.699951171875,19.684999465942383,7.170657822529812,0.007872803371142822,2.979856897265519,0.00015242510256774366,4.190800925264293
2014-04-28,1298.9000244140625,19.584999084472656,7.16927305020919,-0.001384772320621508,2.9747639203714393,-0.005092976894079726,4.194509129837751
2014-04-29,1296.0,19.488000869750977,7.16703787691222,-0.0022351732969703164,2.9697989361575643,-0.004964984213875034,4.197238940754655
2014-04-30,1295.5999755859375,19.118999481201172,7.1667291684533465,-0.0003087084588733191,2.950682577865017,-0.019116358292547098,4.216046590588329
2014-05-01,1283.0999755859375,18.98900032043457,7.157034284873568,-0.009694883579778768,2.9438598810180268,-0.006822696846990439,4.213174403855541
2014-05-02,1302.5999755859375,19.492000579833984,7.172117527369738,0.015083242496170435,2.9700041547285396,0.026144273710512866,4.2021133726411986
2014-05-05,1309.0,19.520000457763672,7.1770187659099,0.004901238540162112,2.971439604435954,0.0014354497074142714,4.205579161473946
2014-05-06,1308.300048828125,19.597999572753906,7.17648390083864,-0.0005348650712599934,2.975427498413132,0.003987893977178025,4.201056402425508
2014-05-07,1288.5999755859375,19.29800033569336,7.161311617758351,-0.015172283080289617,2.9600014809934327,-0.015426017419699178,4.201310136764918
2014-05-08,1287.4000244140625,19.0939998626709,7.160379978582367,-0.0009316391759837117,2.9493741423835766,-0.010627338609856096,4.21100583619879
2014-05-09,1287.300048828125,19.07699966430664,7.160302318596237,-7.765998612985214e-05,2.948483403356622,-0.000890739026954801,4.211818915239615
2014-05-12,1295.5999755859375,19.5,7.1667291684533465,0.006426849857109396,2.970414465569701,0.021931062213079056,4.196314702883646
2014-05-13,1294.5999755859375,19.503999710083008,7.165957027253027,-0.0007721412003194317,2.9706195578744268,0.00020509230472587348,4.1953374693786
2014-05-14,1305.699951171875,19.735000610351562,7.174494537017864,0.008537509764837026,2.9823937400421756,0.011774182167748837,4.192100796975689
2014-05-15,1293.5,19.44700050354004,7.165107001626084,-0.009387535391780055,2.9676928424156865,-0.014700897626489073,4.197414159210398
2014-05-16,1293.300048828125,19.29199981689453,7.164952408175876,-0.00015459345020829574,2.959690492715461,-0.008002349700225508,4.205261915460415
2014-05-19,1293.699951171875,19.32200050354004,7.165261571180851,0.00030916300497541016,2.961244369155769,0.0015538764403077998,4.204017202025082
2014-05-20,1294.5,19.367000579833984,7.165879799191592,0.0006182280107411842,2.963570616684872,0.0023262475291030427,4.2023091825067205
2014-05-21,1288.0,19.30699920654297,7.160845906664299,-0.005033892527293027,2.9604676833568213,-0.003102933328050561,4.200378223307478
2014-05-22,1294.9000244140625,19.489999771118164,7.166188769928808,0.005342863264508502,2.969901501775917,0.00943381841909563,4.196287268152891
2014-05-23,1291.5999755859375,19.38800048828125,7.163637019981935,-0.0025517499468730165,2.964654343167844,-0.005247158608073121,4.198982676814091
2014-05-27,1265.4000244140625,19.038999557495117,7.143143576006337,-0.020493443975597714,2.9464894837335156,-0.018164859434328218,4.196654092272821
2014-05-28,1259.300048828125,19.03499984741211,7.1383113287858215,-0.004832247220515562,2.9462793818182855,-0.00021010191523007649,4.192031946967536
2014-05-29,1256.300048828125,18.982999801635742,7.135926210876984,-0.002385117908837664,2.943543831358831,-0.0027355504594543945,4.192382379518152
2014-05-30,1245.5999755859375,18.652999877929688,7.1273726009195455,-0.008553609957438368,2.9260069845181533,-0.0175368468406778,4.201365616401392
2014-06-02,1243.699951171875,18.708999633789062,7.125846047399322,-0.0015265535202235725,2.9290046719292295,0.0029976874110761997,4.196841375470092
2014-06-03,1244.300048828125,18.73200035095215,7.126328441023026,0.00048239362370416927,2.930233310056729,0.001228638127499515,4.196095130966297
2014-06-04,1244.0,18.766000747680664,7.126087273299125,-0.00024116772390136987,2.9320467617101604,0.001813451653431386,4.194040511588964
2014-06-05,1253.0,19.05500030517578,7.133295954896068,0.007208681596943656,2.9473295503413457,0.015282788631185262,4.185966404554723
2014-06-06,1252.0999755859375,18.96299934387207,7.132577401176409,-0.0007185537196594538,2.942489677557842,-0.004839872783503729,4.190087723618567
2014-06-09,1253.5,19.045000076293945,7.133694917598348,0.0011175164219388023,2.9468046039365503,0.004314926378708339,4.186890313661797
2014-06-10,1259.800048828125,19.14699935913086,7.1387082959464605,0.005013378348112774,2.9521460119200724,0.005341407983522117,4.1865622840263885
2014-06-11,1260.800048828125,19.15399932861328,7.139501757831505,0.0007934618850446995,2.95251153604739,0.00036552412731749584,4.186990221784115
2014-06-12,1273.5999755859375,19.514999389648438,7.149602795920785,0.010101038089279868,2.9711833693565564,0.01867183330916644,4.178419426564229
2014-06-13,1273.699951171875,19.636999130249023,7.149681291260057,7.849533927206664e-05,2.977415497476654,0.0062321281200974354,4.172265793783403
2014-06-16,1274.9000244140625,19.70199966430664,7.150623042293863,0.0009417510338058932,2.980720136394945,0.003304638918291136,4.169902905898918
2014-06-17,1271.699951171875,19.72100067138672,7.148109828630754,-0.0025132136631089708,2.9816840918721845,0.0009639554772395975,4.166425736758569
2014-06-18,1272.4000244140625,19.767000198364258,7.1486601790624,0.000550350431645974,2.9840138906349147,0.0023297987627302064,4.164646288427486
2014-06-19,1313.699951171875,20.636999130249023,7.180602825307063,0.03194264624466303,3.0270855390667624,0.04307164843184763,4.153517286240301
2014-06-20,1316.199951171875,20.941999435424805,7.182504038924217,0.0019012136171543403,3.0417566849062787,0.014671145839516342,4.140747354017939
2014-06-23,1318.0,20.909000396728516,7.183870715062453,0.0013666761382351567,3.040179707263341,-0.001576977642937738,4.143691007799111
2014-06-24,1320.9000244140625,21.038000106811523,7.186068619912717,0.0021979048502647203,3.046330331394158,0.006150624130817128,4.13973828851856
2014-06-25,1322.199951171875,21.111000061035156,7.187052257970023,0.0009836380573053916,3.049794234543676,0.003463903149517833,4.137258023426346
2014-06-26,1316.0999755859375,21.10300064086914,7.182428078289968,-0.004624179680054574,3.0494152408388024,-0.00037899370487348705,4.133012837451165
2014-06-27,1319.0,21.07699966430664,7.1846291527173145,0.0022010744273464056,3.048182382627911,-0.0012328582108915853,4.136446770089403
2014-06-30,1321.800048828125,21.006999969482422,7.186749759976982,0.0021206072596671177,3.0448557140608097,-0.0033266685671011764,4.141894045916172
2014-07-01,1326.4000244140625,21.066999435424805,7.19022380278729,0.0034740428103079424,3.0477078083453013,0.002852094284491624,4.142515994441988
2014-07-02,1330.699951171875,21.253999710083008,7.193460361856133,0.0032365590688430146,3.0565450993099184,0.00883729096461705,4.136915262546214
2014-07-03,1320.4000244140625,21.089000701904297,7.185690018468937,-0.007770343387195844,3.0487516108125847,-0.007793488497333634,4.136938407656352
2014-07-07,1316.5,20.965999603271484,7.182731978936364,-0.002958039532572343,3.0429020591079103,-0.005849551704674383,4.139829919828454
2014-07-08,1316.0,20.966999053955078,7.182352111885263,-0.00037986705110171215,3.0429497280424385,4.7668934528122264e-05,4.139402383842825
2014-07-09,1323.800048828125,21.02199935913086,7.1882617045696415,0.0059095926843788504,3.0455694779155214,0.0026197498730828883,4.14269222665412
2014-07-10,1338.699951171875,21.458999633789062,7.199454236317567,0.011192531747925116,3.0661441207287456,0.020574642813224298,4.133310115588821
2014-07-11,1337.0,21.410999298095703,7.198183577101943,-0.0012706592156233043,3.063904775874624,-0.0022393448541215832,4.134278801227319
2014-07-14,1306.300048828125,20.86400032043457,7.1749540298714685,-0.02322954723047488,3.0380252011024944,-0.025879574772129654,4.1369288287689745
2014-07-15,1296.9000244140625,20.841999053955078,7.167732099166634,-0.007221930704834456,3.036970136178961,-0.0010550649235332443,4.130761962987673
2014-07-16,1299.5999755859375,20.726999282836914,7.1698117850091165,0.002079685842482526,3.031437163574338,-0.005532972604623154,4.138374621434778
2014-07-17,1316.699951171875,21.086000442504883,7.182883848278585,0.013072063269468082,3.0486093341404774,0.0171721705661394,4.134274514138108
2014-07-18,1309.199951171875,20.83799934387207,7.177171505330871,-0.005712342947713722,3.036778211502904,-0.011831122637573355,4.140393293827967
2014-07-21,1313.699951171875,20.965999603271484,7.180602825307063,0.003431319976192171,3.0429020591079103,0.006123847605006283,4.137700766199153
2014-07-22,1306.0999755859375,20.96500015258789,7.174800857891137,-0.005801967415925979,3.042854387900946,-4.76712069641394e-05,4.131946469990191
2014-07-23,1304.5,20.95199966430664,7.173575104576783,-0.0012257533143538168,3.0422340911833907,-0.0006202967175554797,4.131341013393392
2014-07-24,1290.5999755859375,20.375999450683594,7.162862486584908,-0.010712617991875284,3.0143577107181643,-0.027876380465226447,4.148504775866744
2014-07-25,1303.0999755859375,20.58799934387207,7.172501301415489,0.0096388148305806,3.0247083499210725,0.01035063920290824,4.1477929514944165
2014-07-28,1303.300048828125,20.525999069213867,7.172654826001666,0.00015352458617723386,3.021692329876833,-0.003016020044239731,4.1509624961248335
2014-07-29,1298.300048828125,20.54599952697754,7.168811032975484,-0.00384379302618143,3.022666251771466,0.0009739218946331896,4.146144781204018
2014-07-30,1294.9000244140625,20.558000564575195,7.166188769928808,-0.002622263046676565,3.0232501870532844,0.0005839352818184373,4.142938582875523
2014-07-31,1281.300048828125,20.37299919128418,7.155630504623799,-0.010558265305008696,3.0142104551042928,-0.009039731948991658,4.141420049519507
2014-08-01,1293.5999755859375,20.332000732421875,7.165184289389936,0.009553784766136886,3.0121960356077655,-0.0020144194965272533,4.152988253782171
2014-08-04,1287.699951171875,20.194000244140625,7.160612922360871,-0.004571367029065243,3.0053855426718896,-0.006810492935875878,4.155227379688981
2014-08-05,1284.0,19.79400062561035,7.157735484249907,-0.0028774381109641922,2.9853788930805587,-0.020006649591330916,4.172356591169348
2014-08-06,1306.699951171875,19.985000610351562,7.17526011662759,0.017524632377683425,2.99498202270377,0.009603129623211082,4.18027809392382
2014-08-07,1310.800048828125,19.951000213623047,7.178392954075289,0.0031328374476986554,2.9932792781003097,-0.0017027446034600935,4.1851136759749785
2014-08-08,1308.9000244140625,19.902000427246094,7.176942387450024,-0.0014505666252642158,2.9908202506604655,-0.0024590274398441636,4.1861221367895585
2014-08-11,1308.5,20.059999465942383,7.1766367219702,-0.0003056654798241354,2.9987277559107772,0.007907505250311697,4.177908966059423
2014-08-12,1308.800048828125,19.8700008392334,7.176866003156035,0.00022928118583465107,2.9892110987999296,-0.009516657110847593,4.187654904356105
2014-08-13,1312.800048828125,19.809999465942383,7.17991757696976,0.003051573813724673,2.986186833751468,-0.0030242650484617606,4.193730743218292
2014-08-14,1313.9000244140625,19.871000289916992,7.180755111229146,0.0008375342593867074,2.989261397013634,0.0030745632621660413,4.191493714215513
2014-08-15,1304.5,19.489999771118164,7.173575104576783,-0.007180006652363069,2.969901501775917,-0.019359895237716973,4.203673602800866
2014-08-18,1297.699951171875,19.600000381469727,7.168348708116517,-0.005226396460265903,2.9755295856992126,0.005628083923295613,4.192819122417305
2014-08-19,1295.0999755859375,19.386999130249023,7.166343172378439,-0.002005535738078379,2.9646026934944825,-0.010926892204730088,4.2017404788839565
2014-08-20,1293.4000244140625,19.472000122070312,7.165029707888372,-0.0013134644900674175,2.968977542514189,0.004374849019706417,4.196052165374183
2014-08-21,1273.699951171875,19.389999389648438,7.149681291260057,-0.015348416628314432,2.9647574377769135,-0.00422010473727541,4.184923853483143
2014-08-22,1278.5999755859375,19.361000061035156,7.153520989238255,0.0038396979781980534,2.9632607365595076,-0.0014967012174058603,4.190260252678748
2014-08-25,1277.300048828125,19.33799934387207,7.152503792276339,-0.0010171969619161558,2.9620720381318937,-0.0011886984276139323,4.190431754144445
2014-08-26,1283.800048828125,19.3700008392334,7.157579746911736,0.0050759546353971174,2.963725520745357,0.0016534826134630976,4.19385422616638
2014-08-27,1281.9000244140625,19.395000457763672,7.156098650363305,-0.0014810965484315375,2.965015324494079,0.0012898037487221181,4.191083325869226
2014-08-28,1288.699951171875,19.534000396728516,7.161389199404902,0.0052905490415975365,2.9721565573349253,0.007141232840846445,4.189232642069976
2014-08-29,1285.800048828125,19.398000717163086,7.1591364096824845,-0.002252789722417603,2.965170004942331,-0.00698655239259427,4.193966404740154
2014-09-02,1263.699951171875,19.070999145507812,7.141799166125618,-0.01733724355686661,2.9481688118165397,-0.017001193125791403,4.193630354309079
2014-09-03,1268.9000244140625,19.107999801635742,7.145905681643205,0.004106515517587006,2.9501070851465,0.0019382733299604382,4.195798596496704
2014-09-04,1265.0999755859375,19.06399917602539,7.142906430122495,-0.0029992515207100112,2.9478016965749436,-0.002305388571556488,4.195104733547551
2014-09-05,1265.800048828125,19.082000732421875,7.1434596509161175,0.000553220793622522,2.948745520712521,0.0009438241375772094,4.194714130203597
2014-09-08,1252.699951171875,18.886999130249023,7.133056461871838,-0.01040318904427906,2.938473808663463,-0.010271712049057857,4.194582653208375
2014-09-09,1246.800048828125,18.8439998626709,7.128335587055938,-0.004720874815900444,2.9361945535501115,-0.002279255113351475,4.192141033505827
2014-09-10,1243.5,18.856000900268555,7.12568526324346,-0.002650323812478206,2.9368312133782366,0.0006366598281251079,4.188854049865223
2014-09-11,1237.4000244140625,18.533000946044922,7.120767702827018,-0.0049175604164419795,2.919552977861679,-0.017278235516557494,4.201214724965339
2014-09-12,1229.9000244140625,18.54599952697754,7.114688164098809,-0.0060795387282084334,2.920254106872671,0.0007011290109919521,4.194434057226138
2014-09-15,1233.5999755859375,18.555999755859375,7.117691983018158,0.0030038189193488662,2.920793173732533,0.0005390668598619364,4.196898809285625
2014-09-16,1235.199951171875,18.6560001373291,7.11898813973997,0.0012961567218114922,2.9261678175292043,0.005374643796671297,4.192820322210766
2014-09-17,1234.4000244140625,18.663000106811523,7.1183403208270315,-0.0006478189129381917,2.9265429599241624,0.00037514239495806123,4.19179736090287
2014-09-18,1225.699951171875,18.45199966430664,7.1112673485101885,-0.007072972316843007,2.915172747502784,-0.011370212421378145,4.196094601007404
2014-09-19,1215.300048828125,17.7810001373291,7.102746279054591,-0.008521069455597718,2.8781304791971727,-0.037042268305611525,4.224615799857418
2014-09-22,1216.800048828125,17.698999404907227,7.10397978107339,0.0012335020187990153,2.873508107185656,-0.004622372011516607,4.230471673887734
2014-09-23,1221.0,17.71299934387207,7.107425474110705,0.00344569303731479,2.874298796228291,0.0007906890426347957,4.233126677882414
2014-09-24,1218.5999755859375,17.64299964904785,7.1054579177798765,-0.001967556330828124,2.870339084254065,-0.0039597119742258435,4.235118833525812
2014-09-25,1221.199951171875,17.378999710083008,7.107589220876997,0.002131303097120174,2.855262564100567,-0.01507652015349814,4.25232665677643
2014-09-26,1214.0999755859375,17.476999282836914,7.101758320441156,-0.005830900435841002,2.8608856897495443,0.005623125648977378,4.240872630691611
2014-09-29,1217.5,17.516000747680664,7.104554854956745,0.002796534515589144,2.8631147916247337,0.002229101875189432,4.241440063332011
2014-09-30,1210.5,17.006000518798828,7.098788776378113,-0.0057660785786319835,2.833566253470411,-0.029548538154322568,4.265222522907702
2014-10-01,1214.5999755859375,17.209999084472656,7.102170063362979,0.003381286984866172,2.8454905570260416,0.011924303555630456,4.256679506336937
2014-10-02,1214.199951171875,17.000999450683594,7.101840662482097,-0.0003294008808820692,2.8332721335447624,-0.012218423481279217,4.268568528937335
2014-10-03,1192.199951171875,16.780000686645508,7.083555577829505,-0.018285084652592154,2.8201877419595305,-0.013084391585231891,4.263367835869975
2014-10-06,1206.699951171875,17.18000030517578,7.095644599615375,0.012089021785870457,2.8437459343195424,0.023558192360011887,4.251898665295833
2014-10-07,1211.699951171875,17.19099998474121,7.09977957094027,0.0041349713248948206,2.844385990171753,0.0006400558522106081,4.2553935807685175
2014-10-08,1205.300048828125,17.014999389648438,7.094483818105477,-0.005295752834792999,2.8340952720814867,-0.010290718090266271,4.26038854602399
2014-10-09,1224.5999755859375,17.367000579833984,7.110369519107497,0.015885701002019914,2.854571887152089,0.02047661507060239,4.255797631955408
2014-10-10,1221.0,17.25200080871582,7.107425474110705,-0.00294404499679235,2.847928125662237,-0.006643761489852018,4.259497348448468
2014-10-13,1229.300048828125,17.29400062561035,7.114200220393562,0.006774746282857791,2.8503596567132323,0.0024315310509952504,4.26384056368033
2014-10-14,1233.5999755859375,17.35300064086914,7.117691983018158,0.003491762624595829,2.853765439039683,0.0034057823264506126,4.263926543978475
2014-10-15,1244.0999755859375,17.415000915527344,7.126167636296571,0.008475653278412487,2.857331956389157,0.0035665173494741076,4.268835679907413
2014-10-16,1240.5,17.38800048828125,7.123269803131856,-0.0028978331647149247,2.8557803412080527,-0.00155161518110436,4.2674894619238035
2014-10-17,1238.300048828125,17.281999588012695,7.1214947896526315,-0.0017750134792242633,2.8496654735801084,-0.0061148676279443315,4.271829316072523
2014-10-20,1244.0,17.304000854492188,7.126087273299125,0.004592483646493228,2.8509377380319507,0.0012722644518423643,4.275149535267174
2014-10-21,1251.0,17.503999710083008,7.1316985104669115,0.005611237167786776,2.862429409676671,0.011491671644720203,4.269269100790241
2014-10-22,1244.800048828125,17.18600082397461,7.126730192649805,-0.0049683178171067155,2.844095146835555,-0.018334262841115834,4.282635045814249
2014-10-23,1228.5,17.11400032043457,7.1135491919612335,-0.01318100068857131,2.8398968607193975,-0.004198286116157579,4.273652331241836
2014-10-24,1231.199951171875,17.13599967956543,7.115744542865698,0.0021953509044640995,2.8411814950058965,0.0012846342864989424,4.274563047859801
2014-10-27,1229.0999755859375,17.114999771118164,7.114037453357569,-0.0017070895081285897,2.8399552586089767,-0.0012262363969197665,4.274082194748592
2014-10-28,1229.199951171875,17.184999465942383,7.11411879053283,8.133717526082052e-05,2.8440368792248334,0.004081620615856707,4.270081911307996
2014-10-29,1224.300048828125,17.2189998626709,7.110124570962353,-0.0039942195704769645,2.8460134173286087,0.001976538103775294,4.264111153633744
2014-10-30,1198.0999755859375,16.391000747680664,7.088492227268537,-0.021632343693815947,2.796732449322539,-0.049280968006069514,4.291759777945998
2014-10-31,1171.0999755859375,16.07699966430664,7.0656987362009716,-0.02279349106756534,2.7773896583004745,-0.01934279102206471,4.288309077900497
2014-11-03,1169.4000244140625,16.174999237060547,7.064246096618996,-0.0014526395819753901,2.7834667932191453,0.00607713491867079,4.280779303399851
2014-11-04,1167.4000244140625,15.927000045776367,7.062534353682884,-0.0017117429361119818,2.7680157851437803,-0.015451008075364925,4.294518568539104
2014-11-05,1145.4000244140625,15.418000221252441,7.043509221274636,-0.01902513240824799,2.7355356723873387,-0.03248011275644158,4.307973548887297
2014-11-06,1142.300048828125,15.392000198364258,7.040799095485348,-0.002710125789287865,2.7338479068108414,-0.001687765576497302,4.306951188674507
2014-11-07,1169.5999755859375,15.699000358581543,7.064417068121657,0.023617972636309048,2.753597038899224,0.01974913208838247,4.310820029222434
2014-11-10,1159.5999755859375,15.656999588012695,7.055830375993635,-0.008586692128022655,2.7509180750160875,-0.002678963883136376,4.304912300977547
2014-11-11,1162.800048828125,15.663999557495117,7.058586210676571,0.0027558346829366087,2.751365057538353,0.0004469825222654933,4.307221153138219
2014-11-12,1158.9000244140625,15.619000434875488,7.055226579406928,-0.0033596312696433372,2.748488149718308,-0.002876907820045016,4.30673842968862
2014-11-13,1161.0999755859375,15.616999626159668,7.057123089606294,0.001896510199365764,2.748360040567671,-0.00012810915063710127,4.308763049038623
2014-11-14,1185.0,16.309999465942383,7.077498053569231,0.020374963962937365,2.7917783838887393,0.04341834332106842,4.285719669680492
2014-11-17,1183.0,16.05299949645996,7.075808863978387,-0.0016891895908441867,2.7758957166299285,-0.015882667258810823,4.299913147348459
2014-11-18,1196.699951171875,16.170000076293945,7.087323006777159,0.011514142798771942,2.783157678307256,0.007261961677327289,4.304165328469903
2014-11-19,1193.5999755859375,16.290000915527344,7.0847292089953555,-0.002593797781803353,2.7905514788157535,0.007393800508497694,4.294177730179602
2014-11-20,1190.699951171875,16.132999420166016,7.082296607449213,-0.0024326015461424433,2.7808668277431408,-0.009684651072612738,4.301429779706073
2014-11-21,1197.5,16.391000747680664,7.08799132928507,0.005694721835856953,2.796732449322539,0.015865621579398415,4.29125887996253
2014-11-24,1195.5,16.37700080871582,7.08631978689838,-0.0016715423866902057,2.7958779608489235,-0.0008544884736156888,4.290441826049456
2014-11-25,1197.0999755859375,16.554000854492188,7.087657223862985,0.0013374369646053097,2.806627816081675,0.010749855232751404,4.28102940778131
2014-11-26,1196.5999755859375,16.54800033569336,7.087239460553071,-0.0004177633099144984,2.8062652688852032,-0.0003625471964716631,4.280974191667868
2014-11-28,1175.199951171875,15.48900032043457,7.069193583310888,-0.018045877242182762,2.740130115253501,-0.06613515363170208,4.329063468057386
2014-12-01,1218.0,16.648000717163086,7.1049654482698426,0.03577186495895468,2.8122901321693647,0.0721600169158636,4.292675316100478
2014-12-02,1199.199951171875,16.408000946044922,7.089409906071138,-0.015555542198704586,2.7977690784276183,-0.014521053741746393,4.291640827643519
2014-12-03,1208.5,16.358999252319336,7.097135200143538,0.007725294072399969,2.7947781589074876,-0.0029909195201307526,4.30235704123605
2014-12-04,1207.5,16.520000457763672,7.096307385526727,-0.0008278146168105849,2.804571795802497,0.009793636895009339,4.29173558972423
2014-12-05,1190.0999755859375,16.195999145507812,7.081792595674099,-0.014514789852628773,2.784764245410455,-0.01980755039204185,4.297028350263643
2014-12-08,1194.699951171875,16.215999603271484,7.085650345952561,0.0038577502784624684,2.785998384684447,0.0012341392739920742,4.299651961268114
2014-12-09,1231.5,17.08099937438965,7.115988217560592,0.030337871608031364,2.8379666980298266,0.051968313345379435,4.278021519530766
2014-12-10,1228.9000244140625,17.132999420166016,7.11387475915715,-0.0021134584034427917,2.841006394507726,0.0030396964778995894,4.272868364649423
2014-12-11,1225.0999755859375,17.05900001525879,7.110777732371904,-0.0030970267852454825,2.836677924592854,-0.004328469914872013,4.27409980777905
2014-12-12,1222.0,17.018999099731445,7.108244139731541,-0.002533592640363125,2.834330314114686,-0.0023476104781683382,4.273913825616855
2014-12-15,1207.199951171875,16.527000427246094,7.096058867006219,-0.012185272725321994,2.804995433010089,-0.02933488110459681,4.29106343399613
2014-12-16,1193.9000244140625,15.71500015258789,7.084980558800344,-0.011078308205875409,2.754615679959228,-0.050379753050861176,4.330364878841116
2014-12-17,1194.300048828125,15.890999794006348,7.085315559558685,0.00033500075834158594,2.765752898267586,0.011137218308358232,4.3195626612911
2014-12-18,1194.699951171875,15.894000053405762,7.085650345952561,0.0003347863938758522,2.7659416828781085,0.0001887846105224078,4.319708663074453
2014-12-19,1195.9000244140625,15.991000175476074,7.086654339389564,0.0010039934370027481,2.772026074950732,0.006084392072623679,4.314628264438832
2014-12-22,1179.699951171875,15.64900016784668,7.073015406457506,-0.01363893293205809,2.7504070279067476,-0.02161904704398454,4.322608378550758
2014-12-23,1177.9000244140625,15.729999542236328,7.071488491691508,-0.0015269147659973115,2.755569687968872,0.005162660062124402,4.315918803722637
2014-12-24,1173.5,15.67300033569336,7.067746015291078,-0.003742476400430128,2.751939508090508,-0.003630179878364004,4.31580650720057
2014-12-26,1195.300048828125,16.11199951171875,7.086152519734035,0.01840650444295644,2.779564305670766,0.027624797580258154,4.306588214063268
2014-12-29,1181.699951171875,15.744000434875488,7.074709317324731,-0.01144320240930341,2.756459367931562,-0.02310493773920408,4.318249949393169
2014-12-30,1200.199951171875,16.239999771118164,7.090243447872088,0.01553413054735664,2.7874773206398227,0.031017952708260577,4.302766127232266
2014-12-31,1183.9000244140625,15.5649995803833,7.076569373039317,-0.013674074832771055,2.7450247769345797,-0.042452543705242984,4.331544596104737
2015-01-02,1186.0,15.734000205993652,7.078341579557671,0.0017722065183543023,2.7558239889993126,0.010799212064732888,4.322517590558359
2015-01-05,1203.9000244140625,16.179000854492188,7.093321586220125,0.014980006662454137,2.7837141578380935,0.027890168838780927,4.309607428382032
2015-01-06,1219.300048828125,16.60300064086914,7.106032242612248,0.012710656392123099,2.8095834405252473,0.025869282687153827,4.296448802087001
2015-01-07,1210.5999755859375,16.510000228881836,7.098871363290676,-0.007160879321572722,2.803966271795261,-0.00561716872998641,4.294905091495415
2015-01-08,1208.4000244140625,16.35099983215332,7.097052469716143,-0.0018188935745326873,2.7942890472872253,-0.009677224508035653,4.302763422428917
2015-01-09,1216.0,16.38599967956543,7.103322062526113,0.006269592809969637,2.796427292164236,0.002138244877010642,4.306894770361877
2015-01-12,1232.699951171875,16.53499984741211,7.1169621249467605,0.013640062420647858,2.80547933720558,0.009052045041344048,4.3114827877411805
2015-01-13,1234.300048828125,17.125,7.118259326309248,0.0012972013624876766,2.840539384148289,0.03506004694270892,4.277719942160959
2015-01-14,1234.4000244140625,16.95599937438965,7.1183403208270315,8.099451778331712e-05,2.8306217165942855,-0.009917667554003362,4.2877186042327455
2015-01-15,1264.699951171875,17.072999954223633,7.142590180277465,0.024249859450433675,2.8374982656078824,0.006876549013596911,4.305091914669583
2015-01-16,1276.9000244140625,17.73900032043457,7.152190563550428,0.009600383272962532,2.875765623570649,0.03826735796276637,4.276424939979779
2015-01-20,1294.199951171875,17.94700050354004,7.165647984894742,0.013457421344313936,2.887422998104198,0.011657374533549092,4.278224986790544
2015-01-21,1293.699951171875,18.179000854492188,7.165261571180851,-0.00038641371389047663,2.9002671287402797,0.012844130636081807,4.264994442440571
2015-01-22,1300.699951171875,18.34600067138672,7.170657822529812,0.00539625134896049,2.9094116036832727,0.009144474942992975,4.261246218846539
2015-01-23,1292.5999755859375,18.284000396728516,7.164410953941233,-0.006246868588578813,2.9060263821676227,-0.0033852215156500165,4.25838457177361
2015-01-26,1279.4000244140625,17.966999053955078,7.154146516098468,-0.010264437842764984,2.888536689295849,-0.0174896928717736,4.265609826802619
2015-01-27,1291.699951171875,18.06800079345703,7.163714421436525,0.009567905338057514,2.8941424617074016,0.005605772411552579,4.269571959729124
2015-01-28,1285.9000244140625,18.06800079345703,7.159214160262366,-0.004500261174159803,2.8941424617074016,0.0,4.265071698554964
2015-01-29,1254.5999755859375,16.757999420166016,7.134572056203004,-0.02464210405936118,2.8188757215906652,-0.0752667401167364,4.315696334612339
2015-01-30,1278.5,17.191999435424805,7.153442794731241,0.018870738528236508,2.8444441265007954,0.025568404910130127,4.308998668230446
2015-02-02,1276.199951171875,17.235000610351562,7.151642153173687,-0.0018006415575539947,2.8469422353823215,0.0024981088815261288,4.304699917791366
2015-02-03,1259.699951171875,17.30500030517578,7.138628837596547,-0.013013315577139473,2.850995494722429,0.0040532593401074735,4.287633342874118
2015-02-04,1263.800048828125,17.378999710083008,7.141878372975313,0.0032495353787656,2.855262564100567,0.004267069378137922,4.286615808874746
2015-02-05,1262.0,17.18000030517578,7.140453043101158,-0.0014253298741548903,2.8437459343195424,-0.011516629781024523,4.296707108781616
2015-02-06,1233.9000244140625,16.67799949645996,7.117935183690583,-0.02251785941057527,2.8140904554729214,-0.02965547884662101,4.303844728217662
2015-02-09,1240.800048828125,17.054000854492188,7.12351165121446,0.005576467523876971,2.8363848304249455,0.022294374952024132,4.287126820789514
2015-02-10,1231.5999755859375,16.85700035095215,7.1160693962273,-0.007442254987159558,2.8247660216175423,-0.01161880880740318,4.2913033746097575
2015-02-11,1219.0,16.7450008392334,7.105786129481271,-0.010283266746029085,2.8180997563646137,-0.0066662652529285715,4.2876863731166575
2015-02-12,1220.0999755859375,16.777999877929688,7.106688081571402,0.0009019520901309974,2.820068497148485,0.0019687407838713256,4.286619584422917
2015-02-13,1226.5,17.277999877929688,7.111919863698544,0.005231782127141926,2.8494340088716203,0.029365511723135285,4.262485854826924
2015-02-17,1208.0999755859375,16.36199951171875,7.096804136316874,-0.015115727381670219,2.794961543249112,-0.05447246562250818,4.301842593067762
2015-02-18,1199.699951171875,16.25,7.089826763820603,-0.0069773724962711725,2.7880929087757464,-0.00686863447336572,4.301733855044857
2015-02-19,1207.0999755859375,16.371000289916992,7.095976047481696,0.006149283661093463,2.795511494581385,0.007418585805638589,4.300464552900311
2015-02-20,1204.4000244140625,16.26300048828125,7.093736816878304,-0.0022392306033918175,2.788892618970368,-0.006618875611017039,4.304844197907936
2015-02-23,1200.300048828125,16.246999740600586,7.090326845211233,-0.0034099716670716873,2.7879082603816245,-0.0009843585887434614,4.302418584829608
2015-02-24,1196.9000244140625,16.18199920654297,7.0874901802770705,-0.0028366649341622363,2.783899464352336,-0.004008796029288497,4.303590715924734
2015-02-25,1201.0,16.423999786376953,7.0909098220799835,0.003419641802913098,2.7987436667098713,0.014844202357535252,4.292166155370112
2015-02-26,1209.5999755859375,16.58300018310547,7.098044985241685,0.0071351631617018185,2.8083780852737195,0.009634418563848168,4.2896668999679655
2015-02-27,1212.5999755859375,16.51300048828125,7.100522073503981,0.002477088262295979,2.8041479790503567,-0.0042301062233627285,4.296374094453625
2015-03-02,1207.699951171875,16.406999588012695,7.096472962850655,-0.004049110653326693,2.797708047922286,-0.006439931128070953,4.298764914928369
2015-03-03,1204.0,16.257999420166016,7.093404625868766,-0.0030683369818884643,2.7885850596598467,-0.009122988262439069,4.30481956620892
2015-03-04,1200.5999755859375,16.131999969482422,7.090576690482858,-0.002827935385908198,2.78080487511938,-0.007780184540466806,4.309771815363478
2015-03-05,1195.9000244140625,16.131999969482422,7.086654339389564,-0.003922351093294196,2.78080487511938,0.0,4.3058494642701834
2015-03-06,1164.0999755859375,15.784000396728516,7.059703514281717,-0.026950825107847187,2.7589967938551667,-0.021808081264213186,4.30070672042655
2015-03-09,1166.4000244140625,15.755000114440918,7.061677382185517,0.00197386790380083,2.757157782473022,-0.0018390113821449283,4.304519599712496
2015-03-10,1160.0999755859375,15.61299991607666,7.0562614662365695,-0.005415915948947969,2.7481038951841614,-0.009053887288860363,4.3081575710524085
2015-03-11,1150.699951171875,15.345000267028809,7.048125689396002,-0.00813577684056721,2.730789705473381,-0.017314189710780248,4.3173359839226215
2015-03-12,1152.0999755859375,15.493000030517578,7.049341621853085,0.0012159324570824026,2.74038831098392,0.009598605510539038,4.308953310869164
2015-03-13,1152.5999755859375,15.47700023651123,7.0497755178208354,0.00043389596775078587,2.739355066212087,-0.0010332447718330862,4.310420451608748
2015-03-16,1153.300048828125,15.60099983215332,7.05038271956964,0.0006072017488047976,2.7473350040063993,0.007979937794312164,4.303047715563241
2015-03-17,1148.300048828125,15.562000274658203,7.046037909304241,-0.004344810265399346,2.7448320628440253,-0.0025029411623740394,4.301205846460215
2015-03-18,1151.4000244140625,15.524999618530273,7.048733893445515,0.0026959841412743657,2.7424516032482233,-0.0023804595958019092,4.3062822901972915
2015-03-19,1169.0999755859375,16.097999572753906,7.063989480129989,0.015255586684474132,2.7786950141312206,0.03624341088299721,4.285294465998769
2015-03-20,1184.800048828125,16.867000579833984,7.077329304165713,0.013339824035723424,2.8253590846527064,0.0466640705214858,4.251970219513007
2015-03-23,1188.0,16.871999740600586,7.080026499922591,0.0026971957568777682,2.825655427801923,0.00029634314921667126,4.254371072120668
2015-03-24,1191.699951171875,16.96299934387207,7.083136097123256,0.0031095972006651706,2.831034462833639,0.005379035031715773,4.252101634289617
2015-03-25,1197.300048828125,16.979999542236328,7.0878243415046605,0.004688244381404694,2.83203615392421,0.001001691090571022,4.255788187580451
2015-03-26,1205.0999755859375,17.121999740600586,7.094317809774394,0.00649346826973396,2.8403641711702288,0.008328017246018948,4.253953638604166
2015-03-27,1199.800048828125,17.052000045776367,7.089910195915879,-0.004407613858515624,2.83626750158748,-0.004096669582748902,4.2536426943283985
2015-03-30,1184.800048828125,16.656999588012695,7.077329304165713,-0.012580891750165968,2.8128305237613866,-0.02343697782609322,4.264498780404326
2015-03-31,1183.0999755859375,16.58099937438965,7.0758933706239455,-0.001435933541767298,2.8082574237886786,-0.00457309997270805,4.2676359468352665
2015-04-01,1208.0999755859375,17.04400062561035,7.096804136316874,0.02091076569292838,2.835798272343271,0.02754084855459249,4.261005863973603
2015-04-02,1200.9000244140625,16.68600082397461,7.090826574996442,-0.00597756132043159,2.814570093861076,-0.021228178482195048,4.276256481135366
2015-04-06,1218.5999755859375,17.094999313354492,7.1054579177798765,0.014631342783434143,2.838785982924811,0.024215889063734952,4.266671934855065
2015-04-07,1210.5999755859375,16.825000762939453,7.098871363290676,-0.006586554489200758,2.8228659208763744,-0.015920062048436545,4.276005442414301
2015-04-08,1203.0999755859375,16.440000534057617,7.092656817746849,-0.006214545543826944,2.79971742211329,-0.023148498763084557,4.292939395633558
2015-04-09,1193.5999755859375,16.163999557495117,7.0847292089953555,-0.007927608751493231,2.782786519840275,-0.01693090227301486,4.30194268915508
2015-04-10,1204.5999755859375,16.3700008392334,7.09390282034226,0.009173611346904309,2.7954504426495905,0.012663922809315498,4.298452377692669
2015-04-13,1199.300048828125,16.280000686645508,7.089493372951528,-0.004409447390731458,2.7899374027516357,-0.005513039897954819,4.299555970199893
2015-04-14,1192.800048828125,16.150999069213867,7.084058804386246,-0.005434568565282127,2.7819819096261265,-0.00795549312550925,4.30207689476012
2015-04-15,1201.5,16.268999099731445,7.091326055176523,0.007267250790277124,2.789261401190591,0.007279491564464724,4.302064653985932
2015-04-16,1198.0,16.275999069213867,7.088408778675395,-0.0029172765011287183,2.7896915729517953,0.00043017176120407896,4.2987172057236
2015-04-17,1202.9000244140625,16.22100067138672,7.09249060729603,0.0040818286206354415,2.7863067404579476,-0.0033848324938476892,4.306183866838083
2015-04-20,1193.5,15.883000373840332,7.084645445778885,-0.007845161517145094,2.7652493783901537,-0.02105736206779385,4.319396067388731
2015-04-21,1202.9000244140625,16.00200080871582,7.09249060729603,0.007845161517145094,2.7727137649663525,0.007464386576198745,4.319776842329677
2015-04-22,1186.9000244140625,15.791000366210938,7.079100165632063,-0.013390441663966968,2.7594401806756235,-0.013273584290729001,4.31965998495644
2015-04-23,1194.4000244140625,15.824000358581543,7.085399266665421,0.006299101033357957,2.7615277975409693,0.002087616865345865,4.323871469124452
2015-04-24,1175.199951171875,15.630999565124512,7.069193583310888,-0.016205683354533207,2.7492560940919857,-0.01227170344898365,4.319937489218902
2015-04-27,1203.300048828125,16.389999389648438,7.0928231020226296,0.02362951871174168,2.796671355516472,0.04741526142448649,4.296151746506157
2015-04-28,1214.0,16.586999893188477,7.101675971619444,0.008852869596814195,2.8086192495844333,0.011947894067961151,4.29305672203501
2015-04-29,1209.800048828125,16.670000076293945,7.098210376033307,-0.003465595586137127,2.813610701339424,0.004991451754990717,4.284599674693883
2015-04-30,1182.4000244140625,16.124000549316406,7.075301570841825,-0.02290880519148164,2.780308879323165,-0.033301822016258864,4.29499269151866
2015-05-01,1174.5,16.111000061035156,7.068597804098967,-0.006703766742857553,2.7795022722972647,-0.0008066070259005187,4.289095531801703
2015-05-04,1186.800048828125,16.417999267578125,7.07901592955934,0.010418125460372352,2.7983782493151663,0.01887597701790167,4.2806376802441735
2015-05-05,1193.199951171875,16.55699920654297,7.084394011718597,0.005378082159257502,2.806808925202719,0.008430675887552752,4.277585086515878
2015-05-06,1190.300048828125,16.483999252319336,7.081960696195529,-0.002433315523068025,2.802390168118607,-0.0044187570841121016,4.279570528076922
2015-05-07,1182.4000244140625,16.27199935913086,7.075301570841825,-0.006659125353704276,2.7894457999214235,-0.012944368197183476,4.285855770920401
2015-05-08,1189.0999755859375,16.441999435424805,7.080951976911986,0.005650406070160763,2.7998390023925617,0.010393202471138174,4.281112974519424
2015-05-11,1183.199951171875,16.29800033569336,7.075977870128735,-0.004974106783250498,2.7910424214952396,-0.008796580897322048,4.284935448633496
2015-05-12,1192.5999755859375,16.510000228881836,7.0838910562177135,0.007913186088978286,2.803966271795261,0.0129238503000213,4.279924784422453
2015-05-13,1218.4000244140625,17.207000732421875,7.1052938216187576,0.02140276540104402,2.8453163203363636,0.04135004854110269,4.259977501282394
2015-05-14,1225.4000244140625,17.448999404907227,7.111022620214896,0.005728798596138063,2.8592823063114,0.01396598597503651,4.251740313903495
2015-05-15,1225.5,17.545000076293945,7.111104202968168,8.158275327208031e-05,2.8647690133836505,0.0054867070722504074,4.246335189584517
2015-05-18,1227.800048828125,17.711999893188477,7.112979268762189,0.0018750657940209692,2.87424236993582,0.00947335655216941,4.238736898826369
2015-05-19,1206.9000244140625,17.049999237060547,7.095810387852588,-0.017168880909600226,2.836150158982343,-0.038092210953477146,4.259660228870246
2015-05-20,1208.9000244140625,17.091999053955078,7.097466154403216,0.001655766550627824,2.8386104624316175,0.0024603034492747256,4.258855691971599
2015-05-21,1204.4000244140625,17.111000061035156,7.093736816878304,-0.003729337524911891,2.8397215351168463,0.0011110726852288089,4.254015281761458
2015-05-22,1204.300048828125,17.030000686645508,7.093653804811252,-8.301206705230157e-05,2.8349765349943556,-0.0047450001224906835,4.258677269816896
2015-05-26,1187.199951171875,16.733999252319336,7.079352831284304,-0.014300973526948368,2.817442533193075,-0.01753400180128084,4.2619102980912285
2015-05-27,1185.9000244140625,16.63800048828125,7.078257279557698,-0.0010955517266060255,2.811689265209048,-0.005753267984026866,4.26656801434865
2015-05-28,1188.0999755859375,16.652999877929688,7.0801106509154135,0.001853371357715794,2.8125903730459045,0.0009011078368565961,4.267520277869509
2015-05-29,1189.4000244140625,16.68400001525879,7.081204277798862,0.0010936268834482732,2.814450177249275,0.0018598042033706186,4.266754100549587
2015-06-01,1188.300048828125,16.663999557495117,7.080279034386718,-0.000925243412143395,2.813250677404129,-0.0011994998451463346,4.267028356982589
2015-06-02,1194.0999755859375,16.783000946044922,7.085148022093763,0.004868987707044248,2.820366525695279,0.007115848291149973,4.264781496398484
2015-06-03,1184.699951171875,16.464000701904297,7.077244815745109,-0.007903206348653491,2.801176221724364,-0.0191903039709147,4.276068594020745
2015-06-04,1174.9000244140625,16.089000701904297,7.068938337353221,-0.008306478391888028,2.778135852295244,-0.023040369429120133,4.290802485057977
2015-06-05,1167.800048828125,15.970999717712402,7.062876957661498,-0.006061379691723268,2.7707745599991616,-0.0073612922960824,4.292102397662337
2015-06-08,1173.199951171875,15.951000213623047,7.067490295483687,0.004613337822188868,2.769521536582766,-0.00125302341639566,4.297968758900921
2015-06-09,1177.300048828125,15.949000358581543,7.0709790015588165,0.003488706075129855,2.769396153823628,-0.0001253827591378709,4.3015828477351885
2015-06-10,1186.0999755859375,15.95199966430664,7.078425872451753,0.007446870892936275,2.7695841921755155,0.0001880383518875206,4.308841680276237
2015-06-11,1179.9000244140625,15.95300006866455,7.07318498879751,-0.0052408836542428006,2.7696469036230384,6.27114475229007e-05,4.303538085174472
2015-06-12,1178.800048828125,15.817999839782715,7.072252292285429,-0.0009326965120806108,2.76114852196843,-0.008498381654608256,4.311103770316999
2015-06-15,1185.300048828125,16.076000213623047,7.077751227280194,0.005498934994764504,2.7773274898752756,0.016178967906845365,4.300423737404918
2015-06-16,1180.5,15.958000183105469,7.073693356525568,-0.004057870754626158,2.7699602823603007,-0.007367207514974883,4.303733074165267
2015-06-17,1176.4000244140625,15.9399995803833,7.070214227433038,-0.003479129092530009,2.768831647037307,-0.0011286353229937873,4.301382580395731
2015-06-18,1201.5,16.148000717163086,7.091326055176523,0.021111827743485634,2.781796247402576,0.012964600365269252,4.309529807773947
2015-06-19,1201.5,16.104000091552734,7.091326055176523,0.0,2.7790676940225834,-0.002728553379992782,4.3122583611539405
2015-06-22,1183.699951171875,16.136999130249023,7.076400363709425,-0.014925691467098545,2.781114718061279,0.0020470240386956107,4.295285645648146
2015-06-23,1176.199951171875,15.732000350952148,7.0700441405124,-0.0063562231970246685,2.755696876877734,-0.025417841183545065,4.314347263634666
2015-06-24,1172.5999755859375,15.847999572753906,7.066978763709662,-0.0030653768027377737,2.763043282437258,0.0073464055595242606,4.303935481272404
2015-06-25,1171.5,15.805000305175781,7.066040257947851,-0.0009385057618116477,2.760326364976393,-0.002716917460864998,4.305713892971458
2015-06-26,1172.9000244140625,15.734999656677246,7.067234614342587,0.0011943563947358626,2.75588750869732,-0.0044388562790733666,4.311347105645266
2015-06-29,1178.5,15.663999557495117,7.071997722376186,0.0047631080335994724,2.751365057538353,-0.004522451158966767,4.320632664837833
2015-06-30,1171.5,15.550999641418457,7.066040257947851,-0.005957464428335335,2.744124922180777,-0.007240135357576172,4.321915335767073
2015-07-01,1169.0,15.552000045776367,7.063903961472068,-0.0021362964757827285,2.7441892506615226,6.43284807457789e-05,4.319714710810546
2015-07-02,1163.0,15.536999702453613,7.0587581525186645,-0.005145808953403552,2.7432242569590377,-0.0009649937024849287,4.315533895559627
2015-07-06,1172.9000244140625,15.72599983215332,7.067234614342587,0.008476461823922143,2.755315382896128,0.012091125937090386,4.311919231446458
2015-07-07,1152.4000244140625,14.949999809265137,7.04960202439578,-0.01763258994680683,2.7047112870785104,-0.05060409581761771,4.34489073731727
2015-07-08,1163.300048828125,15.147000312805176,7.059016114796523,0.009414090400743369,2.7178025131961836,0.013091226117673216,4.341213601600339
2015-07-09,1159.0,15.345000267028809,7.055312843339752,-0.0037032714567715175,2.730789705473381,0.012987192277197579,4.32452313786637
2015-07-10,1157.699951171875,15.468000411987305,7.054190515034844,-0.0011223283049073274,2.7387734003798645,0.007983694906483318,4.31541711465498
2015-07-13,1155.199951171875,15.435999870300293,7.052028725870447,-0.002161789164397021,2.736702435272955,-0.002070965106909295,4.315326290597492
2015-07-14,1153.300048828125,15.295000076293945,7.05038271956964,-0.0016460063008070236,2.7275259825910294,-0.009176452681925795,4.322856736978611
2015-07-15,1147.199951171875,15.027999877929688,7.045079427282484,-0.00530329228715587,2.709915119588864,-0.01761086300216519,4.335164307693621
2015-07-16,1143.800048828125,14.96399974822998,7.042111374170606,-0.0029680531118785325,2.7056472996608516,-0.004267819928012617,4.336464074509754
2015-07-17,1131.800048828125,14.819999694824219,7.031564607850431,-0.010546766320175038,2.695977599275783,-0.009669700385068758,4.335587008574648
2015-07-20,1106.699951171875,14.744999885559082,7.009137849150268,-0.02242675870016253,2.6909040345059023,-0.005073564769880523,4.3182338146443655
2015-07-21,1103.4000244140625,14.769000053405762,7.006151622964542,-0.002986226185726082,2.692530393060245,0.0016263585543425663,4.313621229904298
2015-07-22,1091.4000244140625,14.71399974822998,6.995216577121623,-0.0109350458429196,2.6887994043991563,-0.0037309886610885634,4.306417172722466
2015-07-23,1094.0,14.682999610900879,6.9975959829819265,0.0023794058603039403,2.686690335480826,-0.0021090689183305145,4.310905647501101
2015-07-24,1085.5999755859375,14.47700023651123,6.989888086031655,-0.007707896950271298,2.6725611995089396,-0.014129135971886253,4.317326886522716
2015-07-27,1096.5,14.593999862670898,6.999878567857943,0.009990481826287478,2.6806104759334586,0.008049276424519025,4.319268091924484
2015-07-28,1096.300048828125,14.630999565124512,6.999696197219511,-0.00018237063843162815,2.683142535673143,0.002532059739684289,4.316553661546369
2015-07-29,1092.699951171875,14.734000205993652,6.996406931890943,-0.0032892653285676587,2.6901577622414585,0.007015226568315658,4.306249169649485
2015-07-30,1088.4000244140625,14.690999984741211,6.99246402934024,-0.003942902550703842,2.687235060349641,-0.0029227018918174252,4.3052289689905985
2015-07-31,1094.9000244140625,14.746000289916992,6.998418336177362,0.005954306837122836,2.69097187922818,0.003736818878538717,4.307446456949183
2015-08-03,1089.4000244140625,14.515999794006348,6.993382387360133,-0.005035948817229574,2.675251475160024,-0.01572040406815578,4.318130912200109
2015-08-04,1090.699951171875,14.550000190734863,6.994574926167001,0.001192538806868093,2.6775910067264266,0.002339531566402542,4.316983919440574
2015-08-05,1085.699951171875,14.545999526977539,6.98998017426394,-0.00459475190306069,2.6773160092132735,-0.00027499751315307464,4.312664165050666
2015-08-06,1090.199951171875,14.670000076293945,6.994116399841952,0.004136225578012187,2.685804597355568,0.008488588142294695,4.308311802486385
2015-08-07,1094.0999755859375,14.815999984741211,6.997687364168456,0.0035709643265038338,2.695707676873938,0.009903079518369662,4.301979687294518
2015-08-10,1104.199951171875,15.288999557495117,7.00687632562958,0.009188961461124023,2.72713358663578,0.03142590976184234,4.2797427389938
2015-08-11,1107.5999755859375,15.281000137329102,7.0099507692544964,0.0030744436249161566,2.7266102356100386,-0.0005233510257416363,4.283340533644457
2015-08-12,1123.199951171875,15.472999572753906,7.023936989799212,0.013986220544715877,2.7390965418951723,0.012486306285133697,4.28484044790404
2015-08-13,1115.699951171875,15.395999908447266,7.017237245834568,-0.0066997439646439005,2.7341077294749723,-0.004988812420199995,4.283129516359596
2015-08-14,1112.9000244140625,15.210000038146973,7.014724521916716,-0.0025127239178521776,2.721953108779221,-0.012154620695751461,4.292771413137496
2015-08-17,1118.5999755859375,15.295000076293945,7.0198331605619355,0.005108638645219266,2.7275259825910294,0.0055728738118085985,4.2923071779709066
2015-08-18,1117.0999755859375,14.786999702453613,7.018491298721944,-0.0013418618399914095,2.6937483962691897,-0.03377758632183969,4.324742902452755
2015-08-19,1128.0999755859375,15.175999641418457,7.02829005896912,0.009798760247176297,2.719715209004514,0.025966812735324307,4.308574849964606
2015-08-20,1153.0,15.517000198364258,7.050122520269059,0.021832461299938544,2.74193620988502,0.022221000880505937,4.308186310384039
2015-08-21,1159.5999755859375,15.300999641418457,7.055830375993635,0.005707855724575772,2.7279181623045057,-0.014018047580514281,4.327912213689129
2015-08-24,1153.4000244140625,14.76200008392334,7.050469402348351,-0.005360973645283984,2.6920563170329532,-0.03586184527155245,4.358413085315398
2015-08-25,1138.199951171875,14.609999656677246,7.037203303269598,-0.01326609907875298,2.681706202263446,-0.01035011476950709,4.355497101006152
2015-08-26,1124.5999755859375,14.045000076293945,7.0251826741489936,-0.012020629120604198,2.642266465988314,-0.0394397362751322,4.38291620816068
2015-08-27,1122.4000244140625,14.420999526977539,7.0232245505399105,-0.0019581236090830956,2.6686854447789856,0.026418978790671677,4.354539105760924
2015-08-28,1133.0999755859375,14.53499984741211,7.032712496840265,0.009487946300354544,2.6765595235128763,0.007874078733890677,4.356152973327388
2015-08-31,1131.5999755859375,14.57699966430664,7.031387817852595,-0.0013246789876699694,2.679444921062901,0.0028853975500249263,4.351942896789694
2015-09-01,1138.699951171875,14.61299991607666,7.0376424969359705,0.006254679083375514,2.681911537749455,0.002466616686553902,4.355730959186515
2015-09-02,1132.5,14.66100025177002,7.032182857357189,-0.00545963957878115,2.6851909241289,0.003279386379444915,4.346991933228289
2015-09-03,1123.699951171875,14.70199966430664,7.024382047460866,-0.007800809896323813,2.6879835161187193,0.002792591989819293,4.336398531342146
2015-09-04,1120.5999755859375,14.543999671936035,7.021619513344585,-0.0027625341162806905,2.6771785148784697,-0.010805001240249634,4.344440998466116
2015-09-08,1120.4000244140625,14.75,7.021441065176441,-0.00017844816814349684,2.691243082785829,0.014064567907359216,4.3301979823906125
2015-09-09,1102.199951171875,14.567999839782715,7.005063417148531,-0.01637764802791075,2.6788273314274154,-0.012415751358413551,4.326236085721115
2015-09-10,1109.5,14.633999824523926,7.011664742372648,0.006601325224117716,2.683347576470853,0.004520245043437843,4.328317165901796
2015-09-11,1103.5,14.489999771118164,7.006242225696791,-0.005422516675857025,2.673458740536743,-0.009888835934110052,4.332783485160048
2015-09-14,1107.699951171875,14.357000350952148,7.010041028442246,0.0037988027454547435,2.664237652590228,-0.009221087946515105,4.345803375852018
2015-09-15,1102.800048828125,14.319000244140625,7.005607723426142,-0.004433305016104505,2.661587343741986,-0.0026503088482421333,4.344020379684156
2015-09-16,1119.199951171875,14.878000259399414,7.020369379723568,0.014761656297426207,2.6998836292042494,0.03829628546226349,4.320485750519318
2015-09-17,1117.300048828125,14.975000381469727,7.018670383255184,-0.0016989964683835623,2.706382169475284,0.006498540271034692,4.3122882137799
2015-09-18,1138.0999755859375,15.154000282287598,7.037115462836247,0.01844507958106245,2.718264542137108,0.011882372661824014,4.318850920699139
2015-09-21,1133.0999755859375,15.215999603271484,7.032712496840265,-0.004402965995981667,2.7223474797299194,0.004082937592811309,4.310365017110346
2015-09-22,1125.0,14.75,7.025538314638521,-0.007174182201744372,2.691243082785829,-0.031104396944090507,4.334295231852692
2015-09-23,1131.5999755859375,14.779999732971191,7.031387817852595,0.005849503214074403,2.6932748974531537,0.002031814667324827,4.338112920399441
2015-09-24,1153.800048828125,15.125,7.050816164142189,0.01942834628959389,2.716349003916905,0.02307410646375141,4.334467160225284
2015-09-25,1146.0,15.105999946594238,7.044032897274685,-0.0067832668675036345,2.7150920123558557,-0.0012569915610494142,4.328940884918829
2015-09-28,1132.0,14.538000106811523,7.0317412587631285,-0.01229163851155679,2.6767659184095014,-0.038326093946354334,4.3549753403536275
2015-09-29,1127.0999755859375,14.569000244140625,7.027403219587078,-0.004338039176050579,2.6788960004294005,0.00213008201989906,4.3485072191576775
2015-09-30,1115.5,14.512999534606934,7.017058013872587,-0.010345205714490824,2.6750447674209017,-0.0038512330084987667,4.342013246451685
2015-10-01,1114.199951171875,14.505999565124512,7.015891893763231,-0.001166120109355795,2.6745623269622123,-0.00048244045868939267,4.341329566801019
2015-10-02,1137.0999755859375,15.256999969482422,7.036236419160215,0.020344525396983393,2.7250384121308304,0.05047608516861812,4.311198007029384
2015-10-05,1138.0999755859375,15.70199966430664,7.037115462836247,0.0008790436760319764,2.7537880713970444,0.02874965926621398,4.283327391439203
2015-10-06,1146.800048828125,15.979000091552734,7.04473077658693,0.007615313750683583,2.7712753658868174,0.017487294489773042,4.273455410700112
2015-10-07,1149.0,16.08799934387207,7.046647277848756,0.0019165012618254096,2.778073611686665,0.006798245799847447,4.268573666162091
2015-10-08,1144.699951171875,15.760000228881836,7.042897830268603,-0.0037494475801524985,2.757475098952692,-0.02059851273397273,4.2854227313159114
2015-10-09,1156.300048828125,15.809000015258789,7.052980573362819,0.010082743094216085,2.760579399079247,0.0031043001265547154,4.292401174283572
2015-10-12,1164.9000244140625,15.854999542236328,7.060390546363807,0.0074099730009873355,2.763484879118429,0.00290548003918234,4.296905667245378
2015-10-13,1165.800048828125,15.897000312805176,7.0611628674952405,0.000772321131433884,2.7661304318557285,0.0026455527372992726,4.295032435639512
2015-10-14,1180.0999755859375,16.101999282836914,7.073354438943572,0.012191571448331828,2.77894344333903,0.012813011483301384,4.294410995604542
2015-10-15,1187.9000244140625,16.152000427246094,7.079942341847781,0.006587902904208853,2.7820439074621266,0.0031004641230967245,4.2978984343856546
2015-10-16,1183.5999755859375,16.101999282836914,7.0763158998991,-0.003626441948680892,2.77894344333903,-0.0031004641230967245,4.297372456560071
2015-10-19,1173.300048828125,15.829000473022461,7.067575612045639,-0.008740287853461481,2.7618437305868824,-0.0170997127521475,4.305731881458756
2015-10-20,1178.0,15.904999732971191,7.071573364211532,0.003997752165893154,2.7666335084121223,0.004789777825239927,4.304939855799409
2015-10-21,1167.5999755859375,15.696000099182129,7.062705618070348,-0.008867746141183908,2.75340590914195,-0.013227599270172252,4.309299708928398
2015-10-22,1166.5999755859375,15.822999954223633,7.061848793392002,-0.0008568246783458022,2.761464574843819,0.008058665701868861,4.300384218548183
2015-10-23,1163.300048828125,15.817999839782715,7.059016114796523,-0.002832678595479088,2.76114852196843,-0.00031605287538871707,4.2978675928280925
2015-10-26,1167.0,15.899999618530273,7.062191632286556,0.003175517490032753,2.766319085234379,0.005170563265948669,4.295872547052177
2015-10-27,1166.800048828125,15.857999801635742,7.0620202798414615,-0.00017135244509436376,2.7636740923414256,-0.0026449928929532796,4.2983461875000355
2015-10-28,1177.0999755859375,16.288000106811523,7.070809044677578,0.008788764836116236,2.790428646925794,0.026754554584368595,4.280380397751784
2015-10-29,1147.199951171875,15.543999671936035,7.045079427282484,-0.025729617395093385,2.743674690969634,-0.046753955956160276,4.3014047363128505
2015-10-30,1141.5,15.565999984741211,7.04009846596985,-0.004980961312634591,2.7450890475569323,0.001414356587298382,4.295009418412917
2015-11-02,1135.800048828125,15.413000106811523,7.035092570433404,-0.005005895536445593,2.735211316094546,-0.00987773146238613,4.2998812543388585
2015-11-03,1114.199951171875,15.244000434875488,7.015891893763231,-0.01920067667017289,2.724186011539263,-0.011025304555283277,4.291705882223969
2015-11-04,1106.5,15.062999725341797,7.008957159491104,-0.0069347342721268745,2.712241387486714,-0.011944624052548924,4.29671577200439
2015-11-05,1104.4000244140625,14.98799991607666,7.007057502162176,-0.0018996573289280505,2.707249875332072,-0.004991512154641775,4.299807626830104
2015-11-06,1087.5999755859375,14.696000099182129,6.991728690310667,-0.015328811851509805,2.6875753546617447,-0.01967452067032749,4.304153335648921
2015-11-09,1087.9000244140625,14.418000221252441,6.992004533868495,0.0002758435578282814,2.6684774413279575,-0.019097913333787186,4.323527092540537
2015-11-10,1088.199951171875,14.355999946594238,6.9922801891812805,0.0002756553127856165,2.6641679695652605,-0.004309471762697026,4.32811221961602
2015-11-11,1084.699951171875,14.26200008392334,6.989058685030844,-0.0032215041504368713,2.6575986634905138,-0.006569306074746706,4.33146002154033
2015-11-12,1080.800048828125,14.223999977111816,6.9854568318237495,-0.0036018532070940523,2.6549306771624246,-0.002667986328089178,4.3305261546613245
2015-11-13,1080.800048828125,14.20300006866455,6.9854568318237495,0.0,2.6534532147335015,-0.0014774624289231042,4.332003617090248
2015-11-16,1083.699951171875,14.220999717712402,6.988136345872083,0.0026795140483333313,2.6547197255405064,0.0012665108070049058,4.333416620331576
2015-11-17,1068.699951171875,14.170000076293945,6.974198189841578,-0.013938156030504523,2.651127059086777,-0.003592666453729354,4.323071130754801
2015-11-18,1068.800048828125,14.079999923706055,6.974291848467377,9.365862579890916e-05,2.6447553453112924,-0.006371713775484622,4.329536503156085
2015-11-19,1078.0,14.241999626159668,6.982862751468942,0.008570903001564822,2.656195319310787,0.01143997399949459,4.326667432158155
2015-11-20,1076.4000244140625,14.105999946594238,6.981377441533968,-0.0014853099349743104,2.646600234999956,-0.009595084310831226,4.334777206534012
2015-11-23,1066.800048828125,14.041999816894531,6.972418838078504,-0.008958603455464065,2.6420528255552145,-0.004547409444741302,4.330366012523289
2015-11-24,1074.300048828125,14.168999671936035,6.979424611123603,0.007005773045099417,2.6510564564284467,0.009003630873232193,4.3283681546951565
2015-11-25,1070.5,14.168000221252441,6.975881108029737,-0.003543503093865752,2.650985916096882,-7.054033156483897e-05,4.324895191932855
2015-11-27,1056.199951171875,14.008000373840332,6.962432794042833,-0.013448313986904381,2.6396286216711813,-0.011357294425700548,4.322804172371652
2015-11-30,1065.800048828125,14.050000190734863,6.971481015676272,0.009048221633438658,2.64262240935519,0.0029937876840087085,4.328858606321082
2015-12-01,1063.800048828125,14.055000305175781,6.9696027282079385,-0.001878287468333184,2.642978226071464,0.00035581671627404887,4.326624502136474
2015-12-02,1054.199951171875,13.979000091552734,6.9605374181034,-0.009065310104538149,2.6375562100382965,-0.005422016033167498,4.322981208065103
2015-12-03,1061.699951171875,14.053000450134277,6.967626630029016,0.007089211925615402,2.642835928149795,0.0052797181114985214,4.324790701879221
2015-12-04,1084.5,14.505000114440918,6.988874330266929,0.02124770023791367,2.674493425463124,0.031657497313328786,4.314380904803805
2015-12-07,1076.4000244140625,14.307000160217285,6.981377441533968,-0.007496888732961615,2.6607489391827213,-0.01374448628040259,4.320628502351246
2015-12-08,1076.300048828125,14.090999603271484,6.981284557636902,-9.288389706618716e-05,2.645536267558222,-0.01521267162449913,4.33574829007868
2015-12-09,1077.5999755859375,14.163999557495117,6.982491602440194,0.0012070448032925896,2.6507035030081374,0.005167235449915264,4.331788099432057
2015-12-10,1073.0999755859375,14.085000038146973,6.978306912182115,-0.004184690258079549,2.645110404036676,-0.00559309897146143,4.333196508145439
2015-12-11,1076.9000244140625,13.859000205993652,6.981841845005522,0.003534932823407111,2.628934855950195,-0.01617554808648114,4.352906989055327
2015-12-14,1064.699951171875,13.666000366210938,6.970448302459636,-0.011393542545885538,2.6149110231558157,-0.014023832794379132,4.355537279303821
2015-12-15,1062.9000244140625,13.739999771118164,6.9687563235088295,-0.0016919789508067495,2.6203112701361366,0.005400246980320933,4.348445053372693
2015-12-16,1078.0,14.218000411987305,6.982862751468942,0.014106427960112633,2.654508796483751,0.03419752634761419,4.328353954985191
2015-12-17,1050.800048828125,13.682999610900879,6.957307104278956,-0.02555564718998582,2.6161541579609904,-0.03835463852276044,4.3411529463179654
2015-12-18,1066.199951171875,14.079999923706055,6.9718561585922565,0.014549054313300225,2.6447553453112924,0.028601187350302038,4.327100813280964
2015-12-21,1081.9000244140625,14.300999641418457,6.986474056259442,0.014617897667185353,2.660329439816919,0.015574094505626412,4.326144616442523
2015-12-22,1074.800048828125,14.302000045776367,6.9798899221712984,-0.006584134088143401,2.660399390826901,6.995100998219428e-05,4.319490531344398
2015-12-23,1069.4000244140625,14.277000427246094,6.974853045344314,-0.005036876826984837,2.658649880732564,-0.0017495100943372144,4.31620316461175
2015-12-24,1077.199951171875,14.369000434875488,6.982120315608697,0.007267270264383008,2.665073138511909,0.0064232577793452705,4.3170471770967875
2015-12-28,1070.5,13.873000144958496,6.975881108029737,-0.006239207578959238,2.6299445155475536,-0.03512862296435548,4.345936592482184
2015-12-29,1077.5,13.916999816894531,6.9823988219779025,0.006517713948165138,2.633111101280752,0.0031665857331986125,4.34928772069715
2015-12-30,1060.0999755859375,13.814000129699707,6.96611849924909,-0.016280322728812635,2.6256825800557855,-0.007428521224966733,4.340435919193304
2015-12-31,1060.300048828125,13.774999618530273,6.966307211982987,0.00018871273389731158,2.6228553273460755,-0.00282725270970996,4.343451884636911
2016-01-04,1075.0999755859375,13.817000389099121,6.980168936782539,0.01386172479955139,2.6258997462354294,0.003044418889353917,4.354269190547109
2016-01-05,1078.4000244140625,13.949000358581543,6.983233762797195,0.0030648260146568518,2.635407846816711,0.009508100581281376,4.347825915980485
2016-01-06,1091.9000244140625,13.956999778747559,6.995674599379268,0.012440836582072734,2.635981158674072,0.0005733118573609808,4.359693440705197
2016-01-07,1107.699951171875,14.335000038146973,7.010041028442246,0.014366429062977915,2.6627041019964404,0.026722943322368575,4.347336926445806
2016-01-08,1097.800048828125,13.907999992370605,7.001063500593949,-0.008977527848297306,2.6324642135970535,-0.03023988839938685,4.368599286996895
2016-01-11,1096.5,13.854999542236328,6.999878567857943,-0.0011849327360060613,2.62864614527534,-0.003818068321713497,4.371232422582603
2016-01-12,1085.5999755859375,13.739999771118164,6.989888086031655,-0.009990481826287478,2.6203112701361366,-0.00833487513920339,4.369576815895519
2016-01-13,1087.5,14.145000457763672,6.991636762962839,0.0017486769311840789,2.649361237115755,0.029049966979618258,4.342275525847084
2016-01-14,1073.9000244140625,13.737000465393066,6.979052183598189,-0.012584579364649962,2.6200929562218667,-0.02926828089388822,4.358959227376323
2016-01-15,1091.5,13.883999824523926,6.995308175989998,0.01625599239180886,2.6307370853608134,0.010644129138946745,4.364571090629185
2016-01-19,1089.9000244140625,14.109999656677246,6.993841250295543,-0.0014669256944550568,2.6468837415328474,0.016146656172034035,4.346957508762696
2016-01-20,1107.0999755859375,14.147000312805176,7.009499240813156,0.015657990517612852,2.6495026095878575,0.002618868055010104,4.3599966312252985
2016-01-21,1099.0999755859375,14.083000183105469,7.0022469198620785,-0.007252320951077529,2.6449684092177925,-0.004534200370065022,4.357278510644286
2016-01-22,1097.199951171875,14.043000221252441,7.0005167145609635,-0.0017302053011150065,2.6421240667413977,-0.0028443424763948677,4.358392647819565
2016-01-25,1106.199951171875,14.239999771118164,7.008685953420164,0.008169238859200512,2.656054889910667,0.013930823169269413,4.352631063509497
2016-01-26,1121.699951171875,14.543999671936035,7.02260062712071,0.013914673700545777,2.6771785148784697,0.021123624967802623,4.34542211224224
2016-01-27,1116.0999755859375,14.4399995803833,7.017595722787229,-0.005004904333480553,2.6700021044053517,-0.007176410473118011,4.347593618381877
2016-01-28,1115.5999755859375,14.215999603271484,7.01714763386909,-0.0004480889181390779,2.6543680629451667,-0.01563404146018499,4.362779570923923
2016-01-29,1116.4000244140625,14.229000091552734,7.017864523530728,0.000716889661638298,2.6552821419977897,0.0009140790526229736,4.362582381532938
2016-02-01,1127.9000244140625,14.329000473022461,7.028112797291462,0.010248273760733895,2.6622854887460123,0.007003346748222672,4.36582730854545
2016-02-02,1127.300048828125,14.276000022888184,7.027580715364709,-0.0005320819267531363,2.658579807231177,-0.0037056815148353017,4.369000908133533
2016-02-03,1141.300048828125,14.720000267028809,7.0399232853424545,0.012342569977745299,2.689207131441274,0.03062732421009695,4.35071615390118
2016-02-04,1157.5999755859375,14.836000442504883,7.0541041542270335,0.014180868884579034,2.6970566894537717,0.00784955801249776,4.357047464773261
2016-02-05,1157.800048828125,14.763999938964844,7.054276973818098,0.00017281959106441036,2.6921917810336993,-0.004864908420072478,4.362085192784399
2016-02-08,1197.9000244140625,15.416000366210938,7.088325323118004,0.034048349299905745,2.735405954867315,0.04321417383361581,4.352919368250689
2016-02-09,1198.699951171875,15.444000244140625,7.08899287447882,0.0006675513608165318,2.737220594210111,0.0018146393427960206,4.351772280268709
2016-02-10,1194.699951171875,15.277000427246094,7.085650345952561,-0.0033425285262591586,2.726348457350208,-0.010872136859902959,4.359301888602353
2016-02-11,1247.9000244140625,15.788999557495117,7.129217437077926,0.04356709112536539,2.7593134670136013,0.03296500966339311,4.369903970064325
2016-02-12,1239.0999755859375,15.78499984741211,7.122140568919386,-0.00707686815854025,2.7590601123433163,-0.0002533546702849776,4.3630804565760695
2016-02-16,1207.9000244140625,15.329000473022461,7.096638613823222,-0.025501955096164153,2.7297464900419817,-0.029313622301334608,4.36689212378124
2016-02-17,1211.0999755859375,15.371999740600586,7.0992842963684195,0.002645682545197481,2.732547655827798,0.002801165785816462,4.366736640540621
2016-02-18,1226.0999755859375,15.427000045776367,7.111593659326374,0.012309362957954484,2.7361192239970915,0.003571568169293382,4.3754744353292825
2016-02-19,1230.4000244140625,15.368000030517578,7.115094618593758,0.0035009592673835854,2.7322874274520426,-0.003831796545048949,4.3828071911417155
2016-02-22,1209.5,15.178999900817871,7.097962330050082,-0.017132288543675323,2.7199128871105547,-0.012374540341487883,4.378049442939528
2016-02-23,1222.300048828125,15.234999656677246,7.108489648730958,0.010527318680876085,2.723595389902539,0.0036825027919844544,4.384894258828419
2016-02-24,1238.699951171875,15.291999816894531,7.121817682141307,0.013328033410348716,2.727329803860228,0.003734413957688698,4.39448787828108
2016-02-25,1238.199951171875,15.164999961853027,7.121413951650367,-0.00040373049094011293,2.718990138625083,-0.008339665235144622,4.402423813025283
2016-02-26,1219.800048828125,14.689000129699707,7.106442229891971,-0.014971721758396228,2.6870989231789943,-0.03189121544608886,4.419343306712976
2016-02-29,1233.9000244140625,14.895999908447266,7.117935183690583,0.011492953798612149,2.7010927143885826,0.013993791209588213,4.416842469302001
2016-03-01,1230.300048828125,14.732999801635742,7.115013360754105,-0.0029218229364778026,2.690089862261275,-0.011002852127307339,4.42492349849283
2016-03-02,1241.0999755859375,15.003000259399414,7.123753342464165,0.008739981710060185,2.7082501983947127,0.018160336133437482,4.4155031440694525
2016-03-03,1257.4000244140625,15.130999565124512,7.136801395365266,0.013048052901100782,2.716745590728736,0.00849539233402341,4.4200558046365295
2016-03-04,1269.9000244140625,15.680999755859375,7.146693455420173,0.009892060054906615,2.7524497728296944,0.03570418210095827,4.394243682590478
2016-03-07,1263.199951171875,15.623000144958496,7.141403424287121,-0.005290031133051265,2.7487441967082975,-0.0037055761213968808,4.392659227578823
2016-03-08,1262.0999755859375,15.383999824523926,7.140532259920585,-0.0008711643665364477,2.7333279968800777,-0.015416199828219845,4.407204263040507
2016-03-09,1256.5999755859375,15.354999542236328,7.13616492054018,-0.0043673393804049,2.7314411240807583,-0.0018868727993193168,4.404723796459422
2016-03-10,1272.0,15.545999526977539,7.148345743900068,0.012180823359887682,2.7438033403807496,0.012362216299991236,4.404542403519319
2016-03-11,1258.699951171875,15.607000350952148,7.137834682504955,-0.010511061395113153,2.7477195540472588,0.003916213666509183,4.390115128457696
2016-03-14,1244.4000244140625,15.517999649047852,7.126408784642625,-0.011425897862329393,2.742000617855947,-0.0057189361913119185,4.384408166786678
2016-03-15,1230.4000244140625,15.255000114440918,7.115094618593758,-0.011314166048867591,2.724907325670496,-0.01709329218545097,4.390187292923262
2016-03-16,1229.300048828125,15.21399974822998,7.114200220393562,-0.0008943982001952122,2.7222160400265345,-0.002691285643961372,4.391984180367028
2016-03-17,1264.5,16.02199935913086,7.14243206611002,0.02823184571645765,2.7739627377936023,0.05174669776706775,4.368469328316418
2016-03-18,1253.800048828125,15.805999755859375,7.133934257783977,-0.008497808326042744,2.760389599336711,-0.013573138456891343,4.373544658447266
2016-03-21,1243.800048828125,15.840999603271484,7.125926527927004,-0.008007729856973178,2.7626014906623024,0.0022118913255915196,4.363325037264701
2016-03-22,1248.199951171875,15.876999855041504,7.129457753381111,0.003531225454106668,2.7648715119652807,0.0022700213029782645,4.3645862414158305
2016-03-23,1223.699951171875,15.262999534606934,7.109634295089583,-0.019823458291527984,2.725431568441399,-0.03943994352388147,4.384202726648184
2016-03-24,1221.4000244140625,15.190999984741211,7.107753040777623,-0.0018812543119599567,2.720703146221063,-0.004728422220336093,4.38704989455656
2016-03-28,1219.9000244140625,15.194000244140625,7.106524187167858,-0.0012288536097644354,2.7209006291492557,0.00019748292819254942,4.385623558018603
2016-03-29,1235.5999755859375,15.237000465393066,7.119311941285554,0.012787754117695727,2.7237267110308325,0.0028260818815768474,4.395585230254722
2016-03-30,1226.9000244140625,15.206000328063965,7.11224596169612,-0.007065979589434335,2.721690108380884,-0.002036602649948538,4.390555853315236
2016-03-31,1234.199951171875,15.460000038146973,7.118178226324395,0.005932264628275341,2.7382560456267386,0.016565937245854645,4.3799221806976565
2016-04-01,1222.199951171875,15.041999816894531,7.1084077525098035,-0.009770473814591618,2.710846276231264,-0.02740976939547446,4.39756147627854
2016-04-04,1218.0,14.942000389099121,7.1049654482698426,-0.003442304239960947,2.704176065594241,-0.006670210637023111,4.400789382675601
2016-04-05,1228.4000244140625,15.11400032043457,7.113467808441352,0.008502360171509515,2.715621487799704,0.01144542220546274,4.397846320641648
2016-04-06,1222.5,15.052000045776367,7.108653221349027,-0.004814587092324629,2.711510875772406,-0.004110612027298011,4.397142345576622
2016-04-07,1236.199951171875,15.156000137329102,7.119797397726608,0.011144176377580806,2.718396502217393,0.006885626444987025,4.401400895509216
2016-04-08,1242.5,15.381999969482422,7.124880757970784,0.005083360244175772,2.733197992650882,0.014801490433489217,4.391682765319902
2016-04-11,1256.699951171875,15.973999977111816,7.136244477766857,0.011363719796072758,2.7709623990623573,0.03776440641147527,4.3652820787044995
2016-04-12,1259.4000244140625,16.219999313354492,7.138390715440114,0.0021462376732568345,2.786245006354004,0.015282607291646766,4.352145709086109
2016-04-13,1246.800048828125,16.322999954223633,7.128335587055938,-0.01005512838417566,2.792575153367489,0.00633014701348511,4.335760433688449
2016-04-14,1225.0,16.16900062561035,7.110696122978827,-0.017639464077110922,2.78309586744964,-0.00947928591784919,4.3276002555291875
2016-04-15,1233.0999755859375,16.30900001525879,7.117286583077553,0.006590460098726325,2.7917171036103863,0.008621236160746282,4.325569479467167
2016-04-18,1233.5999755859375,16.249000549316406,7.117691983018158,0.00040539994060484474,2.788031402226806,-0.0036857013835804864,4.329660580791352
2016-04-19,1253.0,16.968000411987305,7.133295954896068,0.015603971877910183,2.8313292415426323,0.043297839315826536,4.301966713353436
2016-04-20,1253.199951171875,17.131000518798828,7.13345552011528,0.00015956521921189903,2.8408897180325328,0.009560476489900438,4.2925658020827475
2016-04-21,1249.0,17.086000442504883,7.130098510125578,-0.003357009989702675,2.8382594406281085,-0.0026302774044242305,4.291839069497469
2016-04-22,1228.699951171875,16.895999908447266,7.113711939133861,-0.01638657099171681,2.827076902105247,-0.011182538522861662,4.2866350370286135
2016-04-25,1238.9000244140625,17.0049991607666,7.121979187827934,0.00826724869407336,2.8335073691070023,0.006430467001755424,4.288471818720932
2016-04-26,1242.199951171875,17.106000900268555,7.124639240817421,0.002660052989487127,2.8394293317874064,0.005921962680404125,4.285209909030015
2016-04-27,1249.199951171875,17.285999298095703,7.130258586321407,0.005619345503985684,2.849896884725083,0.01046755293767676,4.280361701596323
2016-04-28,1265.5,17.55299949645996,7.143222579985179,0.012963993663771767,2.8652248467873718,0.015327962062288591,4.277997733197807
2016-04-29,1289.199951171875,17.788999557495117,7.161777112066535,0.018554532081355823,2.8785802638679354,0.013355417080563647,4.2831968481986
2016-05-02,1294.699951171875,17.6560001373291,7.166034249350748,0.004257137284213286,2.871075676732477,-0.007504587135458429,4.29495857261827
2016-05-03,1290.699951171875,17.474000930786133,7.16293994801041,-0.003094301340337502,2.86071411514282,-0.010361561589657065,4.30222583286759
2016-05-04,1273.300048828125,17.277000427246094,7.149367272927088,-0.013572675083322494,2.849376161921828,-0.01133795322099207,4.29999111100526
2016-05-05,1271.4000244140625,17.302000045776367,7.147873953704812,-0.001493319222276135,2.8508221044039095,0.0014459424820816302,4.297051849300902
2016-05-06,1292.9000244140625,17.506999969482422,7.164643055143687,0.01676910143887511,2.8626007992076308,0.01177869480372129,4.3020422559360565
2016-05-09,1265.5999755859375,17.06999969482422,7.143301577722885,-0.021341477420802057,2.8373225189284472,-0.02527828027918355,4.3059790587944375
2016-05-10,1263.9000244140625,17.075000762939453,7.141957476969531,-0.001344100753353672,2.837615450138519,0.00029293121007167855,4.304342026831012
2016-05-11,1274.5999755859375,17.302000045776367,7.1503876637259,0.008430186756369196,2.8508221044039095,0.013206654265390583,4.299565559321991
2016-05-12,1270.300048828125,17.086999893188477,7.147008410467677,-0.0033792532582230805,2.838317934215096,-0.012504170188813557,4.308690476252581
2016-05-13,1271.9000244140625,17.114999771118164,7.148267143652393,0.001258733184715588,2.8399552586089767,0.001637324393880757,4.308311885043416
2016-05-16,1273.4000244140625,17.142000198364258,7.149445786755268,0.0011786431028752986,2.841531604048518,0.0015763454395414378,4.3079141827067495
2016-05-17,1276.199951171875,17.235000610351562,7.151642153173687,0.0021963664184188048,2.8469422353823215,0.005410631333803373,4.304699917791366
2016-05-18,1273.699951171875,17.1200008392334,7.149681291260057,-0.0019608619136297634,2.8402474197342373,-0.0066948156480841625,4.30943387152582
2016-05-19,1254.199951171875,16.479000091552734,7.13425315917723,-0.01542813208282734,2.8020868485843144,-0.038160571149922884,4.332166310592916
2016-05-20,1252.4000244140625,16.518999099731445,7.1328170089460725,-0.001436150231157285,2.804511179074028,0.0024243304897133555,4.328305829872045
2016-05-23,1251.0999755859375,16.40999984741211,7.131778423809276,-0.0010385851367962218,2.79789089580353,-0.0066202832704980175,4.3338875280057465
2016-05-24,1228.9000244140625,16.238000869750977,7.11387475915715,-0.017903664652126672,2.787354228002944,-0.010536667800585597,4.326520531154205
2016-05-25,1223.5,16.2549991607666,7.109470882882726,-0.004403876274423624,2.788400502126621,0.0010462741236767492,4.321070380756105
2016-05-26,1220.0999755859375,16.33799934387207,7.106688081571402,-0.0027828013113238015,2.793493642760053,0.005093140633432025,4.313194438811349
2016-05-27,1213.800048828125,16.246000289916992,7.101511253629242,-0.00517682794215979,2.7878467424742004,-0.005646900285852574,4.313664511155042
2016-05-31,1214.800048828125,15.972000122070312,7.102334773365967,0.000823519736724343,2.770837196843744,-0.017009545630456202,4.331497576522223
2016-06-01,1211.9000244140625,15.906000137329102,7.09994467511972,-0.002390098246246808,2.766696405168736,-0.0041407916750082485,4.3332482699509836
2016-06-02,1209.800048828125,16.0049991607666,7.098210376033307,-0.0017342990864133156,2.772901120986124,0.006204715817387907,4.325309255047182
2016-06-03,1240.0999755859375,16.34600067138672,7.122947280821554,0.02473690478824775,2.7939832601673937,0.021082139181269888,4.32896402065416
2016-06-06,1244.5999755859375,16.42799949645996,7.126569452519126,0.00362217169757173,2.7989871654429823,0.005003905275588583,4.327582287076144
2016-06-07,1244.4000244140625,16.37700080871582,7.126408784642625,-0.00016066787650093062,2.7958779608489235,-0.003109204594058834,4.330530823793701
2016-06-08,1259.800048828125,16.968000411987305,7.1387082959464605,0.012299511303835331,2.8313292415426323,0.03545128069370884,4.307379054403828
2016-06-09,1270.199951171875,17.253000259399414,7.146929608927585,0.008221312981124385,2.847986056434759,0.016656814892126892,4.298943552492826
2016-06-10,1273.4000244140625,17.315000534057617,7.149445786755268,0.002516177827683208,2.8515732086980243,0.0035871522632651143,4.297872578057244
2016-06-13,1284.4000244140625,17.42799949645996,7.158046981223505,0.008601194468236706,2.858078079362606,0.00650487066458183,4.299968901860899
2016-06-14,1285.5999755859375,17.40999984741211,7.1589807954329,0.0009338142093948676,2.8570447450157155,-0.0010333343468906797,4.301936050417185
2016-06-15,1285.800048828125,17.48900032043457,7.1591364096824845,0.0001556142495848789,2.8615721301891175,0.00452738517340201,4.297564279493367
2016-06-16,1296.0999755859375,17.5939998626709,7.167115015592771,0.007978605910286873,2.867557927025032,0.005985796835914492,4.29955708856774
2016-06-17,1292.5,17.399999618530273,7.164333606382584,-0.0027814092101872134,2.8564701842969358,-0.011087742728096206,4.307863422085648
2016-06-20,1290.0,17.503000259399414,7.162397497355718,-0.0019361090268663617,2.8623723096289813,0.0059021253320454825,4.300025187726737
2016-06-21,1270.5,17.31100082397461,7.1471658027602185,-0.015231694595499334,2.851342185192917,-0.011030124436064437,4.295823617567302
2016-06-22,1268.0,17.30500030517578,7.145196134997171,-0.0019696677630474113,2.850995494722429,-0.00034669047048785373,4.294200640274742
2016-06-23,1261.199951171875,17.347999572753906,7.139818888955297,-0.005377246041874173,2.8534772013451453,0.0024817066227162954,4.286341687610152
2016-06-24,1320.0,17.78499984741211,7.1853870155804165,0.045568126625119554,2.8783553968208353,0.024878195475690035,4.307031618759581
2016-06-27,1322.5,17.739999771118164,7.1872791637324545,0.0018921481520379757,2.8758219639794134,-0.0025334328414219343,4.3114571997530415
2016-06-28,1315.300048828125,17.839000701904297,7.181820092597917,-0.005459071134537474,2.8813871111157465,0.0055651471363331595,4.300432981482171
2016-06-29,1323.9000244140625,18.36199951171875,7.188337223384628,0.006517130786710901,2.9102832851295655,0.028896174013818943,4.278053938255063
2016-06-30,1318.4000244140625,18.582000732421875,7.184174177673155,-0.004163045711472968,2.9221934096347844,0.011910124505218889,4.26198076803837
2016-07-01,1336.699951171875,19.54400062561035,7.1979591324485686,0.013784954775413638,2.9726683659657924,0.05047495633100807,4.225290766482776
2016-07-05,1356.4000244140625,19.865999221801758,7.212589428250645,0.014630295802076532,2.9890096886207966,0.01634132265500421,4.223579739629848
2016-07-06,1364.9000244140625,20.15999984741211,7.21883646274922,0.006247034498574777,3.003700435634324,0.01469074701352735,4.215136027114896
2016-07-07,1360.0999755859375,19.79800033569336,7.215313487488511,-0.0035229752607088827,2.985580939453538,-0.018119496180785788,4.229732548034972
2016-07-08,1356.5999755859375,20.058000564575195,7.212736830515471,-0.0025766569730398814,2.9986281048131493,0.013047165359611146,4.214108725702322
2016-07-11,1355.0,20.263999938964844,7.2115567333138015,-0.001180097201669561,3.0088459096873748,0.010217804874225411,4.202710823626427
2016-07-12,1334.0999755859375,20.1299991607666,7.196012167884736,-0.015544565429065571,3.0022111979610187,-0.006634711726356102,4.193800969923718
2016-07-13,1342.4000244140625,20.3700008392334,7.202214353899818,0.006202186015081601,3.014063271438193,0.011852073477174319,4.188151082461625
2016-07-14,1331.300048828125,20.2810001373291,7.193911224114897,-0.008303129784920316,3.0096844939433134,-0.004378777494879582,4.184226730171584
2016-07-15,1326.5,20.125,7.190299173577794,-0.0036120505371028955,3.001962823304627,-0.007721670638686451,4.188336350273167
2016-07-18,1328.4000244140625,20.04400062561035,7.191730507881139,0.0014313343033443005,2.9979298883093293,-0.004032934995297666,4.193800619571809
2016-07-19,1331.5,19.975000381469727,7.194061405253987,0.0023308973728486393,2.9944815107496963,-0.003448377559633009,4.199579894504291
2016-07-20,1318.800048828125,19.582000732421875,7.184477548222238,-0.009583857031749687,2.9746108143346914,-0.01987069641500483,4.209866733887546
2016-07-21,1330.5,19.784000396728516,7.193310090417744,0.008832542195506221,2.984873550272113,0.010262735937421663,4.20843654014563
2016-07-22,1323.0999755859375,19.656999588012695,7.187732728596198,-0.005577361821545779,2.9784334880168526,-0.006440062255260504,4.2092992405793455
2016-07-25,1319.300048828125,19.614999771118164,7.184856608900361,-0.0028761196958368984,2.9762945679928015,-0.0021389200240511386,4.20856204090756
2016-07-26,1320.699951171875,19.655000686645508,7.18591714107836,0.001060532177999285,2.9783317938087257,0.0020372258159242485,4.207585347269635
2016-07-27,1326.5999755859375,19.96500015258789,7.190374538687971,0.004457397609610503,2.993980748157954,0.015648954349228195,4.196393790530017
2016-07-28,1332.300048828125,20.15999984741211,7.194662087615662,0.004287548927691454,3.003700435634324,0.009719687476370087,4.190961651981338
2016-07-29,1349.0,20.312000274658203,7.207118856207756,0.012456768592093326,3.0112118579243448,0.007511422290020775,4.1959069982834105
2016-08-01,1351.4000244140625,20.46500015258789,7.20889638918383,0.001777532976074525,3.018716117400408,0.0075042594760632575,4.190180271783422
2016-08-02,1364.4000244140625,20.666000366210938,7.218470068438116,0.009573679254285317,3.0284898555126185,0.009773738112210495,4.189980212925497
2016-08-03,1356.0999755859375,20.43600082397461,7.2123681940907565,-0.006101874347359093,3.0172980917883105,-0.011191763724307968,4.195070102302446
2016-08-04,1358.800048828125,20.4060001373291,7.214357272221169,0.0019890781304123806,3.0158289819829527,-0.00146910980535786,4.198528290238216
2016-08-05,1336.4000244140625,19.780000686645508,7.19773472875113,-0.016622543470038664,2.9846713609086963,-0.031157621074256348,4.213063367842434
2016-08-08,1333.4000244140625,19.76799964904785,7.195487368493591,-0.0022473602575390217,2.98406445093276,-0.0006069099759362651,4.2114229175608315
2016-08-09,1339.0,19.81399917602539,7.199678345691172,0.004190977197580992,2.9863887169653625,0.0023242660326023845,4.21328962872581
2016-08-10,1344.300048828125,20.134000778198242,7.203628746782549,0.003950401091376676,3.0024099669581816,0.016021249992819175,4.201218779824368
2016-08-11,1342.5,19.983999252319336,7.20228882638302,-0.0013399203995287934,2.9949319159692567,-0.007478050988924956,4.207356910413763
2016-08-12,1335.800048828125,19.672000885009766,7.197285678845005,-0.005003147538015007,2.9791963499021867,-0.01573556606706994,4.218089328942819
2016-08-15,1340.300048828125,19.820999145507812,7.2006487849151934,0.0033631060701884152,2.9867419386054097,0.007545588703222972,4.213906846309784
2016-08-16,1350.5,19.847999572753906,7.20823017323267,0.0075813883174769,2.988103224863598,0.0013612862581884322,4.220126948369073
2016-08-17,1342.699951171875,19.62700080871582,7.202437754713037,-0.005792418519633635,2.9769062105081914,-0.011197014355406765,4.225531544204845
2016-08-18,1351.199951171875,19.719999313354492,7.20874832935673,0.006310574643693556,2.981633314354737,0.004727103846545511,4.227115015001994
2016-08-19,1340.4000244140625,19.301000595092773,7.2007233740771674,-0.008024955279562818,2.9601569388722955,-0.021476375482441412,4.240566435204872
2016-08-22,1337.699951171875,18.843000411987305,7.198706963799989,-0.002016410277178693,2.936141514004563,-0.02401542486773245,4.262565449795426
2016-08-23,1340.5999755859375,18.90999984741211,7.200872535712562,0.00216557191257305,2.9396908746012023,0.0035493605966392394,4.26118166111136
2016-08-24,1324.4000244140625,18.545000076293945,7.188714824107146,-0.012157711605415678,2.920200215055544,-0.019490659545658318,4.268514609051602
2016-08-25,1320.0999755859375,18.47800064086914,7.185462751792613,-0.003252072314532839,2.9165808699313724,-0.0036193451241715024,4.26888188186124
2016-08-26,1321.5,18.645000457763672,7.186522734044344,0.0010599822517303181,2.925578038182335,0.008997168250962417,4.260944695862008
2016-08-29,1322.9000244140625,18.761999130249023,7.187581593923291,0.0010588598789471604,2.931833501346708,0.006255463164372976,4.255748092576583
2016-08-30,1311.699951171875,18.57699966430664,7.179079247596029,-0.00850234632726199,2.921924238338892,-0.009909263007815916,4.257155009257136
2016-08-31,1306.9000244140625,18.621999740600586,7.175413218283886,-0.003666029312142882,2.924343663536609,0.0024194251977172065,4.251069554747277
2016-09-01,1312.199951171875,18.85700035095215,7.17946035969989,0.004047141416004152,2.936884216356025,0.012540552819416018,4.2425761433438645
2016-09-02,1322.0999755859375,19.275999069213867,7.186976642049927,0.0075162823500365405,2.958860750490778,0.021976534134752868,4.228115891559149
2016-09-06,1349.4000244140625,20.048999786376953,7.207415346285857,0.020438704235930416,2.998179266541995,0.039318516051217056,4.209236079743862
2016-09-07,1344.300048828125,19.759000778198242,7.203628746782549,-0.0037865995033081745,2.983609123136175,-0.01457014340582008,4.220019623646374
2016-09-08,1336.800048828125,19.590999603271484,7.198034013807309,-0.0055947329752399355,2.9750702568553455,-0.008538866280829449,4.222963756951963
2016-09-09,1330.0999755859375,19.281999588012695,7.193009388004192,-0.005024625803116578,2.9591719968757686,-0.015898259979576945,4.233837391128423
2016-09-12,1321.0,18.915000915527344,7.186144304522325,-0.006865083481867096,2.9399553064871773,-0.019216690388591307,4.246188998035148
2016-09-13,1319.0,18.889999389648438,7.1846291527173145,-0.0015151518050107171,2.9386326492025887,-0.0013226572845885798,4.245996503514726
2016-09-14,1321.5,18.98200035095215,7.186522734044344,0.0018935813270291035,2.9434911801969816,0.004858530994392929,4.243031553847362
2016-09-15,1313.5,18.958999633789062,7.180450609125595,-0.006072124918748756,2.9422787335039593,-0.0012124466930223399,4.238171875621635
2016-09-16,1305.800048828125,18.7810001373291,7.174571196145797,-0.005879412979798104,2.9328457278109297,-0.009433005693029628,4.241725468334867
2016-09-19,1313.5,19.20599937438965,7.180450609125595,0.005879412979798104,2.9552226976420872,0.022376969831157556,4.225227911483508
2016-09-20,1313.699951171875,19.19499969482422,7.180602825307063,0.00015221618146821214,2.954649812554049,-0.0005728850880384329,4.225953012753014
2016-09-21,1326.9000244140625,19.68600082397461,7.1906006919417145,0.009997866634651409,2.9799077650628862,0.025257952508837445,4.210692926878828
2016-09-22,1340.4000244140625,20.020000457763672,7.2007233740771674,0.010122682135452976,2.9967317967523925,0.016824031689506302,4.203991577324775
2016-09-23,1337.199951171875,19.732999801635742,7.198333118030743,-0.0023902560464241773,2.982292351134876,-0.014439445617516533,4.216040766895867
2016-09-26,1339.699951171875,19.516000747680664,7.200200950835881,0.0018678328051375814,2.9712346802647533,-0.01105767087012266,4.228966270571128
2016-09-27,1325.9000244140625,19.086999893188477,7.189846771533873,-0.010354179302007438,2.94900746945172,-0.02222721081303325,4.240839302082153
2016-09-28,1319.4000244140625,19.04400062561035,7.184932385292683,-0.004914386241190449,2.9467521241830568,-0.0022553452686633335,4.238180261109626
2016-09-29,1321.699951171875,19.114999771118164,7.1866740288203355,0.0017416435276524922,2.9504733551744375,0.003721230991380775,4.236200673645898
2016-09-30,1313.300048828125,19.138999938964844,7.180298369770832,-0.006375659049503213,2.95172813486689,0.0012547796924522459,4.228570234903943
2016-10-03,1309.0,18.795000076293945,7.1770187659099,-0.0032796038609319567,2.9335908810754097,-0.018137253791480124,4.243427884834491
2016-10-04,1266.300048828125,17.71299934387207,7.143854580016244,-0.03316418589365622,2.874298796228291,-0.05929208484711879,4.269555783787953
2016-10-05,1265.199951171875,17.634000778198242,7.142985452838286,-0.0008691271779577292,2.869828900795391,-0.004469895432899662,4.273156552042895
2016-10-06,1249.800048828125,17.288000106811523,7.130738856563732,-0.012246596274554378,2.8500126253829468,-0.019816275412444462,4.280726231180785
2016-10-07,1248.9000244140625,17.323999404907227,7.130018462417492,-0.0007203941462403662,2.852092789001608,0.002080163618661146,4.277925673415884
2016-10-11,1253.0,17.45599937438965,7.133295954896068,0.0032774924785767823,2.859683393251441,0.007590604249833266,4.273612561644628
2016-10-12,1251.0999755859375,17.454999923706055,7.131778423809276,-0.00151753108679209,2.859626136186106,-5.725706533521446e-05,4.27215228762317
2016-10-13,1255.0,17.40999984741211,7.134890851565884,0.003112427756607694,2.8570447450157155,-0.002581391170390468,4.277846106550168
2016-10-14,1253.0999755859375,17.39299964904785,7.133375740688307,-0.0015151108775768307,2.8560678062482348,-0.0009769387674807284,4.277307934440072
2016-10-17,1254.4000244140625,17.426000595092773,7.134412669058884,0.001036928370576895,2.8579633779588005,0.0018955717105657577,4.276449291100084
2016-10-18,1260.800048828125,17.590999603271484,7.139501757831505,0.005089088772621153,2.8673873850638425,0.009424007105041987,4.272114372767662
2016-10-19,1267.9000244140625,17.615999221801758,7.1451172867894135,0.005615528957908289,2.868807535804674,0.0014201507408313496,4.27630975098474
2016-10-20,1265.5999755859375,17.50200080871582,7.143301577722885,-0.0018157090665287257,2.86231520632069,-0.006492329483983816,4.280986371402195
2016-10-21,1265.9000244140625,17.447999954223633,7.143538629928715,0.00023705220583014608,2.8592250262757397,-0.003090180044950319,4.284313603652976
2016-10-24,1262.0,17.562000274658203,7.140453043101158,-0.0030855868275567744,2.8657374925771504,0.006512466301410669,4.274715550524007
2016-10-25,1271.9000244140625,17.736000061035156,7.148267143652393,0.00781410055123466,2.875596475755325,0.009858983178174796,4.272670667897067
2016-10-26,1264.800048828125,17.584999084472656,7.142669324500673,-0.005597819151719641,2.8670462138629733,-0.008550261892351863,4.275623110637699
2016-10-27,1267.9000244140625,17.604000091552734,7.1451172867894135,0.002447962288740335,2.868126154149523,0.0010799402865497854,4.276991132639891
2016-10-28,1275.5,17.761999130249023,7.1510935375818665,0.005976250792453008,2.8770612948693604,0.008935140719837253,4.274032242712506
2016-10-31,1271.5,17.761999130249023,7.147952584862174,-0.0031409527196926135,2.8770612948693604,0.0,4.2708912899928135
2016-11-01,1286.4000244140625,18.385000228881836,7.159602917403295,0.011650332541121244,2.9115351272026144,0.03447383233325407,4.248067790200681
2016-11-02,1306.800048828125,18.65999984741211,7.1753367170915645,0.01573379968826938,2.926382187241926,0.014847060039311355,4.248954529849639
2016-11-03,1302.0999755859375,18.382999420166016,7.171733605984922,-0.0036031111066421317,2.911426292958876,-0.014955894283049886,4.260307313026047
2016-11-04,1303.300048828125,18.341999053955078,7.172654826001666,0.0009212200167434403,2.9091934605586833,-0.0022328324001925637,4.263461365442982
2016-11-07,1278.300048828125,18.124000549316406,7.153286387371679,-0.019368438629986606,2.8972370571136756,-0.011956403445007702,4.256049330258003
2016-11-08,1273.4000244140625,18.329999923706055,7.149445786755268,-0.003840600616411116,2.908539057689369,0.011302000575693416,4.240906729065899
2016-11-09,1272.5999755859375,18.35700035095215,7.1488173116142955,-0.0006284751409726397,2.9100109922666775,0.0014719345773084314,4.238806319347618
2016-11-10,1265.5,18.715999603271484,7.143222579985179,-0.005594731629116723,2.9293787518066776,0.01936775954000014,4.213843828178501
2016-11-14,1221.199951171875,16.87700080871582,7.107589220876997,-0.035633359108182106,2.8259517961725673,-0.1034269556341103,4.28163742470443
2016-11-15,1224.0,17.02899932861328,7.1098794630722715,0.0022902421952748497,2.834917733618387,0.008965937445819527,4.274961729453885
2016-11-16,1223.4000244140625,16.913999557495117,7.109389166764376,-0.0004902963078956546,2.828141655197982,-0.00677607842040473,4.281247511566393
2016-11-17,1216.5,16.76099967956543,7.103733162223577,-0.005656004540798953,2.819054740027254,-0.009086915170728016,4.284678422196323
2016-11-18,1208.5,16.613000869750977,7.097135200143538,-0.006597962080038933,2.8101855737579777,-0.008869166269276363,4.28694962638556
2016-11-21,1209.5999755859375,16.511999130249023,7.098044985241685,0.0009097850981474309,2.8040873366252788,-0.006098237132698969,4.293957648616407
2016-11-22,1211.0,16.62299919128418,7.099201743553092,0.0011567583114064917,2.8107872299029077,0.006699893277628988,4.288414513650184
2016-11-23,1189.0999755859375,16.382999420166016,7.080951976911986,-0.018249766641106113,2.7962441764457076,-0.014543053457200195,4.284707800466278
2016-11-25,1178.199951171875,16.464000701904297,7.0717430876446015,-0.00920888926738428,2.801176221724364,0.004932045278656538,4.270566865920237
2016-11-28,1190.5999755859375,16.577999114990234,7.082212640213609,0.010469552569007945,2.808076461784741,0.006900240060376817,4.2741361784288685
2016-11-29,1187.9000244140625,16.660999298095703,7.079942341847781,-0.0022702983658282605,2.8130706168183495,0.0049941550336085605,4.266871725029432
2016-11-30,1170.800048828125,16.4060001373291,7.0654425965226535,-0.014499745325127655,2.7976471299512213,-0.015423486867128133,4.267795466571432
2016-12-01,1166.9000244140625,16.427000045776367,7.062105959734216,-0.0033366367884370973,2.798926325345717,0.0012791953944955026,4.2631796343885
2016-12-02,1175.0999755859375,16.753000259399414,7.069108508563738,0.007002548829521338,2.818577362195154,0.019651036849437364,4.2505311463685835
2016-12-05,1174.0,16.823999404907227,7.068172000388042,-0.0009365081756955718,2.82280640302874,0.004229040833585884,4.245365597359302
2016-12-06,1167.5999755859375,16.739999771118164,7.062705618070348,-0.005466382317694141,2.817801051388579,-0.0050053516401611375,4.244904566681769
2016-12-07,1175.0,17.202999114990234,7.069023426578259,0.0063178085079114155,2.8450837357698178,0.02728268438123882,4.223939690808441
2016-12-08,1169.800048828125,17.024999618530273,7.0645881147495,-0.004435311828759225,2.8346828296291307,-0.010400906140687116,4.22990528512037
2016-12-09,1159.4000244140625,16.89699935913086,7.05565792996313,-0.008930184786370532,2.8271360534505283,-0.007546776178602332,4.228521876512602
2016-12-12,1163.5,17.115999221801758,7.059187982742347,0.00353005277921703,2.8400136530884414,0.012877599637913129,4.219174329653905
2016-12-13,1156.699951171875,16.910999298095703,7.053326360088054,-0.005861622654292908,2.827964256261764,-0.012049396826677494,4.22536210382629
2016-12-14,1161.300048828125,17.152000427246094,7.057295388297802,0.003969028209747982,2.842114809797795,0.014150553536031119,4.215180578500007
2016-12-15,1127.800048828125,15.897000312805176,7.028024154668102,-0.029271233629700077,2.7661304318557285,-0.07598437794206658,4.261893722812373
2016-12-16,1135.300048828125,16.152999877929688,7.034652255179494,0.0066281005113921765,2.7821057833744915,0.01597535151876306,4.252546471805003
2016-12-19,1140.5,16.025999069213867,7.039222041724443,0.004569786544949217,2.7742123452761236,-0.007893438098367955,4.2650096964483195
2016-12-20,1131.5,16.054000854492188,7.031299465073592,-0.007922576650851276,2.7759580929355074,0.001745747659383845,4.255341372138084
2016-12-21,1131.0999755859375,15.918000221252441,7.0309458679529815,-0.0003535971206103383,2.76745055828317,-0.008507534652337334,4.263495309669811
2016-12-22,1128.800048828125,15.8149995803833,7.02891044379527,-0.0020354241577118515,2.7609588302247823,-0.0064917280583878245,4.267951613570487
2016-12-23,1131.9000244140625,15.704000473022461,7.031652937207473,0.0027424934122031175,2.7539154870953046,-0.0070433431294776305,4.277737450112168
2016-12-27,1137.300048828125,15.928999900817871,7.036412354123771,0.004759416916297887,2.768141341085988,0.014225853990683213,4.268271013037783
2016-12-28,1139.4000244140625,15.98799991607666,7.038257108473417,0.0018447543496460383,2.7718384355999315,0.0036970945139436218,4.266418672873485
2016-12-29,1156.4000244140625,16.163000106811523,7.053067031254317,0.014809922780900209,2.782724686036069,0.010886250436137335,4.270342345218248
2016-12-30,1150.0,15.935999870300293,7.047517221357296,-0.005549809897020808,2.7685806927034555,-0.014143993332613292,4.2789365286538406
2017-01-03,1160.4000244140625,16.356000900268555,7.0565200732866,0.009002851929303723,2.7945948575444923,0.026014164841036802,4.2619252157421075
2017-01-04,1163.800048828125,16.499000549316406,7.059445834178338,0.0029257608917383493,2.803299806303228,0.008704948758735842,4.2561460278751095
2017-01-05,1179.699951171875,16.583999633789062,7.073015406457506,0.013569572279167552,2.808438353051294,0.00513854674806602,4.264577053406212
2017-01-06,1171.9000244140625,16.465999603271484,7.066381663097445,-0.006633743360060507,2.8012976247824337,-0.0071407282688604745,4.2650840383150115
2017-01-09,1183.5,16.6299991607666,7.0762314289540384,0.009849765856593251,2.811208242739808,0.009910617957374246,4.265023186214231
2017-01-10,1184.199951171875,16.80299949645996,7.076822678864669,0.0005912499106308644,2.8215574119285343,0.010349169188726304,4.255265266936135
2017-01-11,1195.5999755859375,16.783000946044922,7.086403409989858,0.009580731125188535,2.820366525695279,-0.0011908862332554726,4.266036884294579
2017-01-12,1198.9000244140625,16.780000686645508,7.089159769077327,0.0027563590874688515,2.8201877419595305,-0.0001787837357483113,4.268972027117796
2017-01-13,1195.300048828125,16.719999313354492,7.086152519734035,-0.0030072493432919956,2.8166055665892396,-0.00358217537029093,4.269546953144795
2017-01-17,1212.0,17.101999282836914,7.10002716662926,0.013874646895224885,2.8391953737993054,0.02258980721006587,4.260831792829954
2017-01-18,1211.300048828125,17.235000610351562,7.099449482333269,-0.0005776842959903661,2.8469422353823215,0.007746861583016074,4.252507246950948
2017-01-19,1200.9000244140625,16.966999053955078,7.090826574996442,-0.008622907336826913,2.8312702253028634,-0.015672010079458065,4.259556349693579
2017-01-20,1204.300048828125,16.996999740600586,7.093653804811252,0.002827229814809762,2.833036842633732,0.0017666173308685806,4.2606169621775205
2017-01-23,1215.0,17.149999618530273,7.102499355774649,0.008845550963396676,2.841998151368816,0.00896130873508394,4.260501204405832
2017-01-24,1210.300048828125,17.14900016784668,7.098623582088377,-0.0038757736862713443,2.841939872661559,-5.82787072569424e-05,4.256683709426818
2017-01-25,1197.300048828125,16.944000244140625,7.0878243415046605,-0.010799240583716951,2.829913803267728,-0.012026069393831218,4.257910538236933
2017-01-26,1189.5,16.81399917602539,7.081288329743012,-0.006536011761648197,2.8222118237078337,-0.0077019795598940455,4.2590765060351785
2017-01-27,1188.0999755859375,17.100000381469727,7.0801106509154135,-0.0011776788275987826,2.8390784858167852,0.01686666210895149,4.241032165098629
2017-01-30,1193.199951171875,17.121999740600586,7.084394011718597,0.004283360803183811,2.8403641711702288,0.001285685353443533,4.244029840548368
2017-01-31,1208.5999755859375,17.511999130249023,7.097217923727174,0.012823912008577132,2.8628863105545617,0.022522139384332895,4.234331613172612
2017-02-01,1205.5999755859375,17.420000076293945,7.094732627061736,-0.0024852966654380637,2.8576189758040322,-0.005267334750529429,4.237113651257705
2017-02-02,1216.699951171875,17.402000427246094,7.103897514661797,0.00916488760006029,2.8565851666953836,-0.0010338091086485868,4.247312347966413
2017-02-03,1218.5,17.452999114990234,7.1053758730652605,0.0014783584034638864,2.859511502934524,0.0029263362391405146,4.245864370130736
2017-02-06,1230.0,17.66699981689453,7.114769448366463,0.00939357530120244,2.8716984822662783,0.012186979331754166,4.243070966100184
2017-02-07,1234.199951171875,17.732999801635742,7.118178226324395,0.003408777957932152,2.8754272993241776,0.003728817057899292,4.242750927000218
2017-02-08,1237.5999755859375,17.683000564575195,7.120929279531915,0.0027510532075201155,2.8726037580004085,-0.002823541323769163,4.248325521531507
2017-02-09,1235.0999755859375,17.719999313354492,7.118907197677097,-0.002022081854818225,2.8746939064271877,0.002090148426779237,4.24421329124991
2017-02-10,1234.4000244140625,17.91200065612793,7.1183403208270315,-0.0005668768500655119,2.8854709159270877,0.010777009499900014,4.232869404899944
2017-02-13,1224.4000244140625,17.804000854492188,7.11020622701087,-0.008134093816161148,2.8794231991480004,-0.006047716779087331,4.23078302786287
2017-02-14,1223.9000244140625,17.871999740600586,7.109797780336052,-0.00040844667481820807,2.8832352278125537,0.003812028664553324,4.226562552523498
2017-02-15,1231.699951171875,17.94700050354004,7.116150568304566,0.006352787968514129,2.887422998104198,0.004187770291644188,4.228727570200368
2017-02-16,1240.0,18.062999725341797,7.122866658599083,0.006716090294516697,2.8938656319448506,0.0064426338406526895,4.229001026654233
2017-02-17,1237.5999755859375,18.018999099731445,7.120929279531915,-0.0019373790671677327,2.891426706782494,-0.0024389251623566643,4.229502572749421
2017-02-21,1237.5,17.989999771118164,7.120848494442845,-8.078508906983473e-05,2.8898160352397158,-0.0016106715427781637,4.23103245920313
2017-02-22,1232.0,17.941999435424805,7.116394144093465,-0.004454350349380576,2.88714430167041,-0.002671733569305612,4.229249842423055
2017-02-23,1250.199951171875,18.113000869750977,7.13105877844146,0.014664634347995253,2.8966299605288306,0.009485658858420454,4.2344288179126295
2017-02-24,1256.9000244140625,18.334999084472656,7.136403670354821,0.005344891913360961,2.9088117515899725,0.012181791061141922,4.2275919187648485
2017-02-27,1257.4000244140625,18.354000091552734,7.136801395365266,0.00039772501044499364,2.909847539384984,0.0010357877950113448,4.226953855980282
2017-02-28,1252.5999755859375,18.420000076293945,7.132976650600603,-0.0038247447646631016,2.9134370349690686,0.003589495584084723,4.219539615631534
2017-03-01,1248.9000244140625,18.44300079345703,7.130018462417492,-0.002958188183111332,2.9146849377227917,0.0012479027537231069,4.2153335246946995
2017-03-02,1231.9000244140625,17.704999923706055,7.116312991786146,-0.013705470631345307,2.873847081254692,-0.04083785646809979,4.242465910531454
2017-03-03,1225.5,17.69700050354004,7.111104202968168,-0.0052087888179785935,2.87339516214246,-0.0004519191122320798,4.237709040825708
2017-03-06,1224.5,17.725000381469727,7.110287876392222,-0.0008163265759453253,2.8749760939397553,0.0015809317972954595,4.235311782452467
2017-03-07,1215.0999755859375,17.492000579833984,7.102581636822341,-0.007706239569881035,2.8617436666991978,-0.01323242724055751,4.240837970123144
2017-03-08,1208.5,17.256999969482422,7.097135200143538,-0.005446436678803401,2.8482178564970244,-0.01352581020217336,4.2489173436465135
2017-03-09,1202.4000244140625,16.993000030517578,7.092074858743207,-0.005060341400330515,2.8328014963478596,-0.01541636014916481,4.259273362395348
2017-03-10,1200.699951171875,16.882999420166016,7.090659958370289,-0.0014149003729180265,2.8263071641508053,-0.006494332197054309,4.264352794219484
2017-03-13,1202.4000244140625,16.934999465942383,7.092074858743207,0.0014149003729180265,2.8293824547340027,0.003075290583197443,4.262692404009204
2017-03-14,1201.9000244140625,16.88800048828125,7.0916589372716325,-0.000415921471574876,2.8266033394589307,-0.0027791152750720194,4.265055597812702
2017-03-15,1200.0999755859375,16.88800048828125,7.090160145294039,-0.0014987919775935055,2.8266033394589307,0.0,4.263556805835108
2017-03-16,1226.5,17.29599952697754,7.111919863698544,0.02175971840450508,2.85047523354819,0.02387189408925927,4.261444630150354
2017-03-17,1229.800048828125,17.378999710083008,7.1146068732234875,0.0026870095249433845,2.855262564100567,0.0047873305523769005,4.259344309122921
2017-03-20,1233.5999755859375,17.402999877929688,7.117691983018158,0.003085109794670693,2.8566425981377113,0.0013800340371443731,4.261049384880447
2017-03-21,1246.0999755859375,17.549999237060547,7.127773933356443,0.010081950338284962,2.8650539064395404,0.008411308301829123,4.262720026916902
2017-03-22,1249.300048828125,17.545000076293945,7.13033871252217,0.0025647791657270602,2.8647690133836505,-0.0002848930558898566,4.26556969913852
2017-03-23,1246.9000244140625,17.562999725341797,7.1284157695823485,-0.001922942939821759,2.8657944008011422,0.0010253874174916966,4.262621368781206
2017-03-24,1248.199951171875,17.719999313354492,7.129457753381111,0.0010419837987623026,2.8746939064271877,0.008899505626045467,4.254763846953923
2017-03-27,1255.4000244140625,18.079999923706055,7.135209545330669,0.005751791949558438,2.8948063507442328,0.020112444317045064,4.240403194586436
2017-03-28,1255.300048828125,18.225000381469727,7.135129905721736,-7.96396089333129e-05,2.902794298825845,0.007987948081612295,4.232335606895891
2017-03-29,1253.4000244140625,18.22800064086914,7.133615157268844,-0.0015147484528919009,2.9029589085601355,0.000164609734290444,4.2306562487087085
2017-03-30,1245.0,18.184999465942383,7.126890808898808,-0.006724348370036104,2.9005970490709223,-0.0023618594892131917,4.226293759827886
2017-03-31,1247.300048828125,18.235000610351562,7.128736533278721,0.0018457243799128165,2.903342857732075,0.0027458086611527044,4.225393675546646
2017-04-03,1250.800048828125,18.19099998474121,7.131538664621202,0.0028021313424808625,2.9009269654412693,-0.0024158922908057434,4.230611699179932
2017-04-04,1255.0,18.302000045776367,7.134890851565884,0.0033521869446824226,2.9070103459943537,0.006083380553084439,4.22788050557153
2017-04-05,1245.4000244140625,18.166000366210938,7.127212062041742,-0.00767878952414236,2.8995517352391618,-0.007458610755191941,4.22766032680258
2017-04-06,1250.300048828125,18.225000381469727,7.1311388405540805,0.003926778512338913,2.902794298825845,0.003242563586683289,4.2283445417282355
2017-04-07,1254.300048828125,18.1299991607666,7.134332965959214,0.003194125405133086,2.897567978476996,-0.005226320348849178,4.236764987482218
2017-04-10,1251.0999755859375,17.893999099731445,7.131778423809276,-0.0025545421499373333,2.8844654108142063,-0.01310256766278961,4.24731301299507
2017-04-11,1271.199951171875,18.232999801635742,7.147716576811457,0.015938153002180933,2.903233128177659,0.01876771736345262,4.244483448633798
2017-04-12,1275.300048828125,18.27899932861328,7.150936762320413,0.003220185508955531,2.9057528232045184,0.0025196950268595586,4.245183939115894
2017-04-13,1285.9000244140625,18.48900032043457,7.159214160262366,0.008277397941952813,2.917175977979308,0.011423154774789612,4.242038182283057
2017-04-17,1289.4000244140625,18.493000030517578,7.161932291810956,0.0027181315485904634,2.917392283752963,0.0002163057736548346,4.244540008057993
2017-04-18,1291.699951171875,18.250999450683594,7.163714421436525,0.0017821296255693397,2.904219842950003,-0.013172440802959873,4.259494578486523
2017-04-19,1281.4000244140625,18.13599967956543,7.155708528257568,-0.00800589317895728,2.897898895536802,-0.006320947413200884,4.257809632720766
2017-04-20,1281.9000244140625,17.992000579833984,7.156098650363305,0.0003901221057365234,2.889927246884336,-0.007971648652465912,4.266171403478968
2017-04-21,1287.4000244140625,17.829999923706055,7.160379978582367,0.0042813282190623525,2.880882427596084,-0.009044819288252182,4.279497550986283
2017-04-24,1275.800048828125,17.847999572753906,7.151328750080409,-0.009051228501958164,2.8818914331921937,0.0010090055961096134,4.269437316888215
2017-04-25,1265.5999755859375,17.58099937438965,7.143301577722885,-0.008027172357524037,2.8668187378761942,-0.015072695315999418,4.2764828398466905
2017-04-26,1262.0999755859375,17.35300064086914,7.140532259920585,-0.002769317802299831,2.853765439039683,-0.013053298836511296,4.286766820880902
2017-04-27,1263.699951171875,17.264999389648438,7.141799166125618,0.0012669062050330027,2.8486812954899965,-0.0050841435496864484,4.293117870635621
2017-04-28,1266.0999755859375,17.19099998474121,7.143696569243321,0.0018974031177032558,2.844385990171753,-0.004295305318243514,4.299310579071568
2017-05-01,1253.300048828125,16.780000686645508,7.133535390577122,-0.010161178666199255,2.8201877419595305,-0.024198248212222495,4.313347648617592
2017-05-02,1255.0999755859375,16.768999099731445,7.134970510214514,0.0014351196373922903,2.8195318900784927,-0.0006558518810377834,4.315438620136021
2017-05-03,1246.4000244140625,16.48699951171875,7.128014694704146,-0.0069558155103681685,2.802572161962904,-0.016959728115588657,4.325442532741242
2017-05-04,1226.5,16.243999481201172,7.111919863698544,-0.01609483100560194,2.787723577886177,-0.014848584076727178,4.324196285812367
2017-05-05,1224.800048828125,16.21500015258789,7.110532884209676,-0.001386979488867901,2.7859367491695735,-0.0017868287166034058,4.324596135040103
2017-05-08,1225.300048828125,16.198999404907227,7.110941030805335,0.0004081465956584651,2.7849494752016106,-0.0009872739679628317,4.325991555603724
2017-05-09,1214.300048828125,16.007999420166016,7.101923098270697,-0.009017932534638007,2.7730885610599185,-0.011860914141692103,4.328834537210778
2017-05-10,1217.300048828125,16.150999069213867,7.104390610527375,0.0024675122566781837,2.7819819096261265,0.008893348566207937,4.322408700901248
2017-05-11,1222.699951171875,16.208999633789062,7.108816767215471,0.0044261566880958725,2.7855666209369763,0.0035847113108498085,4.323250146278495
2017-05-12,1226.199951171875,16.34600067138672,7.1116751955079005,0.002858428292429771,2.7939832601673937,0.008416639230417466,4.317691935340507
2017-05-15,1228.5999755859375,16.56100082397461,7.113630568858378,0.001955373350477352,2.807050583361269,0.013067323193875158,4.306579985497109
2017-05-16,1235.0,16.69300079345703,7.118826249062078,0.005195680203700093,2.8149895174055706,0.007938934044301682,4.303836731656507
2017-05-17,1257.5,16.851999282836914,7.136880901973894,0.018054652911816405,2.824469301560213,0.009479784154642346,4.312411600413681
2017-05-18,1251.699951171875,16.621000289916992,7.13225786732453,-0.0046230346493647545,2.8106669735317857,-0.01380232802842718,4.321590893792743
2017-05-19,1252.699951171875,16.75,7.133056461871838,0.0007985945473087952,2.8183982582710754,0.0077312847392896344,4.314658203600763
2017-05-22,1260.699951171875,17.14299964904785,7.13942236250626,0.006365900634421884,2.8415899065533057,0.023191648282230304,4.297832455952955
2017-05-23,1254.800048828125,17.090999603271484,7.134731515229596,-0.004690847276664023,2.8385519859536528,-0.00303792059965291,4.2961795292759435
2017-05-24,1252.4000244140625,17.07699966430664,7.1328170089460725,-0.0019145062835237425,2.8377325092474712,-0.0008194767061815433,4.295084499698602
2017-05-25,1255.800048828125,17.152000427246094,7.135528137562096,0.002711128616023295,2.842114809797795,0.004382300550323848,4.2934133277643
2017-05-26,1267.5999755859375,17.283000946044922,7.144880608556697,0.009352470994601347,2.8497234141568213,0.0076086043590262165,4.295157194399875
2017-05-30,1262.0999755859375,17.38800048828125,7.140532259920585,-0.00434834863611222,2.8557803412080527,0.006056927051231398,4.284751918712532
2017-05-31,1272.0,17.368000030517578,7.148345743900068,0.007813483979482783,2.854629434333106,-0.0011509068749466778,4.293716309566962
2017-06-01,1267.0,17.243000030517578,7.144407180321139,-0.003938563578929077,2.8474062657878476,-0.007223168545258396,4.297000914533291
2017-06-02,1276.800048828125,17.48699951171875,7.152112264938123,0.007705084616984159,2.861457719808994,0.01405145402114627,4.290654545129129
2017-06-05,1279.300048828125,17.547000885009766,7.154068370490834,0.001956105552711307,2.864883045565526,0.003425325756531983,4.289185324925308
2017-06-06,1294.4000244140625,17.677000045776367,7.1658025651655235,0.011734194674689391,2.8722643621433464,0.007381316577820485,4.293538203022177
2017-06-07,1290.0999755859375,17.586999893188477,7.162474994806928,-0.003327570358595544,2.8671599866809045,-0.005104375462441801,4.295315008126023
2017-06-08,1276.300048828125,17.384000778198242,7.151720584246205,-0.010754410560722683,2.855550287719328,-0.011609698961576598,4.296170296526878
2017-06-09,1268.5,17.19300079345703,7.145590379039336,-0.006130205206869022,2.8445023703877137,-0.011047917331614254,4.3010880086516226
2017-06-12,1266.0999755859375,16.913999557495117,7.143696569243321,-0.0018938097960150557,2.828141655197982,-0.01636071518973159,4.3155549140453395
2017-06-13,1265.800048828125,16.738000869750977,7.1434596509161175,-0.00023691832720373895,2.817681635573339,-0.010460019624642936,4.325778015342778
2017-06-14,1272.800048828125,17.10700035095215,7.14897451538634,0.005514864470222314,2.839487756985274,0.021806121411934942,4.309486758401066
2017-06-15,1252.199951171875,16.69099998474121,7.132657244317339,-0.016317271069000938,2.8148696510820876,-0.02461810590318647,4.317787593235251
2017-06-16,1254.0,16.63599967956543,7.134093721192866,0.0014364768755275037,2.8115690026191498,-0.003300648462937872,4.322524718573717
2017-06-19,1244.199951171875,16.482999801635742,7.126247992836324,-0.007845728356542736,2.8023295347147434,-0.009239467904406329,4.323918458121581
2017-06-20,1241.0,16.398000717163086,7.123672785204607,-0.0025752076317164807,2.797159419908775,-0.0051701148059684066,4.326513365295832
2017-06-21,1243.4000244140625,16.354999542236328,7.125604861470159,0.0019320762655521406,2.7945336330011283,-0.002625786907646699,4.331071228469031
2017-06-22,1247.5999755859375,16.489999771118164,7.128976965164826,0.0033721036946667837,2.8027541226914687,0.008220489690340393,4.326222842473357
2017-06-23,1256.199951171875,16.628000259399414,7.135846531150573,0.0068695659857471725,2.811088036990548,0.008333914299079481,4.324758494160025
2017-06-26,1246.300048828125,16.559999465942383,7.127934480010799,-0.007912051139774334,2.806990116707257,-0.0040979202832911454,4.320944363303542
2017-06-27,1246.4000244140625,16.576000213623047,7.128014694704146,8.021469334718034e-05,2.807955878964563,0.0009657622573060465,4.320058815739583
2017-06-28,1248.0,16.71500015258789,7.129297548929373,0.0012828542252272257,2.8163065290008618,0.008350650036298646,4.3129910199285115
2017-06-29,1244.199951171875,16.586000442504883,7.126247992836324,-0.003049556093049688,2.808558992708433,-0.007747536292428858,4.31768900012789
2017-06-30,1240.699951171875,16.56800079345703,7.1234309760935215,-0.002817016742802103,2.8074731719842183,-0.0010858207242145923,4.315957804109303
2017-07-03,1217.9000244140625,16.03700065612793,7.104883363139097,-0.018547612954424864,2.7748985934400543,-0.03257457854416401,4.329984769699042
2017-07-05,1220.4000244140625,15.842000007629395,7.106933972847482,0.0020506097083856645,2.762664641523681,-0.012233951916373442,4.344269331323801
2017-07-06,1222.199951171875,15.927000045776367,7.1084077525098035,0.0014737796623212063,2.7680157851437803,0.005351143620099474,4.340391967366023
2017-07-07,1208.5999755859375,15.371000289916992,7.097217923727174,-0.011189828782629085,2.7324826361040917,-0.03553314903968863,4.364735287623082
2017-07-10,1212.0999755859375,15.57699966430664,7.100109651334512,0.002891727607337913,2.74579544579389,0.01331280968979831,4.354314205540622
2017-07-11,1213.5999755859375,15.696999549865723,7.101346407917264,0.0012367565827515747,2.7534695826166167,0.007674136822726663,4.347876825300647
2017-07-12,1218.0999755859375,15.83899974822998,7.1050475266631725,0.003701118745908616,2.7624752371847077,0.009005654568090993,4.342572289478465
2017-07-13,1216.300048828125,15.642000198364258,7.103568782769194,-0.001478743893978951,2.749959616860935,-0.012515620323772847,4.353609165908258
2017-07-14,1226.5999755859375,15.883999824523926,7.112001373288033,0.008432590518839156,2.7653123022216572,0.015352685360722429,4.3466890710663755
2017-07-17,1232.800048828125,16.049999237060547,7.117043323613404,0.00504195032537158,2.7757088020408553,0.010396499819198102,4.3413345215725485
2017-07-18,1241.0999755859375,16.222000122070312,7.123753342464165,0.006710018850760946,2.7863683531731382,0.010659551132282896,4.337384989291027
2017-07-19,1241.199951171875,16.250999450683594,7.1238338932347745,8.055077060920013e-05,2.7881544115418646,0.001786058368726362,4.33567948169291
2017-07-20,1244.800048828125,16.298999786376953,7.126730192649805,0.0028962994150303345,2.791103743130983,0.0029493315891184757,4.335626449518822
2017-07-21,1254.300048828125,16.40999984741211,7.134332965959214,0.007602773309408839,2.79789089580353,0.0067871526725467035,4.336442070155684
2017-07-24,1253.9000244140625,16.398000717163086,7.134013992666994,-0.0003189732922193045,2.797159419908775,-0.0007314758947547517,4.336854572758219
2017-07-25,1251.699951171875,16.496999740600586,7.13225786732453,-0.0017561253424647205,2.8031785304697516,0.006019110560976593,4.329079336854778
2017-07-26,1249.0,16.415000915527344,7.130098510125578,-0.0021593571989519944,2.7981956067273797,-0.00498292374237197,4.331902903398198
2017-07-27,1259.5999755859375,16.52899932861328,7.1385494698444765,0.008450959718898865,2.8051163733165017,0.006920766589121996,4.333433096527974
2017-07-28,1268.4000244140625,16.663999557495117,7.145511561912112,0.006962092067635872,2.813250677404129,0.008134304087627164,4.332260884507983
2017-07-31,1266.5999755859375,16.75,7.144091404807055,-0.0014201571050573847,2.8183982582710754,0.005147580866946555,4.325693146535979
2017-08-01,1272.5999755859375,16.72800064086914,7.1488173116142955,0.004725906807240499,2.8170840004374953,-0.0013142578335800792,4.3317333111768
2017-08-02,1271.800048828125,16.69700050354004,7.148188537226234,-0.0006287743880610819,2.8152290927243353,-0.0018549077131599923,4.332959444501899
2017-08-03,1267.800048828125,16.5939998626709,7.145038432364125,-0.0031501048621089822,2.809041175966265,-0.006187916758070511,4.33599725639786
2017-08-04,1258.300048828125,16.222000122070312,7.137516921402757,-0.007521510961367994,2.7863683531731382,-0.022672822793126546,4.351148568229619
2017-08-07,1258.199951171875,16.22100067138672,7.137437368328008,-7.955307474905027e-05,2.7863067404579476,-6.161271519067313e-05,4.351130627870061
2017-08-08,1256.4000244140625,16.360000610351562,7.13600578709625,-0.0014315812317580168,2.794839368482153,0.008532628024205291,4.3411664186140975
2017-08-09,1273.0,16.833999633789062,7.149131598557407,0.013125811461156545,2.8234006290351403,0.028561260552987466,4.325730969522267
2017-08-10,1283.699951171875,17.035999298095703,7.157501774053858,0.00837017549645136,2.835328710859728,0.01192808182458771,4.32217306319413
2017-08-11,1287.699951171875,17.041000366210938,7.160612922360871,0.0031111483070125345,2.8356222266152464,0.00029351575551839204,4.324990695745624
2017-08-14,1284.199951171875,17.093000411987305,7.157891197337735,-0.0027217250231359458,2.8386690470768223,0.0030468204615758943,4.319222150260913
2017-08-15,1273.699951171875,16.690000534057617,7.149681291260057,-0.008209906077677687,2.814809769672402,-0.023859277404420176,4.3348715215876545
2017-08-16,1276.9000244140625,16.91699981689453,7.152190563550428,0.0025092722903705678,2.8283190226693993,0.013509252996997123,4.323871540881028
2017-08-17,1286.4000244140625,17.030000686645508,7.159602917403295,0.007412353852867426,2.8349765349943556,0.006657512324956372,4.3246263824089395
2017-08-18,1285.699951171875,16.979999542236328,7.15905855811235,-0.0005443592909450956,2.83203615392421,-0.0029403810701458255,4.32702240418814
2017-08-21,1290.800048828125,16.9950008392334,7.1630174980056065,0.0039589398932564634,2.8329192325292727,0.0008830786050628703,4.330098265476334
2017-08-22,1285.0999755859375,16.961999893188477,7.158591796315303,-0.004425701690303541,2.8309755416424016,-0.0019436908868710745,4.327616254672901
2017-08-23,1288.9000244140625,17.031999588012695,7.161544439352515,0.0029526430372124324,2.835093903402163,0.004118361759761324,4.326450535950352
2017-08-24,1286.5,16.95199966430664,7.159680631721799,-0.001863807630716252,2.830385801163416,-0.004708102238746736,4.329294830558383
2017-08-25,1292.5,17.038000106811523,7.164333606382584,0.00465297466078507,2.8354461498896666,0.0050603487262503855,4.328887456492918
2017-08-28,1309.699951171875,17.430999755859375,7.177553345053441,0.013219738670856351,2.8582502162266112,0.02280406633694465,4.31930312882683
2017-08-29,1313.0999755859375,17.422000885009766,7.180146014272268,0.0025926692188278366,2.8577338261951013,-0.000516390031509939,4.322412188077167
2017-08-30,1308.0999755859375,17.40399932861328,7.176330963030423,-0.0038150512418457794,2.8567000262818576,-0.0010337999132437048,4.319630936748565
2017-08-31,1316.199951171875,17.479999542236328,7.182504038924217,0.006173075893794788,2.861057344039536,0.004357317757678558,4.321446694884681
2017-09-01,1324.5,17.7189998626709,7.188790308712124,0.006286269787906917,2.8746375024255455,0.013580158386009344,4.314152806286579
2017-09-05,1339.199951171875,17.844999313354492,7.199827663274544,0.011037354562419388,2.881723318463809,0.007085816038263637,4.318104344810735
2017-09-06,1333.9000244140625,17.81599998474121,7.195862279449766,-0.003965383824777291,2.880096929098601,-0.0016263893652079808,4.315765350351166
2017-09-07,1345.0999755859375,18.016000747680664,7.204223620564166,0.008361341114399679,2.891260293458204,0.011163364359602745,4.312963327105962
2017-09-08,1346.0,18.027000427246094,7.204892510204673,0.0006688896405071532,2.891870657720244,0.0006103642620400862,4.313021852484429
2017-09-11,1331.0,17.80699920654297,7.193685818395112,-0.011206691809561242,2.8795915938604617,-0.01227906385978228,4.31409422453465
2017-09-12,1328.0,17.795000076293945,7.191429330036379,-0.002256488358733044,2.878917523249537,-0.0006740706109247263,4.312511806786842
2017-09-13,1323.4000244140625,17.77199935913086,7.187959480025944,-0.003469850010435316,2.8776241490130525,-0.001293374236484457,4.310335331012891
2017-09-14,1324.699951171875,17.697999954223633,7.188941260830455,0.0009817808045111676,2.873451636258631,-0.004172512754421653,4.315489624571824
2017-09-15,1320.4000244140625,17.611000061035156,7.185690018468937,-0.0032512423615180808,2.868523710278689,-0.004927925979941961,4.317166308190248
2017-09-18,1306.300048828125,17.070999145507812,7.1749540298714685,-0.010735988597468271,2.837381067343422,-0.031142642935266807,4.337572962528046
2017-09-19,1306.199951171875,17.19499969482422,7.174877400086743,-7.662978472566806e-05,2.8446186261362922,0.007237558792870136,4.330258773950451
2017-09-20,1312.0,17.250999450683594,7.179307969504034,0.004430569417291252,2.8478700809690234,0.0032514548327311488,4.33143788853501
2017-09-21,1290.5999755859375,16.937000274658203,7.162862486584908,-0.016445482919126064,2.829500594125445,-0.018369486843578198,4.333361892459463
2017-09-22,1293.300048828125,16.902999877929688,7.164952408175876,0.0020899215909677693,2.8274911137462273,-0.0020094803792178872,4.337461294429648
2017-09-25,1306.800048828125,17.05900001525879,7.1753367170915645,0.010384308915688756,2.836677924592854,0.00918681084662687,4.338658792498711
2017-09-26,1297.0,16.804000854492188,7.167809184316444,-0.007527532775120527,2.821617004157657,-0.015060920435197023,4.346192180158787
2017-09-27,1283.4000244140625,16.74799919128418,7.157268104339371,-0.010541079977072876,2.8182787998695886,-0.0033382042880685248,4.3389893044697825
2017-09-28,1285.5,16.773000717163086,7.158903026705945,0.001634922366573477,2.8197704934696124,0.001491693600023769,4.339132533236333
2017-09-29,1281.5,16.60700035095215,7.155786545804125,-0.003116480901819152,2.8098243143574,-0.009946179112212405,4.345962231446725
2017-10-02,1272.699951171875,16.584999084472656,7.1488958686322235,-0.006890677171901949,2.808498617196883,-0.0013256971605168921,4.34039725143534
2017-10-03,1271.5,16.58099937438965,7.147952584862174,-0.0009432837700495966,2.8082574237886786,-0.00024119340820449864,4.339695161073495
2017-10-04,1273.699951171875,16.562999725341797,7.149681291260057,0.0017287063978832506,2.8071712753873808,-0.0010861484012978373,4.342510015872676
2017-10-05,1269.9000244140625,16.582000732421875,7.146693455420173,-0.0029878358398844895,2.8083178138637206,0.0011465384763398312,4.338375641556452
2017-10-06,1271.5999755859375,16.733999252319336,7.148031209837164,0.0013377544169914657,2.817442533193075,0.009124719329354214,4.330588676644089
2017-10-09,1281.800048828125,16.916000366210938,7.15602065716353,0.007989447326365529,2.828259941259032,0.010817408065957324,4.327760715904498
2017-10-10,1290.5999755859375,17.155000686645508,7.162862486584908,0.006841829421378343,2.842289716336382,0.014029775077349704,4.320572770248527
2017-10-11,1285.800048828125,17.08099937438965,7.1591364096824845,-0.0037260769024234364,2.8379666980298266,-0.0043230183065552374,4.321169711652658
2017-10-12,1293.300048828125,17.211000442504883,7.164952408175876,0.005815998493391206,2.8455487399984287,0.007582041968602127,4.319403668177447
2017-10-13,1301.5,17.354999542236328,7.17127272443462,0.006320316258744185,2.853880622937277,0.008331882938848345,4.317392101497343
2017-10-16,1299.9000244140625,17.315000534057617,7.170042636195466,-0.00123008823915427,2.8515732086980243,-0.0023074142392527364,4.318469427497441
2017-10-17,1283.0,16.98699951171875,7.1569563646156364,-0.013086271579829223,2.832448316892766,-0.019124891805258226,4.324508047722871
2017-10-18,1279.9000244140625,16.94300079345703,7.154537247936722,-0.002419116678914257,2.829854816006933,-0.002593500885833322,4.324682431929789
2017-10-19,1286.9000244140625,17.201000213623047,7.159991523470839,0.005454275534116704,2.844967534083476,0.015112718076543352,4.315023989387363
2017-10-20,1277.4000244140625,17.02199935913086,7.152582060239797,-0.007409463231041968,2.834506587405307,-0.010460946678169325,4.31807547283449
2017-10-23,1277.699951171875,17.02400016784668,7.152816827381636,0.00023476714183878755,2.834624123018649,0.00011753561334204576,4.318192704362987
2017-10-24,1275.0,16.906999588012695,7.150701457592526,-0.0021153697891094225,2.827727712986975,-0.006896410031673739,4.322973744605552
2017-10-25,1275.4000244140625,16.868000030517578,7.15101515302345,0.00031369543092374386,2.825418337693513,-0.0023093752934619793,4.325596815329937
2017-10-26,1266.300048828125,16.763999938964844,7.143854580016244,-0.0071605730072059615,2.8192337264219782,-0.006184611271534912,4.324620853594266
2017-10-27,1268.5,16.70199966430664,7.145590379039336,0.0017357990230921772,2.8155284526320457,-0.0037052737899325727,4.330061926407291
2017-10-30,1274.0999755859375,16.802000045776367,7.149995306825525,0.004404927786188395,2.8214979296671148,0.005969477035069115,4.32849737715841
2017-10-31,1267.0,16.645000457763672,7.144407180321139,-0.005588126504386004,2.8121098985285604,-0.009388031138554354,4.332297281792578
2017-11-01,1274.0999755859375,17.131999969482422,7.149995306825525,0.005588126504386004,2.8409480579718043,0.02883815944324386,4.30904724885372
2017-11-02,1274.9000244140625,17.0939998626709,7.150623042293863,0.0006277354683383862,2.838727516710066,-0.002220541261738429,4.311895525583797
2017-11-03,1266.5,16.79400062561035,7.14401246944173,-0.0066105728521330676,2.8210217170133864,-0.017705799696679403,4.3229907524283435
2017-11-06,1279.4000244140625,17.19499969482422,7.154146516098468,0.010134046656737894,2.8446186261362922,0.023596909122905796,4.309527889962176
2017-11-07,1273.699951171875,16.905000686645508,7.149681291260057,-0.00446522483841072,2.827609476777743,-0.017009149358549358,4.322071814482314
2017-11-08,1281.5999755859375,17.106000900268555,7.155864557264421,0.006183266004363475,2.8394293317874064,0.011819855009663538,4.316435225477014
2017-11-09,1285.5999755859375,16.94300079345703,7.1589807954329,0.0031162381684790574,2.829854816006933,-0.009574515780473636,4.329125979425967
2017-11-10,1272.4000244140625,16.8439998626709,7.1486601790624,-0.010320616370499636,2.8239945021466832,-0.005860313860249544,4.324665676915717
2017-11-13,1277.300048828125,17.023000717163086,7.152503792276339,0.003843613213939001,2.8345654129614983,0.010570910814815093,4.317938379314841
2017-11-14,1281.5,17.052000045776367,7.155786545804125,0.0032827535277863973,2.83626750158748,0.0017020886259815349,4.319519044216646
2017-11-15,1276.5,16.950000762939453,7.151877236681538,-0.003909309122587246,2.8302678788376356,-0.0059996227498442245,4.3216093578439025
2017-11-16,1277.4000244140625,17.055999755859375,7.152582060239797,0.0007048235582587381,2.836502033669373,0.006234154831737282,4.3160800265704236
2017-11-17,1295.800048828125,17.357999801635742,7.166883581697694,0.014301521457896982,2.8540534837942237,0.01755145012485082,4.31283009790347
2017-11-20,1274.5999755859375,16.82699966430664,7.1503876637259,-0.016495917971793617,2.822984719244624,-0.031068764549599948,4.3274029444812765
2017-11-21,1281.0999755859375,16.948999404907227,7.155474343805278,0.00508668007937807,2.8302087999251273,0.0072240806805035085,4.3252655438801515
2017-11-22,1291.5999755859375,17.10099983215332,7.163637019981935,0.008162676176656447,2.8391369315158954,0.008928131590768107,4.324500088466039
2017-11-24,1286.699951171875,16.981000900268555,7.159836042242607,-0.003800977739327749,2.83209512498039,-0.007041806535505568,4.327740917262217
2017-11-27,1293.800048828125,17.009000778198242,7.1653389413499715,0.005502899107364456,2.833742661484099,0.0016475365037091905,4.331596279865872
2017-11-28,1294.699951171875,16.81100082397461,7.166034249350748,0.000695308000776329,2.8220334830649354,-0.011709178419163635,4.344000766285813
2017-11-29,1282.0999755859375,16.457000732421875,7.156254618516409,-0.009779630834338526,2.8007509631184324,-0.021282519946502987,4.3555036553979765
2017-11-30,1273.199951171875,16.381999969482422,7.149288657057226,-0.0069659614591834895,2.7961831692305377,-0.004567793887894744,4.353105487826689
2017-12-01,1278.800048828125,16.297000885009766,7.153677455368455,0.004388798311229181,2.7909810960989225,-0.005202073131615137,4.362696359269533
2017-12-04,1274.300048828125,16.284000396728516,7.150152325535839,-0.003525129832616436,2.7901830550038196,-0.0007980410951029526,4.359969270532019
2017-12-05,1261.5999755859375,15.972999572753906,7.140136016297162,-0.01001630923867669,2.7708997700598013,-0.01928328494401832,4.36923624623736
2017-12-06,1262.800048828125,15.868000030517578,7.1410867953503905,0.0009507790532286009,2.764304504575299,-0.0065952654845022884,4.3767822907750915
2017-12-07,1249.800048828125,15.71500015258789,7.130738856563732,-0.010347938786658517,2.754615679959228,-0.009688824616071123,4.376123176604504
2017-12-08,1245.199951171875,15.736000061035156,7.127051399354374,-0.003687457209357703,2.755951084965454,0.001335405006225976,4.37110031438892
2017-12-11,1243.699951171875,15.696999549865723,7.125846047399322,-0.0012053519550523362,2.7534695826166167,-0.00248150234883715,4.372376464782706
2017-12-12,1238.5,15.581999778747559,7.121656248929415,-0.004189798469907302,2.7461163877094337,-0.007353194907183003,4.3755398612199805
2017-12-13,1245.4000244140625,15.784000396728516,7.127212062041742,0.005555813112327002,2.7589967938551667,0.012880406145733048,4.3682152681865745
2017-12-14,1253.800048828125,15.850000381469727,7.133934257783977,0.006722195742235648,2.76316952439078,0.0041727305356134,4.370764733393197
2017-12-15,1254.300048828125,15.977999687194824,7.134332965959214,0.0003987081752363508,2.771212756482608,0.008043232091827779,4.363120209476605
2017-12-18,1262.199951171875,16.1200008392334,7.1406114704652035,0.006278504505989879,2.780060789140106,0.008848032657498006,4.360550681325098
2017-12-19,1260.699951171875,16.06599998474121,7.13942236250626,-0.0011891079589432252,2.776705236801864,-0.0033555523382418073,4.362717125704396
2017-12-20,1266.0999755859375,16.187999725341797,7.143696569243321,0.004274206737060915,2.784270210046841,0.007564973244976958,4.35942635919648
2017-12-21,1267.300048828125,16.152000427246094,7.144643970617273,0.0009474013739518838,2.7820439074621266,-0.002226302584714457,4.3626000631551465
2017-12-22,1275.4000244140625,16.35700035095215,7.15101515302345,0.006371182406176956,2.7946559617321656,0.012612054270038975,4.3563591912912845
2017-12-26,1284.0999755859375,16.520000457763672,7.157813343824642,0.006798190801191595,2.804571795802497,0.009915834070331364,4.353241548022145
2017-12-27,1287.0,16.618999481201172,7.160069207596127,0.0022558637714853447,2.810546587928175,0.005974792125678086,4.349522619667952
2017-12-28,1294.0999755859375,16.832000732421875,7.165570732961955,0.005501525365827931,2.8232818800689556,0.012735292140780619,4.342288852892999
2017-12-29,1306.300048828125,17.059999465942383,7.1749540298714685,0.009383296909513561,2.8367365107588656,0.01345463068990993,4.338217519112603
2018-01-02,1313.699951171875,17.121000289916992,7.180602825307063,0.0056487954355946,2.840305797156095,0.003569286397229643,4.340297028150967
2018-01-03,1316.199951171875,17.184999465942383,7.182504038924217,0.0019012136171543403,2.8440368792248334,0.0037310820687381785,4.338467159699384
2018-01-04,1319.4000244140625,17.18899917602539,7.184932385292683,0.0024283463684655615,2.844269596409861,0.0002327171850278198,4.340662788882822
2018-01-05,1320.300048828125,17.204999923706055,7.185614299467753,0.0006819141750700197,2.845200034815038,0.0009304384051769254,4.340414264652715
2018-01-08,1318.5999755859375,17.06399917602539,7.18432582816406,-0.0012884713036926954,2.836970932881741,-0.008229101933296956,4.347354895282319
2018-01-09,1311.699951171875,16.93600082397461,7.179079247596029,-0.005246580568031511,2.829441582484819,-0.007529350396922041,4.34963766511121
2018-01-10,1317.4000244140625,16.96299934387207,7.183415394738597,0.004336147142567803,2.831034462833639,0.0015928803488196586,4.352380931904958
2018-01-11,1320.5999755859375,16.893999099731445,7.185841439273372,0.0024260445347756843,2.8269584760160558,-0.004075986817583033,4.358882963257317
2018-01-12,1333.4000244140625,17.069000244140625,7.195487368493591,0.009645929220218896,2.837263967085355,0.010305491069299233,4.358223401408236
2018-01-16,1335.4000244140625,17.121999740600586,7.196986169705978,0.00149880121238688,2.8403641711702288,0.00310020408487377,4.356621998535749
2018-01-17,1338.0,17.104999542236328,7.198931240688173,0.0019450709821953183,2.839370791667587,-0.000993379502641556,4.359560449020586
2018-01-18,1326.0,16.89299964904785,7.189922170745808,-0.0090090699423655,2.8268993141655865,-0.012471477502000727,4.363022856580221
2018-01-19,1331.9000244140625,16.975000381469727,7.194361791537236,0.004439620791428567,2.831741695917203,0.0048423817516165535,4.362620095620033
2018-01-22,1330.9000244140625,16.930999755859375,7.193610702436535,-0.0007510891007012077,2.829146246726354,-0.002595449190848864,4.364464455710181
2018-01-23,1335.699951171875,16.854999542236328,7.1972107414268525,0.0036000389903172447,2.8246473215270993,-0.004498925199254877,4.372563419899754
2018-01-24,1355.9000244140625,17.424999237060547,7.212220737474062,0.015009996047209206,2.8579059128624,0.033258591335300736,4.354314824611661
2018-01-25,1362.4000244140625,17.551000595092773,7.217003147268372,0.004782409794310105,2.8651109622520408,0.0072050493896407275,4.351892185016331
2018-01-26,1351.5999755859375,17.381999969482422,7.209044336777052,-0.007958810491319745,2.855435186259568,-0.009675775992472602,4.353609150517483
2018-01-30,1335.4000244140625,17.01300048828125,7.196986169705978,-0.012058167071073989,2.8339777864004794,-0.021457399859088788,4.363008383305498
2018-01-31,1339.0,17.20400047302246,7.199678345691172,0.002692175985194112,2.8451419424164013,0.011164156015921911,4.354536403274771
2018-02-01,1344.300048828125,17.118000030517578,7.203628746782549,0.003950401091376676,2.840130543242195,-0.0050113991742062325,4.363498203540354
2018-02-02,1333.699951171875,16.676000595092773,7.195712277017322,-0.00791646976522653,2.813970595704132,-0.026159947538062944,4.381741681313191
2018-02-05,1333.0,16.638999938964844,7.195187320178709,-0.0005249568386131997,2.8117493337651718,-0.0022212619389603283,4.383437986413537
2018-02-06,1326.0999755859375,16.54800033569336,7.1899975642731295,-0.005189755905579574,2.8062652688852032,-0.005484064879968553,4.383732295387926
2018-02-07,1311.5999755859375,16.20599937438965,7.179003026356539,-0.010994537916590552,2.7853815054349074,-0.020883763450295856,4.393621520921632
2018-02-08,1316.9000244140625,16.31399917602539,7.183035787255215,0.004032760898676102,2.7920235843711785,0.006642078936271112,4.391012202884037
2018-02-09,1313.0999755859375,16.115999221801758,7.180146014272268,-0.002889772982946681,2.7798125190417924,-0.012211065329386095,4.400333495230476
2018-02-12,1324.199951171875,16.54800033569336,7.188563745617067,0.008417731344798618,2.8062652688852032,0.02645274984341084,4.382298476731863
2018-02-13,1328.0999755859375,16.506999969482422,7.191504610023506,0.0029408644064385925,2.803784531516638,-0.0024807373685651335,4.3877200785068675
2018-02-14,1355.5,16.857999801635742,7.21192566893872,0.02042105891521473,2.8248253098085176,0.02104077829187956,4.387100359130203
2018-02-15,1352.0999755859375,16.777000427246094,7.209414200308309,-0.0025114686304110734,2.8200089262544425,-0.004816383554075099,4.389405274053867
2018-02-16,1353.199951171875,16.69499969482422,7.210227400823102,0.0008132005147931665,2.815109255116146,-0.00489967113829648,4.395118145706956
2018-02-20,1328.800048828125,16.424999237060547,7.192031595045115,-0.01819580577798785,2.7988045179207823,-0.01630473719536374,4.393227077124332
2018-02-21,1330.0,16.604000091552734,7.1929342212158,0.0009026261706850391,2.809643635704689,0.010839117783906449,4.38329058551111
2018-02-22,1330.5999755859375,16.57900047302246,7.1933852289596265,0.00045100774382689224,2.808136862788751,-0.0015067729159379262,4.385248366170876
2018-02-23,1328.199951171875,16.47599983215332,7.191579884343983,-0.0018053446156436337,2.80190476638649,-0.006232096402260634,4.389675117957493
2018-02-26,1330.699951171875,16.54199981689453,7.193460361856133,0.001880477512149703,2.8059025902005894,0.003997823814099188,4.387557771655543
2018-02-27,1315.5,16.34600067138672,7.181972100480348,-0.011488261375784958,2.7939832601673937,-0.011919330033195674,4.387988840312953
2018-02-28,1315.5,16.323999404907227,7.181972100480348,0.0,2.792636381088476,-0.0013468790789179508,4.389335719391871
2018-03-01,1302.9000244140625,16.200000762939453,7.172347846947133,-0.0096242535332145,2.785011289333365,-0.0076250917551106134,4.387336557613768
2018-03-02,1321.0999755859375,16.392000198364258,7.186219983404206,0.013872136457073303,2.796793423037883,0.011782133704517861,4.389426560366323
2018-03-05,1318.0999755859375,16.33799934387207,7.183946566196258,-0.0022734172079488246,2.793493642760053,-0.0032997802778300667,4.390452923436205
2018-03-06,1333.5999755859375,16.71500015258789,7.195637313129699,0.011690746933441076,2.8163065290008618,0.022812886240808794,4.379330784128837
2018-03-07,1326.0,16.42799949645996,7.189922170745808,-0.005715142383890814,2.7989871654429823,-0.01731936355787944,4.3909350053028255
2018-03-08,1319.9000244140625,16.43600082397461,7.185311273631812,-0.004610897113995982,2.7994741011534696,0.0004869357104873018,4.385837172478342
2018-03-09,1322.4000244140625,16.54599952697754,7.187203564968749,0.0018922913369374683,2.8061443521796634,0.006670251026193785,4.381059212789086
2018-03-12,1319.4000244140625,16.47100067138672,7.184932385292683,-0.0022711796760663816,2.801601299562284,-0.004543052617379306,4.383331085730399
2018-03-13,1325.9000244140625,16.55900001525879,7.189846771533873,0.004914386241190449,2.806929761581827,0.005328462019543068,4.382917009952046
2018-03-14,1324.4000244140625,16.466999053955078,7.188714824107146,-0.0011319474267272867,2.801358320784902,-0.0055714407969249535,4.387356503322244
2018-03-15,1316.800048828125,16.35300064086914,7.182959867003701,-0.00575495710344498,2.794411405939951,-0.006946914844951024,4.38854846106375
2018-03-16,1311.300048828125,16.20199966430664,7.178774327773803,-0.004185539229897728,2.785134670689045,-0.00927673525090622,4.3936396570847585
2018-03-19,1316.800048828125,16.2549991607666,7.182959867003701,0.004185539229897728,2.788400502126621,0.0032658314375759723,4.394559364877081
2018-03-20,1311.0999755859375,16.125,7.178621739884303,-0.004338127119398294,2.780370862681836,-0.008029639444784742,4.398250877202466
2018-03-21,1320.699951171875,16.35700035095215,7.18591714107836,0.0072954011940575825,2.7946559617321656,0.014285099050329375,4.391261179346195
2018-03-22,1326.5999755859375,16.327999114990234,7.190374538687971,0.004457397609610503,2.792881371305572,-0.0017745904265935586,4.3974931673823985
2018-03-23,1349.300048828125,16.530000686645508,7.207341254624486,0.016966715936515442,2.805176953372285,0.012295582066712996,4.402164301252201
2018-03-26,1354.4000244140625,16.631999969482422,7.211113848844666,0.0037725942201793927,2.8113285487208404,0.006151595348555361,4.399785300123826
2018-03-27,1341.300048828125,16.48900032043457,7.2013946083116265,-0.009719240533039297,2.8026935113520635,-0.00863503736877691,4.398701096959563
2018-03-28,1324.199951171875,16.204999923706055,7.188563745617067,-0.012830862694559464,2.785319831885461,-0.01737367946660262,4.403243913731606
2018-03-29,1322.800048828125,16.222999572753906,7.187506018020341,-0.0010577275967262878,2.7864299620924364,0.0011101302069755903,4.401076055927904
2018-04-02,1342.0999755859375,16.62700080871582,7.201990812212818,0.014484794192477501,2.8110279286969506,0.024597966604514188,4.390962883515868
2018-04-03,1332.800048828125,16.347000122070312,7.195037308048326,-0.0069535041644925855,2.794044401736515,-0.01698352696043548,4.40099290631181
2018-04-04,1335.800048828125,16.208999633789062,7.197285678845005,0.0022483707966793887,2.7855666209369763,-0.00847778079953887,4.411719057908028
2018-04-05,1324.300048828125,16.31999969482422,7.188639333803812,-0.00864634504119266,2.7923913308364643,0.006824709899488024,4.396248002967348
2018-04-06,1331.9000244140625,16.332000732421875,7.194361791537236,0.005722457733424058,2.793126418303145,0.0007350874666807172,4.401235373234091
2018-04-09,1336.300048828125,16.499000549316406,7.197659916326807,0.0032981247895707,2.803299806303228,0.010173388000083161,4.3943601100235785
2018-04-10,1342.0,16.56599998474121,7.201916317531627,0.004256401204820293,2.8073524012549815,0.004052594951753363,4.394563916276645
2018-04-11,1356.5,16.738000869750977,7.212663132098986,0.010746814567358598,2.817681635573339,0.010329234318357639,4.394981496525647
2018-04-12,1338.4000244140625,16.44300079345703,7.199230167913845,-0.013432964185141394,2.799899902987092,-0.017781732586247045,4.3993302649267525
2018-04-13,1344.800048828125,16.628000259399414,7.204000618403243,0.004770450489398392,2.811088036990548,0.011188134003456085,4.392912581412695
2018-04-16,1347.5,16.66200065612793,7.206006302783152,0.0020056843799087787,2.8131307169314184,0.0020426799408701513,4.392875585851733
2018-04-17,1347.199951171875,16.77199935913086,7.205783607243907,-0.00022269553924481045,2.8197107910978585,0.006580074166440131,4.386072816146049
2018-04-18,1351.199951171875,17.231000900268555,7.20874832935673,0.0029647221128232815,2.84671013940799,0.0269993483101314,4.36203818994874
2018-04-19,1346.800048828125,17.222000122070312,7.205486723541838,-0.003261605814892654,2.8461876433620183,-0.0005224960459715433,4.359299080179819
2018-04-20,1336.699951171875,17.14699935913086,7.1979591324485686,-0.007527591093269059,2.8418231938217127,-0.0043644495403056816,4.356135938626856
2018-04-23,1322.5,16.570999145507812,7.1872791637324545,-0.010679968716114097,2.807654128082138,-0.03416906573957457,4.379625035650316
2018-04-24,1331.4000244140625,16.687000274658203,7.193986317503739,0.006707153771284169,2.8146299896241773,0.006975861542039219,4.379356327879561
2018-04-25,1321.199951171875,16.486000061035156,7.186295656559228,-0.007690660944510874,2.8025115395932776,-0.01211845003089973,4.38378411696595
2018-04-26,1316.300048828125,16.488000869750977,7.182580086526343,-0.0037155700328845853,2.802632896338701,0.00012135674542346209,4.379947190187642
2018-04-27,1320.300048828125,16.4060001373291,7.185614299467753,0.0030342129414098196,2.7976471299512213,-0.0049857663874797176,4.387967169516532
2018-04-30,1316.199951171875,16.312000274658203,7.182504038924217,-0.0031102605435355812,2.7919010501099546,-0.005746079841266738,4.390602988814263
2018-05-01,1303.800048828125,16.038999557495117,7.173038393941063,-0.009465644983154498,2.775023228765934,-0.016877821344020383,4.398015165175129
2018-05-02,1302.5999755859375,16.291000366210938,7.172117527369738,-0.0009208665713247299,2.7906128305633726,0.015589601797438402,4.381504696806365
2018-05-03,1310.699951171875,16.36199951171875,7.178316587372028,0.006199060002289869,2.794961543249112,0.004348712685739553,4.383355044122916
2018-05-04,1312.699951171875,16.43400001525879,7.179841326612648,0.001524739240619688,2.799352360437485,0.004390817188372864,4.380488966175163
2018-05-07,1312.199951171875,16.413000106811523,7.17946035969989,-0.00038096691275768535,2.7980737102575377,-0.001278650179947327,4.381386649442352
2018-05-08,1312.0,16.38800048828125,7.179307969504034,-0.00015239019585600033,2.7965493894796722,-0.0015243207778654622,4.382758580024362
2018-05-09,1311.300048828125,16.45800018310547,7.178774327773803,-0.0005336417302306273,2.800811692309142,0.004262302829469711,4.3779626354646615
2018-05-10,1320.800048828125,16.68000030517578,7.185992929574516,0.007218601800712321,2.8142104152265106,0.013398722917368655,4.371782514348006
2018-05-11,1319.0,16.676000595092773,7.1846291527173145,-0.0013637768572012376,2.813970595704132,-0.0002398195223785038,4.370658557013183
2018-05-14,1316.5,16.56999969482422,7.182731978936364,-0.0018971737809501121,2.8075938130211036,-0.006376782683028548,4.375138165915261
2018-05-15,1288.9000244140625,16.194000244140625,7.161544439352515,-0.021187539583849002,2.784640818339915,-0.02295299468118861,4.3769036210126
2018-05-16,1290.199951171875,16.297000885009766,7.162552486252748,0.0010080469002327064,2.7909810960989225,0.006340277759007584,4.371571390153825
2018-05-17,1288.199951171875,16.413000106811523,7.1610011362086405,-0.0015513500441075578,2.7980737102575377,0.007092614158615174,4.362927425951103
2018-05-18,1290.199951171875,16.386999130249023,7.162552486252748,0.0015513500441075578,2.7964882844884174,-0.0015854257691203522,4.366064201764331
2018-05-21,1290.199951171875,16.45199966430664,7.162552486252748,0.0,2.800447029963767,0.003958745475349801,4.362105456288981
2018-05-22,1291.699951171875,16.507999420166016,7.163714421436525,0.001161935183777274,2.8038450767659113,0.0033980468021441723,4.359869344670614
2018-05-23,1289.300048828125,16.33799934387207,7.161854752288601,-0.0018596691479242367,2.793493642760053,-0.010351434005858362,4.368361109528548
2018-05-24,1303.699951171875,16.621000289916992,7.172961617215234,0.011106864926633264,2.8106669735317857,0.017173330771732775,4.362294643683448
2018-05-25,1303.300048828125,16.481000900268555,7.172654826001666,-0.0003067912135685802,2.802208256876673,-0.008458716655112664,4.370446569124993
2018-05-29,1298.699951171875,16.30500030517578,7.16911900551835,-0.003535820483316243,2.7914718279579813,-0.010736428918691754,4.377647177560368
2018-05-30,1301.5,16.479000091552734,7.17127272443462,0.002153718916270364,2.8020868485843144,0.010615020626333127,4.369185875850306
2018-05-31,1300.0999755859375,16.402000427246094,7.17019644478952,-0.0010762796451002643,2.7974033046626334,-0.0046835439216810215,4.372793140126886
2018-06-01,1294.800048828125,16.38800048828125,7.166111559763029,-0.004084885026490959,2.7965493894796722,-0.0008539151829611846,4.3695621702833565
2018-06-04,1293.0999755859375,16.378999710083008,7.164797696421547,-0.001313863341481536,2.7960000087997114,-0.0005493806799607981,4.368797687621836
2018-06-05,1297.5,16.490999221801758,7.1681946150400435,0.0033969186184963363,2.8028147303573623,0.006814721557650838,4.365379884682682
2018-06-06,1297.0999755859375,16.642000198364258,7.167886263524592,-0.00030835151545183237,2.8119296323977343,0.00911490204037202,4.355956631126857
2018-06-07,1298.699951171875,16.766000747680664,7.16911900551835,0.001232741993757891,2.819353070810718,0.007423438412983874,4.349765934707632
2018-06-08,1298.0999755859375,16.694000244140625,7.168656917091413,-0.00046208842693662433,2.8150493880529983,-0.004303682757719862,4.353607529038415
2018-06-11,1298.9000244140625,16.905000686645508,7.16927305020919,0.0006161331177771956,2.827609476777743,0.012560088724744567,4.341663573431447
2018-06-12,1295.0999755859375,16.849000930786133,7.166343172378439,-0.0029298778307511597,2.8242913630990585,-0.003318113678684398,4.342051809279381
2018-06-13,1296.9000244140625,16.952999114990234,7.167732099166634,0.0013889267881950218,2.8304447571120885,0.006153394013030056,4.3372873420545455
2018-06-14,1304.0,17.22599983215332,7.1731917424865985,0.005459643319964513,2.846419860623183,0.015975103511094435,4.326771881863415
2018-06-15,1274.5999755859375,16.45199966430664,7.1503876637259,-0.022804078760698232,2.800447029963767,-0.04597283065941582,4.349940633762133
2018-06-18,1276.199951171875,16.41200065612793,7.151642153173687,0.0012544894477866109,2.798012814558487,-0.0024342154052803266,4.3536293386152
2018-06-19,1275.5999755859375,16.30299949645996,7.151171915996625,-0.00047023717706196067,2.7913491090711746,-0.00666370548731221,4.35982280692545
2018-06-20,1271.199951171875,16.288999557495117,7.147716576811457,-0.003455339185167716,2.790490006209596,-0.0008591028615785312,4.357226570601862
2018-06-21,1267.199951171875,16.305999755859375,7.144564982527865,-0.0031515942835920185,2.7915331232682776,0.001043117058681542,4.353031859259588
2018-06-22,1267.4000244140625,16.43899917602539,7.144722856152524,0.00015787362465857768,2.7996565104042133,0.008123387135935634,4.345066345748311
2018-06-25,1265.5999755859375,16.308000564575195,7.143301577722885,-0.0014212784296390168,2.79165581957653,-0.008000690827683066,4.351645758146354
2018-06-26,1256.5999755859375,16.238000869750977,7.13616492054018,-0.007136657182704731,2.787354228002944,-0.0043015915735860055,4.348810692537236
2018-06-27,1252.800048828125,16.138999938964844,7.133136364211733,-0.0030285563284468964,2.7812386992718428,-0.006115528731101438,4.351897664939891
2018-06-28,1247.800048828125,15.951000213623047,7.1291373188080565,-0.003999045403676682,2.769521536582766,-0.011717162689076854,4.359615782225291
2018-06-29,1251.300048828125,16.104000091552734,7.131938328892926,0.0028010100848696595,2.7790676940225834,0.00954615743981746,4.352870634870342
2018-07-02,1239.800048828125,15.744000434875488,7.122705394651691,-0.009232934241235391,2.756459367931562,-0.022608326091021258,4.366246026720129
2018-07-03,1251.5999755859375,15.95199966430664,7.132177992288445,0.00947259763675401,2.7695841921755155,0.013124824243953448,4.362593800112929
2018-07-05,1257.300048828125,16.007999420166016,7.136721882434834,0.004543890146389451,2.7730885610599185,0.0035043688844029752,4.363633321374916
2018-07-06,1254.300048828125,15.980999946594238,7.134332965959214,-0.0023889164756205616,2.7714005132611432,-0.001688047798775294,4.36293245269807
2018-07-09,1258.0999755859375,16.05299949645996,7.137357905951583,0.003024939992369191,2.7758957166299285,0.004495203368785283,4.361462189321655
2018-07-10,1253.800048828125,16.003000259399414,7.133934257783977,-0.003423648167605542,2.7727762208732774,-0.0031194957566511583,4.3611580369107
2018-07-11,1242.800048828125,15.732000350952148,7.125122216807695,-0.008812040976282631,2.755696876877734,-0.01707934399554345,4.369425339929961
2018-07-12,1245.0,15.89799976348877,7.126890808898808,0.0017685920911132413,2.7661933002741295,0.01049642339639556,4.360697508624678
2018-07-13,1239.5999755859375,15.73900032043457,7.1225440062184795,-0.004346802680328388,2.756141728928735,-0.010051571345394361,4.366402277289744
2018-07-16,1238.0999755859375,15.734999656677246,7.121333205707671,-0.001210800510808241,2.75588750869732,-0.00025422023141530303,4.365445697010351
2018-07-17,1225.699951171875,15.545999526977539,7.1112673485101885,-0.010065857197482764,2.7438033403807496,-0.01208416831657022,4.3674640081294385
2018-07-18,1226.300048828125,15.503000259399414,7.111756824585418,0.0004894760752298666,2.7410335703164326,-0.002769770064317001,4.370723254268986
2018-07-19,1222.4000244140625,15.34000015258789,7.108571438384493,-0.0031853862009256773,2.7304638058861697,-0.010569764430262918,4.378107632498323
2018-07-20,1229.5,15.489999771118164,7.1143628616562475,0.005791423271754859,2.740194639652674,0.00973083376650452,4.374168222003574
2018-07-23,1224.0,15.368000030517578,7.1098794630722715,-0.0044833985839760615,2.7322874274520426,-0.00790721220063162,4.3775920356202285
2018-07-24,1223.9000244140625,15.463000297546387,7.109797780336052,-8.168273621933508e-05,2.738450092735768,0.006162665283725222,4.371347687600284
2018-07-25,1231.4000244140625,15.532999992370605,7.115907032303374,0.006109251967322038,2.742966792514597,0.004516699778829292,4.372940239788777
2018-07-26,1225.300048828125,15.437999725341797,7.110941030805335,-0.004966001498039496,2.7368319847366136,-0.006134807777983475,4.374109046068721
2018-07-27,1222.5999755859375,15.435999870300293,7.108734997625655,-0.0022060331796796007,2.736702435272955,-0.00012954946365839604,4.3720325623527
2018-07-30,1221.300048828125,15.475000381469727,7.1076711841574935,-0.001063813468161534,2.739225843221369,0.0025234079484137695,4.368445340936125
2018-07-31,1223.699951171875,15.5,7.109634295089583,0.0019631109320892293,2.740840023925201,0.0016141807038319023,4.368794271164382
2018-08-01,1217.9000244140625,15.394000053405762,7.104883363139097,-0.004750931950486148,2.733977826581384,-0.006862197343816767,4.3709055365577125
2018-08-02,1210.5999755859375,15.329000473022461,7.098871363290676,-0.006011999848420935,2.7297464900419817,-0.004231336539402442,4.369124873248694
2018-08-03,1214.199951171875,15.406000137329102,7.101840662482097,0.002969299191421193,2.7347570528447753,0.005010562802793661,4.367083609637321
2018-08-06,1208.5999755859375,15.291999816894531,7.097217923727174,-0.004622738754922473,2.727329803860228,-0.0074272489845474965,4.369888119866946
2018-08-07,1209.5999755859375,15.317000389099121,7.098044985241685,0.0008270615145109517,2.728963348085506,0.0016335442252781718,4.36908163715618
2018-08-08,1212.5999755859375,15.37600040435791,7.100522073503981,0.002477088262295979,2.7328078785259273,0.003844530440421323,4.3677141949780545
2018-08-09,1211.9000244140625,15.418999671936035,7.09994467511972,-0.0005773983842614072,2.735600493912611,0.002792615386683739,4.364344181207109
2018-08-10,1211.0999755859375,15.265999794006348,7.0992842963684195,-0.0006603787513004278,2.7256281198826553,-0.009972374029955766,4.373656176485764
2018-08-13,1191.300048828125,14.95300006866455,7.082800467792577,-0.01648382857584263,2.7049119531937316,-0.02071616668892373,4.377888514598846
2018-08-14,1193.0,15.024999618530273,7.084226422097916,0.0014259543053389834,2.709715455032271,0.004803501838539503,4.374510967065644
2018-08-15,1177.5,14.420999526977539,7.071148825890573,-0.013077596207343056,2.6686854447789856,-0.041030010253285454,4.402463381111588
2018-08-16,1176.199951171875,14.696999549865723,7.0700441405124,-0.001104685378172654,2.6876433606969172,0.01895791591793161,4.382400779815483
2018-08-17,1176.5,14.616000175476074,7.070299208167417,0.0002550676550168163,2.6821168310814576,-0.00552652961545963,4.388182377085959
2018-08-20,1186.800048828125,14.654999732971191,7.07901592955934,0.00871672139192281,2.6847815559418517,0.002664724860394152,4.394234373617488
2018-08-21,1192.5999755859375,14.75100040435791,7.0838910562177135,0.004875126658373752,2.6913109045101486,0.0065293485682969,4.392580151707564
2018-08-22,1196.300048828125,14.734999656677246,7.086988779992811,0.0030977237750970943,2.690225592889844,-0.0010853116203044522,4.396763187102966
2018-08-23,1187.0,14.527000427246094,7.079184394609668,-0.0078043853831424315,2.6760090163012293,-0.01421657658861486,4.403175378308439
2018-08-24,1206.300048828125,14.779000282287598,7.095313143048934,0.016128748439265372,2.693207273333024,0.01719825703179456,4.40210586971591
2018-08-27,1209.0,14.843999862670898,7.097548850614793,0.002235707565859002,2.697595733946862,0.004388460613838241,4.39995311666793
2018-08-28,1207.4000244140625,14.767000198364258,7.096224586582686,-0.0013242640321067256,2.692394974924579,-0.005200759022283119,4.403829611658107
2018-08-29,1204.5,14.687999725341797,7.093819822054926,-0.0024047645277596175,2.687030815178638,-0.005364159745941066,4.406789006876288
2018-08-30,1197.699951171875,14.47700023651123,7.088158289185217,-0.005661532869709163,2.6725611995089396,-0.014469615669698399,4.415597089676277
2018-08-31,1200.300048828125,14.437999725341797,7.090326845211233,0.0021685560260156223,2.669863600693683,-0.002697598815256441,4.420463244517549
2018-09-04,1192.699951171875,14.060999870300293,7.083974882645472,-0.006351962565760871,2.6434049983846046,-0.026458602309078483,4.440569884260867
2018-09-05,1194.9000244140625,14.118000030517578,7.085817799287596,0.0018429166421238818,2.6474505811348883,0.0040455827502836605,4.438367218152708
2018-09-06,1197.9000244140625,14.074999809265137,7.088325323118004,0.002507523830407976,2.6444001604744316,-0.0030504206604566875,4.443925162643572
2018-09-07,1193.5999755859375,14.067000389099121,7.0847292089953555,-0.003596114122648153,2.643831656435978,-0.0005685040384535434,4.4408975525593775
2018-09-10,1193.0,14.079000473022461,7.084226422097916,-0.0005027868974396554,2.6446843590781213,0.0008527026421432105,4.439542063019795
2018-09-11,1195.4000244140625,14.052000045776367,7.086236156813495,0.0020097347155791923,2.642764737661221,-0.0019196214169001635,4.443471419152274
2018-09-12,1204.699951171875,14.192000389099121,7.09398581174145,0.007749654927954985,2.652678452984016,0.009913715322794836,4.4413073587574345
2018-09-13,1202.0,14.142999649047852,7.091742115095153,-0.0022436966462970886,2.6492197772238146,-0.003458675760201313,4.442522337871338
2018-09-14,1195.0,14.041999816894531,7.085901464365611,-0.005840650729542318,2.6420528255552145,-0.007166951668600152,4.443848638810396
2018-09-17,1199.699951171875,14.121999740600586,7.089826763820603,0.003925299454992093,2.6477338467256932,0.0056810211704787505,4.442092917094909
2018-09-18,1196.800048828125,14.083999633789062,7.087406648019114,-0.0024201158014891533,2.645039375290893,-0.002694471434800061,4.44236727272822
2018-09-19,1202.199951171875,14.189000129699707,7.091908449989418,0.004501801970304697,2.652467025666039,0.007427650375146033,4.439441424323379
2018-09-20,1206.199951171875,14.21500015258789,7.095230160535933,0.0033217105465146446,2.6542977558372503,0.001830730171211048,4.440932404698683
2018-09-21,1196.199951171875,14.269000053405762,7.08690510379109,-0.00832505674484274,2.6580893556912204,0.003791599853970151,4.42881574809987
2018-09-24,1199.300048828125,14.25100040435791,7.089493372951528,0.0025882691604381947,2.656827108065077,-0.0012622476261432425,4.432666264886452
2018-09-25,1200.0,14.39799976348877,7.090076835776092,0.0005834628245633411,2.6670892916204387,0.01026218355536157,4.422987544155653
2018-09-26,1194.0,14.305000305175781,7.085064293952548,-0.005012541823544048,2.660609147835578,-0.006480143784860726,4.424455146116969
2018-09-27,1182.300048828125,14.201000213623047,7.075217014168335,-0.009847279784212404,2.653312399705693,-0.0072967481298849,4.421904614462642
2018-09-28,1191.5,14.623000144958496,7.082968296538797,0.007751282370461965,2.6825956415427896,0.02928324183709652,4.400372654996008
2018-10-01,1187.0999755859375,14.42199993133545,7.07926861649335,-0.0036996800454476286,2.6687548137334702,-0.01384082780931939,4.41051380275988
2018-10-02,1202.4000244140625,14.609999656677246,7.092074858743207,0.012806242249857824,2.681706202263446,0.012951388529975905,4.410368656479761
2018-10-03,1198.300048828125,14.59000015258789,7.088659205436301,-0.0034156533069067407,2.6803363729930827,-0.001369829270363443,4.408322832443218
2018-10-04,1197.199951171875,14.510000228881836,7.0877407351932735,-0.0009184702430271585,2.674838082670172,-0.005498290322910826,4.412902652523101
2018-10-05,1201.199951171875,14.569000244140625,7.09107629545972,0.0033355602664464357,2.6788960004294005,0.004057917759228591,4.4121802950303195
2018-10-08,1184.4000244140625,14.258999824523926,7.076991616840457,-0.014084678619262547,2.657388273993644,-0.021507726435756602,4.4196033428468136
2018-10-09,1187.199951171875,14.329000473022461,7.079352831284304,0.0023612144438462934,2.6622854887460123,0.004897214752368484,4.417067342538291
2018-10-10,1189.300048828125,14.255000114440918,7.081120218789387,0.0017673875050832066,2.65710773039276,-0.005177758353252404,4.424012488396627
2018-10-11,1223.5,14.53499984741211,7.109470882882726,0.028350664093339084,2.6765595235128763,0.019451793120116356,4.43291135936985
2018-10-12,1218.0999755859375,14.564000129699707,7.1050475266631725,-0.004423356219553476,2.6785527392186874,0.0019932157058111244,4.426494787444485
2018-10-15,1226.4000244140625,14.656000137329102,7.1118383474647,0.006790820801527708,2.684849817301937,0.006297078083249641,4.426988530162763
2018-10-16,1227.300048828125,14.630000114440918,7.112571953388457,0.0007336059237568193,2.6830742228543785,-0.0017755944475585927,4.429497730534079
2018-10-17,1223.699951171875,14.592000007629395,7.109634295089583,-0.0029376582988742683,2.6804734338548233,-0.0026007889995551814,4.4291608612347595
2018-10-18,1226.5,14.532999992370605,7.111919863698544,0.0022855686089613414,2.676421925119063,-0.004051508735760212,4.435497938579481
2018-10-19,1225.300048828125,14.579000473022461,7.110941030805335,-0.000978832893209436,2.679582169568151,0.0031602444490879122,4.431358861237184
2018-10-22,1221.199951171875,14.522000312805176,7.107589220876997,-0.0033518099283380565,2.675664762498144,-0.003917407070006984,4.431924458378853
2018-10-23,1233.4000244140625,14.727999687194824,7.1175298823515085,0.009940661474511892,2.6897504226919677,0.014085660193823735,4.427779459659541
2018-10-24,1227.800048828125,14.611000061035156,7.112979268762189,-0.004550613589319852,2.6817746738672903,-0.007975748824677442,4.431204594894899
2018-10-25,1229.0999755859375,14.5649995803833,7.114037453357569,0.0010581845953803182,2.6786213616014627,-0.0031533122658276014,4.435416091756107
2018-10-26,1232.5,14.635000228881836,7.116799905916845,0.002762452559275985,2.6834159357831955,0.004794574181732791,4.433383970133649
2018-10-29,1224.5,14.376999855041504,7.110287876392222,-0.006512029524622598,2.665629697357789,-0.01778623842540661,4.444658179034434
2018-10-30,1222.5999755859375,14.402999877929688,7.108734997625655,-0.0015528787665672894,2.6674365097415738,0.0018068123837848837,4.441298487884081
2018-10-31,1212.300048828125,14.229000091552734,7.100274701029799,-0.008460296595855787,2.6552821419977897,-0.012154367743784089,4.444992559032009
2018-11-01,1236.0,14.729000091552734,7.119635638017636,0.019360936987836475,2.6898183457232205,0.03453620372543087,4.429817292294415
2018-11-02,1230.9000244140625,14.706999778747559,7.115500907950568,-0.004134730067067771,2.688323555874154,-0.0014947898490667022,4.427177352076415
2018-11-05,1229.800048828125,14.604000091552734,7.1146068732234875,-0.0008940347270804949,2.681295470062408,-0.007028085811745743,4.433311403161079
2018-11-06,1223.800048828125,14.458000183105469,7.1097160909272175,-0.0048907822962700465,2.6712479072427526,-0.010047562819655464,4.438468183684465
2018-11-07,1226.199951171875,14.527999877929688,7.1116751955079005,0.0019591045806830465,2.6760778134565206,0.004829906213767998,4.43559738205138
2018-11-08,1222.9000244140625,14.38599967956543,7.108980386159395,-0.0026948093485055225,2.666255489171108,-0.00982232428541252,4.442724896988286
2018-11-09,1206.4000244140625,14.102999687194824,7.095396017490812,-0.013584368668582592,2.646387518530058,-0.01986797064105028,4.449008498960755
2018-11-12,1201.300048828125,13.973999977111816,7.091159623373399,-0.004236394117413056,2.637198458492347,-0.009189060037710917,4.453961164881052
2018-11-13,1199.199951171875,13.95199966430664,7.089409906071138,-0.0017497173022613666,2.635622843106033,-0.001575615386313789,4.453787062965105
2018-11-14,1207.9000244140625,14.055000305175781,7.096638613823222,0.007228707752084063,2.642978226071464,0.007355382965430923,4.453660387751758
2018-11-15,1212.800048828125,14.237000465393066,7.1006870551487635,0.004048441325541496,2.655844242320592,0.012866016249128087,4.444842812828171
2018-11-16,1220.800048828125,14.357999801635742,7.107261700527018,0.006574645378254473,2.6643072643387002,0.008463022018108113,4.442954436188318
2018-11-19,1223.0999755859375,14.380999565124512,7.10914387853251,0.0018821780054922854,2.665907860664656,0.00160059632595555,4.4432360178678545
2018-11-20,1219.0,14.246999740600586,7.105786129481271,-0.0033577490512390895,2.6565463400277936,-0.009361520636862242,4.449239789453477
2018-11-21,1225.800048828125,14.479999542236328,7.111349010885311,0.005562881404039821,2.6727683553440564,0.016222015316262883,4.438580655541255
2018-11-23,1221.0,14.220999717712402,7.107425474110705,-0.00392353677460644,2.6547197255405064,-0.018048629803550043,4.452705748570198
2018-11-26,1220.199951171875,14.182999610900879,7.106770018701258,-0.0006554554094462262,2.6520440368782796,-0.002675688662226783,4.454725981822978
2018-11-27,1211.199951171875,14.062000274658203,7.099366842369342,-0.007403176331916228,2.643476143308914,-0.008567893569365825,4.455890699060428
2018-11-28,1221.4000244140625,14.303000450134277,7.107753040777623,0.008386198408280698,2.6604693369440815,0.016993193635167714,4.447283703833541
2018-11-29,1224.0999755859375,14.27299976348877,7.109961139136966,0.0022080983593433245,2.6583696240770975,-0.0020997128669839604,4.451591515059869
2018-11-30,1220.199951171875,14.093999862670898,7.106770018701258,-0.003191120435707795,2.645749165161032,-0.012620458916065669,4.4610208535402265
2018-12-03,1233.9000244140625,14.380999565124512,7.117935183690583,0.011165164989324516,2.665907860664656,0.020158695503623925,4.452027323025927
2018-12-04,1241.0999755859375,14.520999908447266,7.123753342464165,0.0058181587735823825,2.67559587124375,0.009688010579094186,4.448157471220416
2018-12-06,1238.0999755859375,14.390000343322754,7.121333205707671,-0.0024201367564939957,2.6665335447577023,-0.009062326486047656,4.454799660949969
2018-12-07,1246.800048828125,14.571999549865723,7.128335587055938,0.007002381348266695,2.6791018482559603,0.012568303498257993,4.449233738799977
2018-12-10,1243.699951171875,14.477999687194824,7.125846047399322,-0.0024895396566160244,2.672630234265398,-0.006471613990562286,4.453215813133924
2018-12-11,1241.9000244140625,14.49899959564209,7.124397763612625,-0.0014482837866971465,2.6740796536423805,0.0014494193769825081,4.450318109970244
2018-12-12,1244.4000244140625,14.725000381469727,7.126408784642625,0.002011021030000393,2.689546755443913,0.015467101801532657,4.436862029198712
2018-12-13,1242.699951171875,14.729000091552734,7.125041671519983,-0.0013671131226420385,2.6898183457232205,0.00027159027930734325,4.435223325796763
2018-12-14,1237.0,14.512999534606934,7.1204443723924875,-0.004597299127495624,2.6750447674209017,-0.014773578302318846,4.445399604971586
2018-12-17,1247.4000244140625,14.638999938964844,7.128816683663982,0.008372311271494404,2.683689196019922,0.008644428599020149,4.44512748764406
2018-12-18,1249.199951171875,14.585000038146973,7.130258586321407,0.0014419026574250537,2.679993605935178,-0.0036955900847437384,4.450264980386229
2018-12-19,1252.0999755859375,14.70199966430664,7.132577401176409,0.0023188148550019605,2.6879835161187193,0.007989910183541227,4.44459388505769
2018-12-20,1263.5999755859375,14.753000259399414,7.141720049606893,0.00914264843048418,2.6914464695182545,0.0034629533995351736,4.450273580088639
2018-12-21,1253.800048828125,14.583000183105469,7.133934257783977,-0.007785791822915833,2.6798564792875186,-0.011589990230735925,4.454077778496458
2018-12-24,1267.5,14.701000213623047,7.144801735465339,0.010867477681361315,2.6879155332130207,0.008059053925502102,4.456886202252318
2018-12-26,1269.199951171875,15.003999710083008,7.146142021237464,0.0013402857721249717,2.708316812896994,0.020401279683973428,4.4378252083404695
2018-12-27,1277.300048828125,15.190999984741211,7.152503792276339,0.0063617710388754745,2.720703146221063,0.012386333324069021,4.431800646055276
2018-12-28,1279.9000244140625,15.326000213623047,7.154537247936722,0.0020334556603831544,2.7295507464868165,0.008847600265753375,4.424986501449906
2018-12-31,1278.300048828125,15.432999610900879,7.153286387371679,-0.0012508605650429772,2.7365080487065434,0.006957302219726902,4.416778338665136
2019-01-02,1281.0,15.541999816894531,7.155396301896734,0.0021099145250547124,2.7435460250057178,0.007037976299174353,4.411850276891016
2019-01-03,1291.800048828125,15.706000328063965,7.163791911396889,0.008395609500155388,2.754042825840494,0.01049680083477611,4.409749085556395
2019-01-04,1282.699951171875,15.694999694824219,7.156722472239129,-0.007069439157760371,2.7533421708497765,-0.0007006549907173643,4.403380301389353
2019-01-07,1286.800048828125,15.668999671936035,7.1599138333102585,0.003191361071129606,2.7516842171851366,-0.001657953664639944,4.408229616125122
2019-01-08,1283.199951171875,15.62600040435791,7.157112199060406,-0.0028016342498524693,2.7489362194518026,-0.0027479977333340067,4.408175979608604
2019-01-09,1289.300048828125,15.652999877929688,7.161854752288601,0.004742553228195057,2.7506625841075607,0.0017263646557581502,4.41119216818104
2019-01-10,1284.699951171875,15.560999870300293,7.158280469030149,-0.0035742832584517714,2.7447677757024516,-0.005894808405109142,4.413512693327698
2019-01-11,1287.0999755859375,15.57699966430664,7.16014688568706,0.0018664166569104523,2.74579544579389,0.0010276700914384485,4.41435143989317
2019-01-14,1289.0999755859375,15.609000205993652,7.161699560510216,0.0015526748231557974,2.7478476841733834,0.0020522383794934207,4.413851876336832
2019-01-15,1286.199951171875,15.545999526977539,7.159447375737673,-0.0022521847725425204,2.7438033403807496,-0.004044343792633853,4.415644035356923
2019-01-16,1291.5999755859375,15.564000129699707,7.163637019981935,0.004189644244261714,2.7449605634556216,0.0011572230748719825,4.418676456526313
2019-01-17,1291.0,15.467000007629395,7.1631723908466425,-0.0004646291352923271,2.738708722549272,-0.0062518409063496705,4.424463668297371
2019-01-18,1281.300048828125,15.329999923706055,7.155630504623799,-0.0075418862228433525,2.729811687906949,-0.008897034642322943,4.42581881671685
2019-01-22,1282.5,15.258999824523926,7.1565665770449245,0.0009360724211253668,2.7251694814097576,-0.004642206497191381,4.431397095635167
2019-01-23,1283.0999755859375,15.317000389099121,7.157034284873568,0.000467707828643249,2.728963348085506,0.0037938666757484363,4.428070936788062
2019-01-24,1279.0999755859375,15.23799991607666,7.15391196551844,-0.003122319355127523,2.7237923025433144,-0.00517104554219161,4.430119662975126
2019-01-25,1297.4000244140625,15.638999938964844,7.168117559596638,0.01420559407819777,2.7497677905513256,0.025975488008011194,4.418349769045312
2019-01-28,1302.4000244140625,15.708999633789062,7.171964013993716,0.003846454397078425,2.7542337732056286,0.00446598265430298,4.417730240788088
2019-01-29,1308.199951171875,15.78600025177002,7.176407388202448,0.004443374208731754,2.7591234872351538,0.004889714029525205,4.417283900967295
2019-01-30,1309.9000244140625,15.880000114440918,7.177706096041715,0.0012987078392665552,2.7650604630255966,0.005936975790442833,4.412645633016118
2019-01-31,1319.699951171875,16.02199935913086,7.185159680023371,0.0074535839816558536,2.7739627377936023,0.008902274768005647,4.411196942229768
2019-02-01,1316.9000244140625,15.880000114440918,7.183035787255215,-0.0021238927681554998,2.7650604630255966,-0.008902274768005647,4.4179753242296185
2019-02-04,1314.300048828125,15.836999893188477,7.181059520639392,-0.0019762666158227304,2.76234896776516,-0.0027114952604367915,4.4187105528742325
2019-02-05,1314.199951171875,15.789999961853027,7.180983357309509,-7.616332988291674e-05,2.7593768258516564,-0.0029721419135033678,4.4216065314578525
2019-02-06,1309.5,15.656000137329102,7.1774006639477665,-0.0035826933617428836,2.7508542388654345,-0.008522586986221992,4.426546425082332
2019-02-07,1309.4000244140625,15.675000190734863,7.177324314652219,-7.634929554711789e-05,2.752067098687078,0.0012128598216434305,4.425257215965141
2019-02-08,1313.699951171875,15.77299976348877,7.180602825307063,0.003278510654843636,2.7582996025106477,0.006232503823569768,4.422303222796415
2019-02-11,1307.0,15.656999588012695,7.175489713624222,-0.0051131116828413425,2.7509180750160875,-0.007381527494560114,4.424571638608134
2019-02-12,1309.199951171875,15.65999984741211,7.177171505330871,0.0016817917066491717,2.751109680818858,0.00019160580277066686,4.426061824512013
2019-02-13,1310.800048828125,15.62399959564209,7.178392954075289,0.0012214487444177635,2.7488081676938148,-0.002301513125043453,4.429584786381474
2019-02-14,1309.800048828125,15.5,7.177629770063022,-0.0007631840122668265,2.740840023925201,-0.007968143768613878,4.436789746137821
2019-02-15,1318.0999755859375,15.722999572753906,7.183946566196258,0.006316796133235769,2.7551245813148197,0.014284557389618868,4.428821984881438
2019-02-19,1340.0999755859375,15.946999549865723,7.200499498808092,0.01655293261183477,2.769270695538941,0.014146114224121042,4.431228803269152
2019-02-20,1343.300048828125,16.156999588012695,7.202884588418349,0.002385089610256408,2.7823533667956957,0.013082671256754885,4.420531221622653
2019-02-21,1323.5,15.791000366210938,7.188035021667156,-0.014849566751192533,2.7594401806756235,-0.022913186120072204,4.428594840991533
2019-02-22,1329.199951171875,15.907999992370605,7.192332499745467,0.0042974780783104904,2.7668221268658493,0.007381946190225808,4.425510372879618
2019-02-25,1325.9000244140625,15.824999809265137,7.189846771533873,-0.002485728211593319,2.761590955977484,-0.005231170888365444,4.42825581555639
2019-02-26,1325.0999755859375,15.82699966430664,7.189243188846273,-0.0006035826876003014,2.761717321140976,0.0001263651634921814,4.427525867705297
2019-02-27,1317.699951171875,15.67199993133545,7.183643034495636,-0.005600154350637432,2.7518756762608874,-0.009841644880088651,4.431767358234748
2019-02-28,1312.800048828125,15.538000106811523,7.17991757696976,-0.0037254575258760525,2.743288643402442,-0.008587032858445198,4.4366289335673175
2019-03-01,1296.4000244140625,15.168999671936035,7.167346490099591,-0.01257108687016828,2.7192538499822714,-0.024034793420170786,4.44809264011732
2019-03-04,1284.800048828125,15.017000198364258,7.158358381196953,-0.008988108902638459,2.709182905907457,-0.01007094407481457,4.449175475289496
2019-03-05,1282.0,15.020000457763672,7.156176637480615,-0.002181743716337614,2.7093826768129303,0.0001997709054735175,4.446793960667685
2019-03-06,1284.9000244140625,15.003000259399414,7.158436192290184,0.0022595548095685203,2.7082501983947127,-0.0011324784182176195,4.450185993895471
2019-03-07,1283.800048828125,14.960000038146973,7.157579746911736,-0.0008564453784476456,2.7053799750962626,-0.002870223298450103,4.452199771815474
2019-03-08,1297.0,15.272000312805176,7.167809184316444,0.01022943740470783,2.726021106905713,0.020641131809450375,4.441788077410731
2019-03-11,1288.800048828125,15.196999549865723,7.161466869749267,-0.006342314567176821,2.7210980103315245,-0.004923096574188435,4.440368859417743
2019-03-12,1296.300048828125,15.338000297546387,7.167269369273299,0.005802499524032001,2.7303334287419623,0.009235418410437735,4.436935940531336
2019-03-13,1307.5,15.380999565124512,7.175872195939078,0.008602826665779162,2.733132953196122,0.002799524454159652,4.442739242742956
2019-03-14,1293.4000244140625,15.10099983215332,7.165029707888372,-0.010842488050706756,2.714760955678714,-0.018371997517407923,4.450268752209658
2019-03-15,1301.800048828125,15.253000259399414,7.171503238646448,0.006473530758076329,2.724776222024248,0.01001526634553418,4.4467270166222
2019-03-18,1300.300048828125,15.25100040435791,7.170350323608704,-0.0011529150377436181,2.7246451011875807,-0.00013112083666744212,4.4457052224211235
2019-03-19,1305.0,15.300999641418457,7.173958319756794,0.0036079961480899314,2.7279181623045057,0.0032730611169249357,4.4460401574522885
2019-03-20,1300.5,15.244999885559082,7.170504084888706,-0.0034542348680881574,2.7242515729334342,-0.0036665893710714492,4.446252511955272
2019-03-21,1306.0999755859375,15.371999740600586,7.174800857891137,0.004296773002431031,2.732547655827798,0.008296082894363899,4.442253202063339
2019-03-22,1311.5999755859375,15.345000267028809,7.179003026356539,0.00420216846540189,2.730789705473381,-0.0017579503544169484,4.448213320883157
2019-03-25,1321.9000244140625,15.506999969482422,7.186825393054272,0.007822366697732619,2.741291532914025,0.010501827440643652,4.445533860140246
2019-03-26,1314.300048828125,15.371000289916992,7.181059520639392,-0.005765872414879247,2.7324826361040917,-0.008808896809933131,4.448576884535301
2019-03-27,1309.9000244140625,15.23900032043457,7.177706096041715,-0.0033534245976776234,2.7238579523349937,-0.008624683769097974,4.453848143706721
2019-03-28,1289.800048828125,14.920999526977539,7.162242484433405,-0.015463611608309336,2.7027695849564903,-0.021088367378503392,4.459472899476915
2019-03-29,1293.0,15.0600004196167,7.164720378771857,0.0024778943384520247,2.7120422502347417,0.009272665278251324,4.452678128537116
2019-04-01,1288.4000244140625,15.050999641418457,7.161156436406176,-0.0035639423656812497,2.711444410345792,-0.0005978398889494585,4.449712026060384
2019-04-02,1290.0,15.017999649047852,7.162397497355718,0.0012410609495416836,2.7092494583089244,-0.0021949520368678144,4.453148039046793
2019-04-03,1289.9000244140625,15.059000015258789,7.162319993898187,-7.750345753088084e-05,2.7119758201179494,0.0027263618090249686,4.450344173780238
2019-04-04,1289.0,15.041000366210938,7.161622002939187,-0.0006979909589999167,2.7107798300205888,-0.0011959900973605997,4.450842172918598
2019-04-05,1290.4000244140625,15.043000221252441,7.162707545730762,0.0010855427915750226,2.7109127814236866,0.00013295140309788067,4.451794764307076
2019-04-08,1297.0999755859375,15.17300033569336,7.167886263524592,0.0051787177938296125,2.719517554667493,0.008604773243806374,4.448368708857099
2019-04-09,1303.5,15.168000221252441,7.172808233373557,0.004921969848965091,2.7191879600994566,-0.0003295945680363843,4.4536202732741
2019-04-10,1309.0999755859375,15.201000213623047,7.177095138536552,0.004286905162994792,2.7213612292151055,0.002173269115648857,4.455733909321446
2019-04-11,1288.5999755859375,14.824000358581543,7.161311617758351,-0.015783520778200888,2.6962475131723154,-0.025113716042790113,4.465064104586036
2019-04-12,1290.5999755859375,14.920000076293945,7.162862486584908,0.0015508688265573056,2.70270259988915,0.006455086716834479,4.460159886695758
2019-04-15,1286.800048828125,14.947999954223633,7.1599138333102585,-0.0029486532746494376,2.704577508560863,0.00187490867171336,4.455336324749395
2019-04-16,1272.5999755859375,14.890999794006348,7.1488173116142955,-0.01109652169596309,2.700756989774635,-0.003820518786228355,4.448060321839661
2019-04-17,1272.199951171875,14.920999526977539,7.1485029258638475,-0.00031438575044795414,2.7027695849564903,0.002012595181855481,4.445733340907357
2019-04-18,1271.9000244140625,14.937000274658203,7.148267143652393,-0.0002357822114547048,2.703841374715931,0.0010717897594405557,4.444425768936462
2019-04-22,1273.5,14.956999778747559,7.149524294419511,0.001257150767118631,2.7051794028846214,0.0013380281686905526,4.4443448915348895
2019-04-23,1269.300048828125,14.77299976348877,7.146220884862676,-0.0033034095568353905,2.6928011743297757,-0.012378228554845716,4.4534197105329
2019-04-24,1275.5,14.89799976348877,7.1510935375818665,0.004872652719190462,2.7012269598787166,0.008425785548940912,4.449866577703149
2019-04-25,1275.800048828125,14.861000061035156,7.151328750080409,0.0002352124985423032,2.698740335883502,-0.0024866239952148206,4.4525884141969065
2019-04-26,1284.9000244140625,15.001999855041504,7.158436192290184,0.0071074422097749945,2.708183515884833,0.009443180001331264,4.45025267640535
2019-04-29,1278.5999755859375,14.843999862670898,7.153520989238255,-0.004915203051928607,2.697595733946862,-0.010587781937970941,4.455925255291393
2019-04-30,1282.800048828125,14.899999618530273,7.156800505882708,0.0032795166444525847,2.701361187349418,0.0037654534025559627,4.45543931853329
2019-05-01,1281.4000244140625,14.645000457763672,7.155708528257568,-0.001091977625139684,2.6840990115370316,-0.017262175812386538,4.4716095167205365
2019-05-02,1269.699951171875,14.539999961853027,7.146535892619318,-0.009172635638249993,2.6769034694817853,-0.007195542055246307,4.469632423137533
2019-05-03,1279.199951171875,14.906999588012695,7.1539901233489145,0.0074542307295963894,2.701830873651122,0.024927404169336587,4.452159249697793
2019-05-06,1281.699951171875,14.857000350952148,7.155942562639401,0.0019524392904868293,2.698471158277222,-0.0033597153738997854,4.457471404362179
2019-05-07,1283.5,14.859999656677246,7.157346000311195,0.0014034376717937391,2.6986730161857935,0.00020185790857141228,4.458672984125402
2019-05-08,1279.4000244140625,14.791999816894531,7.154146516098468,-0.0031994842127271994,2.694086481706141,-0.004586534479652293,4.460060034392327
2019-05-09,1283.5,14.706999778747559,7.157346000311195,0.0031994842127271994,2.688323555874154,-0.005762925831987342,4.469022444437041
2019-05-10,1285.699951171875,14.72599983215332,7.15905855811235,0.0017125578011549791,2.689614627548543,0.0012910716743892436,4.469443930563807
2019-05-13,1300.0999755859375,14.713000297546387,7.17019644478952,0.01113788667716964,2.688731476939176,-0.000883150609367167,4.481464967850344
2019-05-14,1294.699951171875,14.751999855041504,7.166034249350748,-0.004162195438771832,2.6913786569878755,0.002647180048699571,4.474655592362872
2019-05-15,1296.300048828125,14.751999855041504,7.167269369273299,0.0012351199225513199,2.6913786569878755,0.0,4.475890712285423
2019-05-16,1285.0,14.479000091552734,7.158513997329321,-0.008755371943978574,2.6726993301224238,-0.018679326865451706,4.485814667206897
2019-05-17,1274.5,14.347999572753906,7.15030922381617,-0.00820477351315052,2.6636105298926385,-0.00908880022978531,4.486698693923532
2019-05-20,1276.0999755859375,14.409000396728516,7.151563811608152,0.0012545877919816206,2.6678530388841795,0.004242508991540994,4.483710772723972
2019-05-21,1272.0,14.373000144958496,7.148345743900068,-0.0032180677080839715,2.6653514566545673,-0.002501582229612165,4.4829942872455
2019-05-22,1273.5999755859375,14.413999557495117,7.149602795920785,0.001257052020717353,2.66819992580259,0.0028484691480228364,4.481402870118195
2019-05-23,1284.800048828125,14.57699966430664,7.158358381196953,0.008755585276167821,2.679444921062901,0.011244995260311086,4.478913460134052
2019-05-24,1283.0,14.520000457763672,7.1569563646156364,-0.0014020165813164454,2.675527040923073,-0.003917880139828078,4.481429323692563
2019-05-28,1276.5,14.281000137329102,7.151877236681538,-0.00507912793409826,2.6589299920870064,-0.01659704883606672,4.492947244594532
2019-05-29,1280.5999755859375,14.371999740600586,7.155083978020151,0.003206741338613206,2.665281851202329,0.0063518591153224335,4.489802126817823
2019-05-30,1287.0999755859375,14.460000038146973,7.16014688568706,0.005062907666908423,2.671386219368722,0.006104368166393037,4.488760666318338
2019-05-31,1305.800048828125,14.529999732971191,7.174571196145797,0.014424310458736933,2.6762154592044345,0.004829239835712595,4.498355736941362
2019-06-03,1322.699951171875,14.70300006866455,7.187430344116506,0.012859147970709195,2.688051559265625,0.011836100061190624,4.499378784850881
2019-06-04,1323.4000244140625,14.732000350952148,7.187959480025944,0.0005291359094377057,2.6900220224052562,0.001970463139631118,4.497937457620687
2019-06-05,1328.300048828125,14.753999710083008,7.191655244898319,0.003695764872375662,2.69151421281205,0.0014921904067937142,4.500141032086269
2019-06-06,1337.5999755859375,14.868000030517578,7.198632224078297,0.00697697917997786,2.6992112544875737,0.007697041675523764,4.499420969590723
2019-06-07,1341.199951171875,14.994000434875488,7.201319978185777,0.0026877541074794564,2.7076501500841705,0.00843889559659683,4.493669828101606
2019-06-10,1324.699951171875,14.604999542236328,7.188941260830455,-0.012378717355321811,2.6813639044967617,-0.026286245587408885,4.507577356333693
2019-06-11,1326.4000244140625,14.706000328063965,7.19022380278729,0.0012825419568347485,2.688255596082201,0.006891691585439563,4.501968206705088
2019-06-12,1331.9000244140625,14.722000122070312,7.194361791537236,0.004137988749946864,2.6893429819282075,0.0010873858460063168,4.5050188096090285
2019-06-13,1339.199951171875,14.871000289916992,7.199827663274544,0.005465871737307282,2.6994130272020067,0.010070045273799177,4.500414636072537
2019-06-14,1340.0999755859375,14.781999588012695,7.200499498808092,0.0006718355335486592,2.6934101964918176,-0.006002830710189144,4.507089302316275
2019-06-17,1338.699951171875,14.814000129699707,7.199454236317567,-0.0010452624905257224,2.695572688346309,0.002162491854491577,4.5038815479712575
2019-06-18,1346.5999755859375,14.979999542236328,7.2053381579810285,0.005883921663461855,2.7067159475307503,0.011143259184441145,4.498622210450279
2019-06-19,1344.5999755859375,14.944999694824219,7.203851831877817,-0.0014863261032118658,2.7043767753159758,-0.002339172214774532,4.499475056561841
2019-06-20,1392.9000244140625,15.468999862670898,7.239143201221491,0.03529136934367472,2.7388380123768306,0.0344612370608548,4.500305188844661
2019-06-21,1396.199951171875,15.27299976348877,7.241509504564144,0.0023663033426526425,2.7260865481027308,-0.012751464274099789,4.515422956461413
2019-06-24,1414.300048828125,15.368000030517578,7.254390022551042,0.012880517986897821,2.7322874274520426,0.006200879349311794,4.522102595099
2019-06-25,1414.9000244140625,15.291000366210938,7.254814153456881,0.0004241309058388154,2.727264443975457,-0.005022983476585363,4.527549709481423
2019-06-26,1411.5999755859375,15.282999992370605,7.2524790745058025,-0.0023350789510780956,2.7267410990464915,-0.0005233449289656633,4.525737975459311
2019-06-27,1408.4000244140625,15.204999923706055,7.250209604615506,-0.002269469890296527,2.72162431611164,-0.005116782934851738,4.528585288503866
2019-06-28,1409.699951171875,15.253000259399414,7.251132160139633,0.0009225555241272332,2.724776222024248,0.003151905912608388,4.526355938115385
2019-07-01,1385.5999755859375,15.105999946594238,7.233888520188322,-0.017243639951311174,2.7150920123558557,-0.009684209668392452,4.518796507832466
2019-07-02,1404.5999755859375,15.154000282287598,7.247507826343415,0.013619306155092659,2.718264542137108,0.0031725297812523756,4.529243284206307
2019-07-03,1417.699951171875,15.251999855041504,7.256791084681796,0.00928325833838084,2.7247106324910884,0.006446090353980249,4.532080452190707
2019-07-05,1396.699951171875,14.918000221252441,7.241867555352088,-0.014923529329707641,2.7025685523642116,-0.022142080126876795,4.539299002987876
2019-07-08,1397.0,14.972000122070312,7.242082359256962,0.0002148039048739392,2.7061817981954226,0.0036132458312110316,4.535900561061539
2019-07-09,1397.5,15.067999839782715,7.242440205029254,0.00035784577229236447,2.712573279196845,0.006391481001422505,4.529866925832409
2019-07-10,1410.0999755859375,15.147000312805176,7.251415885529474,0.008975680500220129,2.7178025131961836,0.005229233999338501,4.53361337233329
2019-07-11,1404.300048828125,15.067000389099121,7.247294271744571,-0.0041216137849033885,2.7125069476437424,-0.0052955655524411505,4.5347873241008285
2019-07-12,1409.9000244140625,15.16100025177002,7.251274076187482,0.003979804442910684,2.71872635770587,0.006219410062127562,4.532547718481611
2019-07-15,1411.4000244140625,15.289999961853027,7.252337415864493,0.0010633396770112213,2.727199017446074,0.008472659740204058,4.525138398418418
2019-07-16,1409.199951171875,15.600000381469727,7.2507774118175465,-0.0015600040469463394,2.7472709387086787,0.020071921262604597,4.503506473108867
2019-07-17,1421.300048828125,15.892999649047852,7.259327259099518,0.008549847281971168,2.7658787386324986,0.01860779992381989,4.49344852046702
2019-07-18,1426.0999755859375,16.1200008392334,7.262698707623261,0.003371448523743048,2.780060789140106,0.014182050507607347,4.482637918483155
2019-07-19,1425.0999755859375,16.117000579833984,7.261997248547693,-0.0007014590755680672,2.779874651517126,-0.00018613762297992054,4.482122597030567
2019-07-22,1425.300048828125,16.34000015258789,7.262137631119123,0.00014038257143056398,2.793616098770161,0.013741447253035055,4.468521532348962
2019-07-23,1420.0999755859375,16.405000686645508,7.258482553459176,-0.0036550776599471035,2.797586208268932,0.003970109498770746,4.460896345190244
2019-07-24,1422.800048828125,16.554000854492188,7.260382074392633,0.0018995209334571328,2.806627816081675,0.009041607812743102,4.453754258310958
2019-07-25,1413.9000244140625,16.339000701904297,7.254107139864972,-0.006274934527660925,2.793554931007514,-0.013072885074160823,4.460552208857458
2019-07-26,1418.5,16.325000762939453,7.257355254248906,0.0032481143839335758,2.7926977218969165,-0.0008572091105976121,4.464657532351989
2019-07-29,1419.5999755859375,16.368000030517578,7.258130403574495,0.0007751493255891972,2.7953282110737367,0.0026304891768202943,4.462802192500758
2019-07-30,1429.699951171875,16.4950008392334,7.265219876882411,0.007089473307916094,2.8030573555585914,0.007729144484854622,4.46216252132382
2019-07-31,1426.0999755859375,16.34600067138672,7.262698707623261,-0.0025211692591504686,2.7939832601673937,-0.009074095391197634,4.4687154474558675
2019-08-01,1420.9000244140625,16.121000289916992,7.259045769826141,-0.0036529377971197263,2.7801227878776706,-0.013860472289723091,4.47892298194847
2019-08-02,1445.5999755859375,16.222000122070312,7.276279722389486,0.0172339525633447,2.7863683531731382,0.006245565295467603,4.4899113692163475
2019-08-05,1464.5999755859375,16.344999313354492,7.289337429957529,0.013057707568043142,2.7939219981666588,0.007553644993520514,4.49541543179087
2019-08-06,1472.4000244140625,16.405000686645508,7.294649018086001,0.005311588128471989,2.797586208268932,0.0036642101022730245,4.497062809817069
2019-08-07,1507.300048828125,17.1560001373291,7.318075282210914,0.023426264124912777,2.8423479746593614,0.044761766390429614,4.475727307551552
2019-08-08,1497.699951171875,16.900999069213867,7.311685844396276,-0.006389437814637411,2.8273727367032455,-0.014975237956115883,4.484313107693031
2019-08-09,1496.5999755859375,16.89699935913086,7.3109511313332405,-0.0007347130630357412,2.8271360534505283,-0.0002366832527171958,4.483815077882712
2019-08-12,1505.300048828125,17.038999557495117,7.316747525303929,0.005796393970688207,2.8355048082629812,0.008368754812452917,4.4812427170409475
2019-08-13,1502.199951171875,16.95599937438965,7.314685946747501,-0.0020615785564279676,2.8306217165942855,-0.004883091668695716,4.484064230153216
2019-08-14,1515.9000244140625,17.253000259399414,7.323764617071298,0.009078670323797056,2.847986056434759,0.017364339840473697,4.475778560636538
2019-08-15,1519.5999755859375,17.187999725341797,7.3262024052473596,0.0024377881760617726,2.8442114499330997,-0.0037746065016595054,4.481990955314259
2019-08-16,1512.5,17.09600067138672,7.321519189904997,-0.004683215342362601,2.838844557288413,-0.005366892644686594,4.482674632616584
2019-08-19,1500.4000244140625,16.913999557495117,7.313487034479435,-0.008032155425562237,2.828141655197982,-0.01070290209043101,4.485345379281453
2019-08-20,1504.5999755859375,17.121999740600586,7.31628234489984,0.0027953104204057055,2.8403641711702288,0.012222515972246661,4.475918173729612
2019-08-21,1504.5999755859375,17.125,7.31628234489984,0.0,2.840539384148289,0.00017521297806011304,4.4757429607515515
2019-08-22,1497.300048828125,17.013999938964844,7.311418797754455,-0.004863547145385283,2.8340365309663436,-0.006502853181945323,4.477382266788112
2019-08-23,1526.5999755859375,17.395000457763672,7.330798303371927,0.019379505617472148,2.856182834919724,0.022146303953380464,4.474615468452203
2019-08-26,1526.300048828125,17.624000549316406,7.330601816912247,-0.00019648645968040057,2.8692616406686984,0.013078805748974354,4.4613401762435485
2019-08-27,1541.0,18.138999938964844,7.340186835320115,0.009585018407868517,2.8980643130109747,0.028802672342276292,4.442122522309141
2019-08-28,1537.800048828125,18.304000854492188,7.338108134350015,-0.0020787009701006554,2.9071196618807447,0.009055348869769997,4.43098847246927
2019-08-29,1526.5,18.16699981689453,7.330732812174933,-0.007375322175081855,2.899606751377593,-0.007512910503151726,4.4311260607973395
2019-08-30,1519.0999755859375,18.184999465942383,7.325873317142218,-0.004859495032714989,2.9005970490709223,0.0009902976933293672,4.425276268071295
2019-09-03,1545.9000244140625,19.07900047302246,7.3433615597950705,0.017488242652852648,2.9485882785380064,0.04799122946708412,4.394773281257065
2019-09-04,1550.300048828125,19.391000747680664,7.346203771068236,0.002842211273165418,2.9648090794586084,0.016220800920601963,4.381394691609628
2019-09-05,1515.4000244140625,18.6560001373291,7.323434725607912,-0.022769045460323767,2.9261678175292043,-0.03864126192940409,4.3972669080787075
2019-09-06,1506.199951171875,17.968000411987305,7.317345169249163,-0.006089556358749526,2.888592420925033,-0.037575396604171196,4.428752748324129
2019-09-09,1502.199951171875,18.018999099731445,7.314685946747501,-0.002659222501661951,2.891426706782494,0.0028342858574608165,4.423259239965007
2019-09-10,1490.300048828125,18.041000366210938,7.306732753718704,-0.007953193028797045,2.8926469657694818,0.0012202589869878544,4.414085787949222
2019-09-11,1494.4000244140625,18.0310001373291,7.309480083811612,0.0027473300929079514,2.892092506410509,-0.0005544593589728031,4.417387577401103
2019-09-12,1498.699951171875,18.041000366210938,7.3123533120706306,0.002873228259018923,2.8926469657694818,0.0005544593589728031,4.419706346301149
2019-09-13,1490.9000244140625,17.43600082397461,7.307135259809739,-0.005218052260891781,2.8585370816332345,-0.03410988413624727,4.448598178176504
2019-09-16,1503.0999755859375,17.900999069213867,7.315284904896706,0.008149645086967361,2.884856525211733,0.026319443578498358,4.430428379684973
2019-09-17,1505.0999755859375,18.016000747680664,7.316614603937426,0.0013296990407196674,2.891260293458204,0.006403768246471042,4.4253543104792215
2019-09-18,1507.5,17.795000076293945,7.318207928601341,0.0015933246639150411,2.878917523249537,-0.01234277020866692,4.439290405351803
2019-09-19,1498.4000244140625,17.773000717163086,7.3121531674233,-0.006054761178041268,2.8776804921291217,-0.0012370311204152884,4.434472675294177
2019-09-20,1507.300048828125,17.738000869750977,7.318075282210914,0.005922114787614063,2.8757092799874635,-0.001971212141658185,4.44236600222345
2019-09-23,1523.699951171875,18.600000381469727,7.328896834429548,0.010821552218634345,2.9231616012282804,0.047452321240816886,4.405735233201268
2019-09-24,1532.0999755859375,18.517000198364258,7.334394606386676,0.0054977719571276396,2.918689239768227,-0.0044723614600532535,4.4157053666184485
2019-09-25,1504.5999755859375,17.961999893188477,7.31628234489984,-0.0181122614868352,2.8882584093022308,-0.030430830465996372,4.42802393559761
2019-09-26,1507.5,17.801000595092773,7.318207928601341,0.0019255837015004218,2.8792546689255953,-0.009003740376635427,4.4389532596757455
2019-09-27,1499.0999755859375,17.552000045776367,7.3126201907324555,-0.005587737868885334,2.8651679061409174,-0.014086762784677909,4.447452284591538
2019-09-30,1465.699951171875,16.898000717163086,7.290088189719394,-0.02253200101306163,2.82719531417136,-0.03797259196955727,4.462892875548034
2019-10-01,1482.0,17.20199966430664,7.301147805856032,0.011059616136638084,2.845025636614501,0.017830322443140645,4.456122169241532
2019-10-02,1501.0,17.591999053955078,7.313886831633462,0.012739025777429802,2.8674441994754623,0.022418562860961444,4.446442632158
2019-10-03,1507.0999755859375,17.584999084472656,7.317942537226266,0.004055705592803882,2.8670462138629733,-0.00039798561248893805,4.450896323363292
2019-10-04,1506.199951171875,17.540000915527344,7.317345169249163,-0.0005973679771029694,2.8644840391405775,-0.002562174722395838,4.452861130108586
2019-10-07,1497.699951171875,17.457000732421875,7.311685844396276,-0.005659324852886449,2.8597407562984114,-0.004743282842166074,4.451945088097865
2019-10-08,1497.199951171875,17.617000579833984,7.311351943417312,-0.000333900978963797,2.868864377858324,0.009123621559912642,4.442487565558988
2019-10-09,1506.0999755859375,17.72800064086914,7.317278791007682,0.005926847590369988,2.875145346714982,0.006280968856657854,4.4421334442927005
2019-10-10,1494.800048828125,17.520000457763672,7.309747730276651,-0.007531060731031047,2.8633431116363086,-0.011802235078673284,4.446404618640343
2019-10-11,1482.699951171875,17.461999893188477,7.301619996092082,-0.008127734184569135,2.860027085271818,-0.0033160263644904653,4.441592910820264
2019-10-14,1491.699951171875,17.634000778198242,7.307671655426677,0.006051659334595172,2.869828900795391,0.009801815523573065,4.437842754631286
2019-10-15,1477.5999755859375,17.308000564575195,7.298174412362248,-0.009497243064429561,2.851168854981958,-0.018660045813433168,4.44700555738029
2019-10-16,1488.0,17.35099983215332,7.305188215393037,0.007013803030789134,2.853650131945932,0.002481276963973933,4.4515380834471046
2019-10-17,1492.300048828125,17.535999298095703,7.308073865657468,0.0028856502644307724,2.8642558707391275,0.010605738793195485,4.443817994918341
2019-10-18,1488.199951171875,17.50200080871582,7.305322582152971,-0.0027512835044971595,2.86231520632069,-0.0019406644184374322,4.443007375832281
2019-10-21,1482.4000244140625,17.525999069213867,7.301417691440431,-0.0039048907125396326,2.863685439524783,0.0013702332040930187,4.437732251915648
2019-10-22,1481.699951171875,17.437000274658203,7.300945323260565,-0.00047236817986640034,2.8585944010868163,-0.005091038437966766,4.442350922173748
2019-10-23,1489.9000244140625,17.517000198364258,7.30646429897967,0.0055189757191058675,2.86317184929361,0.004577448206793733,4.44329244968606
2019-10-24,1498.9000244140625,17.73900032043457,7.312486801024536,0.006022502044865874,2.875765623570649,0.012593774277038783,4.4367211774538875
2019-10-25,1499.5,17.861000061035156,7.312886998189064,0.00040019716452732723,2.882619568339577,0.006853944768928422,4.430267429849486
2019-10-28,1490.0,17.81599998474121,7.306531398939505,-0.00635559924955853,2.880096929098601,-0.0025226392409760656,4.426434469840904
2019-10-29,1487.0,17.770999908447266,7.304515946460155,-0.0020154524793500883,2.877567910051544,-0.002529019047057268,4.426948036408611
2019-10-30,1493.199951171875,17.815000534057617,7.308676714340104,0.004160767879948679,2.8800408290357735,0.002472918984229633,4.42863588530433
2019-10-31,1511.4000244140625,18.013999938964844,7.320791668739896,0.012114954399792488,2.8911492299733443,0.011108400937570817,4.429642438766551
2019-11-01,1508.0,18.003999710083008,7.318539548567902,-0.0022521201719944983,2.890593939327765,-0.0005552906455794648,4.427945609240137
2019-11-04,1508.0,18.013999938964844,7.318539548567902,0.0,2.8911492299733443,0.0005552906455794648,4.427390318594558
2019-11-05,1480.800048828125,17.516000747680664,7.30033779423344,-0.018201754334461917,2.8631147916247337,-0.028034438348610635,4.437223002608706
2019-11-06,1490.199951171875,17.558000564575195,7.306665585353471,0.006327791120031456,2.8655097186588856,0.0023949270341518947,4.441155866694586
2019-11-07,1464.199951171875,16.969999313354492,7.289064263864553,-0.01760132148891813,2.8314470387838178,-0.034062679875067836,4.457617225080735
2019-11-08,1461.300048828125,16.783000946044922,7.287081762894775,-0.001982500969778478,2.820366525695279,-0.011080513088538968,4.466715237199496
2019-11-11,1455.5,16.761999130249023,7.283104763185678,-0.003976999709096596,2.819114367788455,-0.0012521579068236477,4.463990395397223
2019-11-12,1452.0999755859375,16.677000045776367,7.280766046723757,-0.0023387164619208534,2.8140305273843222,-0.0050838404041329,4.466735519339435
2019-11-13,1461.699951171875,16.898000717163086,7.287355387490222,0.00658934076646478,2.82719531417136,0.013164786787037919,4.460160073318862
2019-11-14,1471.800048828125,17.01300048828125,7.2942414536682865,0.006886066178064532,2.8339777864004794,0.0067824722291192074,4.460263667267807
2019-11-15,1467.300048828125,16.933000564575195,7.291179289490954,-0.003062164177332072,2.829264414024914,-0.004713372375565239,4.46191487546604
2019-11-18,1470.9000244140625,16.985000610351562,7.293629753923341,0.00245046443238639,2.8323306375472868,0.003066223522372624,4.461299116376054
2019-11-19,1473.300048828125,17.10300064086914,7.295260094855319,0.0016303409319782247,2.8392539241887076,0.006923286641420834,4.456006170666612
2019-11-20,1473.300048828125,17.100000381469727,7.295260094855319,0.0,2.8390784858167852,-0.000175438371922354,4.456181609038534
2019-11-21,1463.0999755859375,17.049999237060547,7.288312734697586,-0.006947360157733229,2.836150158982343,-0.0029283268344424407,4.452162575715243
2019-11-22,1463.0999755859375,16.985000610351562,7.288312734697586,0.0,2.8323306375472868,-0.003819521435056039,4.455982097150299
2019-11-25,1456.5999755859375,16.871000289916992,7.2838602150228215,-0.004452519674764233,2.825596188808177,-0.006734448739109666,4.4582640262146445
2019-11-26,1459.800048828125,17.030000686645508,7.286054752466034,0.0021945374432128517,2.8349765349943556,0.009380346186178556,4.451078217471679
2019-11-27,1453.4000244140625,16.91200065612793,7.281660934980431,-0.00439381748560308,2.828023467924471,-0.006953067069884522,4.453637467055961
2019-11-29,1465.5999755859375,16.9689998626709,7.290019977261799,0.008359042281367302,2.8313881418977487,0.0033646739732775544,4.45863183536405
2019-12-02,1462.300048828125,16.836000442504883,7.287765851009151,-0.002254126252647204,2.823519477191579,-0.00786866470616987,4.464246373817573
2019-12-03,1478.199951171875,17.125,7.298580377318635,0.010814526309483874,2.840539384148289,0.017019906956710074,4.458040993170346
2019-12-04,1474.0,16.797000885009766,7.295735072749282,-0.0028453045693535017,2.821200351723426,-0.01933903242486279,4.474534721025856
2019-12-05,1476.9000244140625,16.941999435424805,7.297700591962878,0.00196551921359589,2.8297957126853595,0.008595360961933363,4.467904879277518
2019-12-06,1459.0999755859375,16.481000900268555,7.2855750695377015,-0.012125522425176172,2.802208256876673,-0.02758745580868638,4.483366812661028
2019-12-09,1459.300048828125,16.531999588012695,7.285712181133663,0.00013711159596141442,2.805297871728889,0.0030896148522159272,4.4804143094047735
2019-12-10,1462.5999755859375,16.59600067138672,7.287970936144616,0.00225875501095274,2.809161742925352,0.00386387119646292,4.478809193219264
2019-12-11,1469.4000244140625,16.743999481201172,7.292609449801164,0.0046385136565483265,2.818039954159535,0.008878211234183198,4.474569495641629
2019-12-12,1466.699951171875,16.844999313354492,7.2907702249615625,-0.0018392248396015276,2.8240538360959446,0.006013881936409504,4.466716388865618
2019-12-13,1475.5999755859375,16.91200065612793,7.296819949177344,0.006049724215781538,2.828023467924471,0.003969631828526499,4.468796481252873
2019-12-16,1475.0,17.018999099731445,7.29641326877392,-0.00040668040342417555,2.834330314114686,0.00630684619021471,4.462082954659234
2019-12-17,1474.5999755859375,16.97800064086914,7.296142028999153,-0.00027123977476684047,2.831918426062809,-0.002411888051876865,4.464223602936344
2019-12-18,1472.5999755859375,16.952999114990234,7.294784808355733,-0.0013572206434195877,2.8304447571120885,-0.0014736689507204304,4.464340051243645
2019-12-19,1478.199951171875,17.058000564575195,7.298580377318635,0.0037955689629018963,2.8366193349943023,0.006174577882213761,4.461961042324333
2019-12-20,1474.699951171875,17.128000259399414,7.296209825146347,-0.0023705521722883205,2.8407145664321396,0.004095231437837299,4.455495258714207
2019-12-23,1482.5,17.402999877929688,7.301485130871881,0.005275305725533919,2.8566425981377113,0.015928031705571666,4.444842532734169
2019-12-24,1499.0999755859375,17.756999969482422,7.3126201907324555,0.011135059860574614,2.876779802658075,0.020137204520363827,4.43584038807438
2019-12-26,1509.300048828125,17.893999099731445,7.319401278516886,0.0067810877844305395,2.8844654108142063,0.007685608156131174,4.43493586770268
2019-12-27,1513.800048828125,17.849000930786133,7.3223783571304,0.0029770786135143723,2.881947536395172,-0.0025178744190341718,4.440430820735228
2019-12-30,1514.5,17.908000946044922,7.322840630467292,0.0004622733368915277,2.885247593206779,0.003300056811606833,4.437593037260513
2019-12-31,1519.5,17.827999114990234,7.326136612356848,0.0032959818895559323,2.8807702054427464,-0.004477387764032503,4.4453664069141015
2020-01-02,1524.5,17.965999603271484,7.329421766428309,0.003285154071461349,2.8884810607248306,0.00771085528208415,4.440940705703479
2020-01-03,1549.199951171875,18.06800079345703,7.345493916122313,0.016072149694004167,2.8941424617074016,0.005661400982571063,4.451351454414912
2020-01-06,1566.199951171875,18.097000122070312,7.356407551140662,0.010913635018348522,2.8957461854233983,0.0016037237159967077,4.460661365717264
2020-01-07,1571.800048828125,18.31599998474121,7.359976769497175,0.0035692183565130264,2.907774993961764,0.01202880853836552,4.452201775535411
2020-01-08,1557.4000244140625,18.08799934387207,7.350773058819053,-0.009203710678121979,2.895248698701457,-0.012526295260306686,4.455524360117596
2020-01-09,1551.699951171875,17.860000610351562,7.347106351621934,-0.0036667071971185905,2.882563609622572,-0.012685089078884992,4.464542741999362
2020-01-10,1557.5,18.033000946044922,7.350837250661608,0.0037308990396738295,2.8922034651870043,0.009639855564432143,4.458633785474603
2020-01-13,1548.4000244140625,17.926000595092773,7.344977434470777,-0.005859816190831424,2.8862522061323563,-0.005951259054647995,4.45872522833842
2020-01-14,1542.4000244140625,17.673999786376953,7.341094939684901,-0.0038824947858762116,2.872094621008959,-0.014157585123397265,4.469000318675942
2020-01-15,1552.0999755859375,17.92300033569336,7.347364115927442,0.006269176242541086,2.886084822979213,0.013990201970254024,4.461279292948229
2020-01-16,1549.0,17.875,7.3453648404168685,-0.0019992755105731064,2.883403088580071,-0.0026817343991418774,4.461961751836798
2020-01-17,1558.800048828125,18.01300048828125,7.351671604788729,0.006306764371860396,2.8910937465485795,0.007690657968508319,4.46057785824015
2020-01-21,1556.4000244140625,17.750999450683594,7.350130756796638,-0.0015408479920910878,2.8764418214170067,-0.014651925131572874,4.473688935379631
2020-01-22,1555.300048828125,17.770999908447266,7.349423763445181,-0.0007069933514571858,2.877567910051544,0.0011260886345372256,4.471855853393636
2020-01-23,1564.5999755859375,17.773000717163086,7.355385463646952,0.005961700201771336,2.8776804921291217,0.00011258207757780525,4.477704971517831
2020-01-24,1571.0999755859375,18.05699920654297,7.35953127441408,0.004145810767128388,2.8935333772919454,0.015852885162823682,4.465997897122135
2020-01-27,1576.800048828125,18.0,7.363152786805104,0.003621512391023707,2.8903717578961645,-0.003161619395780857,4.47278102890894
2020-01-28,1569.199951171875,17.402000427246094,7.358321183218825,-0.0048316035862789874,2.8565851666953836,-0.03378659120078087,4.5017360165234415
2020-01-29,1569.800048828125,17.430999755859375,7.358703532797392,0.0003823495785670872,2.8582502162266112,0.0016650495312275915,4.5004533165707805
2020-01-30,1583.5,17.95199966430664,7.367392865978695,0.008689333181302494,2.887701510640789,0.02945129441417782,4.479691355337906
2020-01-31,1582.9000244140625,17.972000122070312,7.367013902115322,-0.0003789638633726611,2.8888149980001634,0.0011134873593743322,4.478198904115159
2020-02-03,1577.199951171875,17.639999389648438,7.363406371044731,-0.0036075310705907526,2.870169015978216,-0.01864598202194756,4.4932373550665154
2020-02-04,1550.4000244140625,17.527999877929688,7.346268256883446,-0.017138114161284967,2.863799595328862,-0.006369420649353863,4.482468661554584
2020-02-05,1557.800048828125,17.569000244140625,7.351029879830131,0.004761622946684696,2.8661359992790194,0.0023364039501574396,4.484893880551112
2020-02-06,1565.0999755859375,17.788999557495117,7.3557049830974135,0.004675103267282488,2.8785802638679354,0.01244426458891601,4.477124719229478
2020-02-07,1568.5999755859375,17.665000915527344,7.357938765214329,0.002233782116915606,2.871585332638299,-0.0069949312296362365,4.4863534325760295
2020-02-10,1574.699951171875,17.757999420166016,7.3618200259184725,0.0038812607041434077,2.8768360859581477,0.005250753319848478,4.484983939960324
2020-02-11,1565.5999755859375,17.572999954223633,7.356024400487805,-0.0057956254306672506,2.866363630607783,-0.010472455350364562,4.489660769880022
2020-02-12,1567.4000244140625,17.47800064086914,7.357173490194917,0.0011490897071118056,2.8609429838725413,-0.005420646735241785,4.496230506322376
2020-02-13,1575.0999755859375,17.600000381469727,7.362074025807682,0.0049005356127649335,2.867898923718522,0.006955939845980641,4.4941751020891605
2020-02-14,1582.699951171875,17.71500015258789,7.366887497488081,0.0048134716803991395,2.8744117469309205,0.006512823212398544,4.49247575055716
2020-02-18,1600.0,18.131000518798828,7.3777589082278725,0.010871410739791365,2.8976232090575826,0.02321146212666214,4.48013569917029
2020-02-19,1607.5,18.29199981689453,7.382435456111774,0.004676547883901705,2.9064637957856694,0.008840586728086741,4.475971660326104
2020-02-20,1616.5999755859375,18.30900001525879,7.388080442197639,0.005644986085864723,2.9073927430638715,0.0009289472782021413,4.480687699133767
2020-02-21,1644.5999755859375,18.520999908447266,7.40525245769181,0.0171720154941708,2.9189052184974793,0.011512475433607783,4.48634723919433
2020-02-24,1672.4000244140625,18.868000030517578,7.422015014080629,0.016762556388819405,2.9374673670394404,0.018562148541961143,4.484547647041189
2020-02-25,1646.9000244140625,18.183000564575195,7.4066500267044155,-0.015364987376213612,2.900487122686875,-0.03698024435256553,4.506162904017541
2020-02-26,1640.0,17.826000213623047,7.402451520818244,-0.004198505886171766,2.880658077692316,-0.019829044994558842,4.521793443125928
2020-02-27,1640.0,17.658000946044922,7.402451520818244,0.0,2.8711889920553846,-0.009469085636931496,4.531262528762859
2020-02-28,1564.0999755859375,16.386999130249023,7.35506584207118,-0.04738567874706412,2.7964882844884174,-0.07470070756696723,4.558577557582762
2020-03-02,1592.300048828125,16.679000854492188,7.372934821527534,0.01786897945635424,2.814150494326655,0.01766220983823752,4.558784327200879
2020-03-03,1642.0999755859375,17.128999710083008,7.403731174630206,0.030796353102672036,2.8407729165903417,0.02662242226368683,4.562958258039864
2020-03-04,1641.0999755859375,17.187000274658203,7.403122012808937,-0.000609161821269133,2.8441533000751287,0.003380383484786975,4.558968712733808
2020-03-05,1666.4000244140625,17.341999053955078,7.418420904597544,0.015298891788606994,2.8531312504027286,0.00897795032759996,4.565289654194816
2020-03-06,1670.800048828125,17.214000701904297,7.421057861847419,0.002636957249874783,2.8457230470024824,-0.007408203400246283,4.575334814844936
2020-03-09,1674.5,17.000999450683594,7.423269892234259,0.002212030386840702,2.8332721335447624,-0.012450913457719981,4.589997758689497
2020-03-10,1659.0999755859375,16.9060001373291,7.414030550934065,-0.009239341300194326,2.8276685966298345,-0.005603536914927876,4.58636195430423
2020-03-11,1641.4000244140625,16.729000091552734,7.403304830069537,-0.010725720864527943,2.81714374582184,-0.01052485080799448,4.586161084247697
2020-03-12,1589.300048828125,15.961000442504883,7.371048977425811,-0.03225585264372555,2.7701482744245536,-0.04699547139728644,4.600900703001258
2020-03-13,1515.699951171875,14.456000328063965,7.32363262522271,-0.047416352203101475,2.6711095759838925,-0.09903869844066104,4.652523049238818
2020-03-16,1485.9000244140625,12.772000312805176,7.30377594469279,-0.01985668052992029,2.5472552993440147,-0.1238542766398778,4.756520645348775
2020-03-17,1524.9000244140625,12.468999862670898,7.329684129131238,0.02590818443844789,2.523245553000807,-0.024009746343207627,4.8064385761304305
2020-03-18,1477.300048828125,11.734999656677246,7.297971409379836,-0.03171271975140133,2.46257580004668,-0.06066975295412691,4.8353956093331565
2020-03-19,1478.5999755859375,12.097000122070312,7.298850956611393,0.0008795472315563657,2.4929574980686686,0.030381698021988424,4.805893458542724
2020-03-20,1484.0,12.348999977111816,7.302496423727326,0.0036454671159331653,2.5135750862822412,0.020617588213572624,4.7889213374450845
2020-03-23,1567.0,13.225000381469727,7.356918242356021,0.05442181862869511,2.5821090065889543,0.06853392030671301,4.774809235767067
2020-03-24,1660.199951171875,14.229000091552734,7.414693326609945,0.05777508425392419,2.6552821419977897,0.07317313540883541,4.759411184612155
2020-03-25,1632.300048828125,14.836999893188477,7.397745372073684,-0.016947954536260745,2.697124053769659,0.041841911771869356,4.700621318304025
2020-03-26,1650.0999755859375,14.640000343322754,7.408591156323254,0.010845784249569945,2.683757531984173,-0.013366521785485919,4.724833624339081
2020-03-27,1623.9000244140625,14.498000144958496,7.392585957505257,-0.016005198817997446,2.6740107188772027,-0.009746813106970453,4.718575238628054
2020-03-30,1622.0,14.074000358581543,7.3914152346753585,-0.0011707228298982741,2.6443291490226533,-0.029681569854549394,4.747086085652706
2020-03-31,1583.4000244140625,14.097999572753906,7.367329728156092,-0.024085506519266886,2.6460329130462434,0.0017037640235901819,4.721296815109849
2020-04-01,1578.199951171875,13.925999641418457,7.364040205147811,-0.0032895230082807814,2.633757570771285,-0.012275342274958412,4.730282634376525
2020-04-02,1625.699951171875,14.595999717712402,7.393693741205039,0.029653536057228536,2.6807474992341356,0.04698992846285055,4.712946241970904
2020-04-03,1633.699951171875,14.435999870300293,7.398602630144402,0.004908888939362477,2.669725077796079,-0.01102242143805654,4.728877552348322
2020-04-06,1677.0,15.111000061035156,7.424761761823209,0.026159131678807235,2.715422959470744,0.04569788167466493,4.709338802352465
2020-04-07,1664.800048828125,15.42199993133545,7.417460304409149,-0.007301457414060408,2.735795056958392,0.020372097487648233,4.6816652474507565
2020-04-08,1665.4000244140625,15.147000312805176,7.417820628461298,0.00036032405214925234,2.7178025131961836,-0.0179925437622086,4.700018115265115
2020-04-09,1736.199951171875,15.994999885559082,7.459454067834147,0.041633439372849246,2.772276166246688,0.054473653050504556,4.687177901587459
2020-04-13,1744.800048828125,15.479000091552734,7.46439524287236,0.004941175038212897,2.739484272506382,-0.03279189374030622,4.724910970365978
2020-04-14,1756.699951171875,16.07200050354004,7.471192300223968,0.006797057351607627,2.777078658842899,0.037594386336516905,4.694113641381069
2020-04-15,1727.199951171875,15.446999549865723,7.454256850930492,-0.016935449293475457,2.7374147805915507,-0.039663878251348095,4.7168420703389415
2020-04-16,1720.4000244140625,15.564000129699707,7.450312115100504,-0.003944735829988666,2.7449605634556216,0.007545782864070816,4.705351551644882
2020-04-17,1689.199951171875,15.237000465393066,7.432010294153723,-0.0183018209467809,2.7237267110308325,-0.021233852424789035,4.70828358312289
2020-04-20,1701.5999755859375,15.555999755859375,7.439324249538318,0.007313955384595339,2.7444464005991946,0.02071968956836212,4.694877848939123
2020-04-21,1678.199951171875,14.817999839782715,7.425477040340435,-0.013847209197883181,2.695842647182123,-0.04860375341707179,4.729634393158312
2020-04-22,1728.699951171875,15.277000427246094,7.455124931683166,0.029647891342730937,2.726348457350208,0.03050581016808529,4.728776474332958
2020-04-23,1733.300048828125,15.347999572753906,7.4577824131178785,0.002657481434712672,2.7309851445474567,0.0046366871972485235,4.726797268570422
2020-04-24,1723.5,15.253999710083008,7.45211238595692,-0.005670027160958213,2.7248417447360813,-0.00614339981137535,4.727270641220839
2020-04-27,1711.9000244140625,15.201000213623047,7.445359158042116,-0.00675322791480415,2.7213612292151055,-0.0034805155209758354,4.723997928827011
2020-04-28,1710.5,15.161999702453613,7.444541004417659,-0.0008181536244569187,2.7187922780096305,-0.0025689512054749564,4.725748726408028
2020-04-29,1703.4000244140625,15.15999984741211,7.440381547039529,-0.004159457378130504,2.7186603701490615,-0.00013190786056904713,4.721721176890467
2020-04-30,1684.199951171875,14.89799976348877,7.429045923604011,-0.011335623435517306,2.7012269598787166,-0.01743341027034484,4.727818963725294
2020-05-01,1694.5,14.86299991607666,7.435142991047106,0.0060970674430942395,2.6988748975202976,-0.002352062358419005,4.736268093526808
2020-05-04,1706.9000244140625,14.722000122070312,7.442434153073447,0.007291162026341169,2.6893429819282075,-0.009531915592090101,4.75309117114524
2020-05-05,1704.4000244140625,15.057000160217285,7.4409684359498955,-0.0014657171235512578,2.711843009981624,0.022500028053416443,4.729125425968272
2020-05-06,1684.199951171875,14.987000465393066,7.429045923604011,-0.011922512345884151,2.7071831897159755,-0.004659820265648484,4.721862733888036
2020-05-07,1721.800048828125,15.562000274658203,7.451125562582621,0.022079638978609317,2.7448320628440253,0.037648873128049765,4.706293499738596
2020-05-08,1709.9000244140625,15.739999771118164,7.444190182532612,-0.00693538005000871,2.756205228447844,0.011373165603818958,4.687984954084768
2020-05-11,1695.300048828125,15.63599967956543,7.435615024105963,-0.008575158426649132,2.749575927437323,-0.006629301010521171,4.68603909666864
2020-05-12,1704.4000244140625,15.687000274658203,7.4409684359498955,0.005353411843932676,2.7528323613827537,0.0032564339454306257,4.688136074567142
2020-05-13,1713.9000244140625,15.663000106811523,7.446526768643268,0.005558332693372137,2.751301249915878,-0.0015311114668756787,4.69522551872739
2020-05-14,1738.0999755859375,16.13599967956543,7.460547827523025,0.014021058879757575,2.781052780793546,0.02975153087766813,4.679495046729479
2020-05-15,1753.4000244140625,17.04599952697754,7.469312053078326,0.008764225555300875,2.8359155443503425,0.05486276355679642,4.633396508727984
2020-05-18,1731.800048828125,17.464000701904297,7.456916637208714,-0.012395415869612236,2.8601416594391385,0.024226115088795908,4.596774977769575
2020-05-19,1744.199951171875,17.892000198364258,7.4640512487983175,0.007134611589603601,2.884353696657359,0.024212037218220406,4.579697552140958
2020-05-20,1750.5999755859375,18.00200080871582,7.467713851352226,0.0036626025539083784,2.8904829077585577,0.006129211101198795,4.577230943593668
2020-05-21,1720.5,17.334999084472656,7.450370225237535,-0.01734362611469109,2.8527275263231786,-0.03775538143537904,4.597642698914356
2020-05-22,1734.5999755859375,17.663999557495117,7.458532104175605,0.008161878938070188,2.871528645043457,0.018801118720278343,4.5870034591321485
2020-05-26,1704.800048828125,17.565000534057617,7.441203109425963,-0.01732899474964178,2.8659083161224364,-0.005620328921020601,4.575294793303527
2020-05-27,1710.300048828125,17.68600082397461,7.444424101255096,0.0032209918291323802,2.8727734127426303,0.006865096620193967,4.571650688512465
2020-05-28,1713.300048828125,17.895000457763672,7.446176642838386,0.0017525415832908564,2.8845213697985237,0.011747957055893377,4.561655273039863
2020-05-29,1736.9000244140625,18.440000534057617,7.459857208116079,0.013680565277693013,2.9145222470903573,0.03000087729183365,4.545334961025722
2020-06-01,1737.800048828125,18.76799964904785,7.460375252502772,0.000518044386692118,2.932153273211623,0.01763102612126577,4.528221979291148
2020-06-02,1725.199951171875,18.207000732421875,7.45309823647081,-0.007277016031961736,2.901806175749315,-0.030347097462307904,4.551292060721495
2020-06-03,1697.800048828125,17.92099952697754,7.437088603063512,-0.016009633407297663,2.8859731831663815,-0.01583299258293369,4.551115419897131
2020-06-04,1718.9000244140625,18.02400016784668,7.449439844537417,0.01235124147390465,2.891704212442342,0.005731029275960697,4.557735632095074
2020-06-05,1676.199951171875,17.44300079345703,7.424284576534555,-0.025155268002861497,2.8589384675245615,-0.032765744917780726,4.565346109009994
2020-06-08,1698.300048828125,17.868000030517578,7.437383058461901,0.013098481927345418,2.883011405197818,0.02407293767325669,4.5543716532640826
2020-06-09,1714.699951171875,17.77400016784668,7.446993388708614,0.009610330246712984,2.8777367247596657,-0.00527468043815249,4.5692566639489485
2020-06-10,1713.300048828125,17.775999069213867,7.446176642838386,-0.0008167458702272867,2.877849180535317,0.0001124557756511102,4.56832746230307
2020-06-11,1732.0,17.868999481201172,7.4570320891223805,0.010855446283994041,2.8830673388630674,0.005218158327750633,4.573964750259313
2020-06-12,1729.300048828125,17.461999893188477,7.455472009567651,-0.0015600795547294766,2.860027085271818,-0.023040253591249282,4.595444924295833
2020-06-15,1720.300048828125,17.378999710083008,7.4502540015864875,-0.005218007981163453,2.855262564100567,-0.004764521171251257,4.594991437485921
2020-06-16,1729.5999755859375,17.631999969482422,7.455645432769505,0.005391431183017659,2.8697154312396975,0.014452867139130632,4.585930001529808
2020-06-17,1729.199951171875,17.756999969482422,7.455414124556069,-0.00023130821343642083,2.876779802658075,0.0070643714183775685,4.578634321897994
2020-06-18,1724.800048828125,17.493000030517578,7.45286640902412,-0.002547715531949102,2.861800802652688,-0.0149790000053871,4.591065606371432
2020-06-19,1745.9000244140625,17.832000732421875,7.465025474974383,0.012159065950263503,2.8809946371570234,0.019193834504335427,4.58403083781736
2020-06-22,1756.699951171875,17.886999130249023,7.471192300223968,0.006166825249584562,2.8840741433863535,0.0030795062293300646,4.587118156837614
2020-06-23,1772.0999755859375,18.051000595092773,7.479920549204389,0.008728248980421682,2.8932011178736263,0.009126974487272843,4.5867194313307635
2020-06-24,1765.800048828125,17.658000946044922,7.476359152119608,-0.003561397084781426,2.8711889920553846,-0.022012125818241746,4.605170160064223
2020-06-25,1762.0999755859375,17.882999420166016,7.47426154471959,-0.0020976074000182976,2.883850508482145,0.0126615164267605,4.590411036237445
2020-06-26,1772.5,18.023000717163086,7.4801462584062826,0.005884713686692855,2.8916487598022163,0.00779825132007117,4.588497498604067
2020-06-29,1774.800048828125,17.979999542236328,7.481443047016657,0.0012967886103742998,2.8892600035838703,-0.002388756218346,4.592183043432787
2020-06-30,1793.0,18.541000366210938,7.491645473605133,0.010202426588476143,2.9199845158671285,0.030724512283258232,4.571660957738004
2020-07-01,1773.199951171875,18.132999420166016,7.480541075334171,-0.011104398270962434,2.8977334506951613,-0.022251065171967177,4.58280762463901
2020-07-02,1784.0,18.243999481201172,7.486613313139955,0.006072237805784475,2.9038362304127716,0.006102779717610307,4.582777082727183
2020-07-06,1788.5,18.503999710083008,7.4891325586990725,0.0025192455591174223,2.917986909261337,0.014150678848565246,4.571145649437735
2020-07-07,1804.199951171875,18.628000259399414,7.49787253215895,0.008739973459877426,2.924665839045373,0.006678929784035947,4.573206693113577
2020-07-08,1815.5,19.08099937438965,7.504116190854391,0.006243658695440857,2.94869304276112,0.02402720371574718,4.55542314809327
2020-07-09,1799.199951171875,18.881999969482422,7.495097373506308,-0.009018817348082742,2.938209085694099,-0.010483957067020988,4.556888287812209
2020-07-10,1798.199951171875,18.982999801635742,7.494541416396782,-0.0005559571095261617,2.943543831358831,0.005334745664732132,4.550997585037951
2020-07-13,1811.0,19.708999633789062,7.501634457883413,0.0070930414866312574,2.9810753656294584,0.037531534270627276,4.520559092253954
2020-07-14,1810.5999755859375,19.451000213623047,7.5014135475573775,-0.0002209103260355505,2.9678984936071804,-0.013176872022278019,4.533515053950197
2020-07-15,1811.4000244140625,19.684999465942383,7.501855319418856,0.0004417718614782018,2.979856897265519,0.011958403658338668,4.521998422153336
2020-07-16,1798.699951171875,19.496999740600586,7.494819433587583,-0.007035885831272459,2.9702605942757407,-0.009596302989778316,4.524558839311842
2020-07-17,1808.300048828125,19.684999465942383,7.50014248339316,0.0053230498055762965,2.979856897265519,0.009596302989778316,4.52028558612764
2020-07-20,1815.9000244140625,20.124000549316406,7.504336505010358,0.004194021617198729,3.001913159925653,0.022056262660134163,4.502423345084705
2020-07-21,1842.4000244140625,21.496999740600586,7.518824361757703,0.014487856747344985,3.067913378447226,0.06600021852157267,4.450910983310477
2020-07-22,1864.0999755859375,23.08300018310547,7.53053362877823,0.011709267020526326,3.1390964237943426,0.07118304534711672,4.3914372049838875
2020-07-23,1889.0999755859375,22.94499969482422,7.543855791239159,0.013322162460929654,3.1331000345464792,-0.005996389247863387,4.41075575669268
2020-07-24,1897.300048828125,22.808000564575195,7.548187127605672,0.00433133636651295,3.127111376363755,-0.005988658182724205,4.421075751241917
2020-07-27,1931.0,24.47599983215332,7.565793282428515,0.017606154822842335,3.1976930387426914,0.07058166237893637,4.368100243685824
2020-07-28,1944.699951171875,24.266000747680664,7.572862977402529,0.007069694974014773,3.1890762244415436,-0.008616814301147802,4.383786752960986
2020-07-29,1953.5,24.292999267578125,7.577377914495125,0.004514937092595872,3.190188212854443,0.0011119884128993895,4.387189701640683
2020-07-30,1942.300048828125,23.34000015258789,7.571628141977419,-0.005749772517706475,3.150168633396023,-0.04001957945841994,4.421459508581396
2020-07-31,1962.800048828125,24.18899917602539,7.582127329092518,0.010499187115099673,3.185897950306973,0.03572931691094983,4.396229378785545
2020-08-03,1966.0,24.389999389648438,7.583756300707112,0.0016289716145934108,3.1941731872031642,0.008275236896191362,4.389583113503948
2020-08-04,2001.199951171875,26.011999130249023,7.601502255214627,0.01774595450751537,3.2585579365703765,0.06438474936721228,4.342944318644251
2020-08-05,2031.0999755859375,26.87700080871582,7.616332785177321,0.014830529962694072,3.2912709323730627,0.03271299580268616,4.325061852804259
2020-08-06,2051.5,28.386999130249023,7.626326511882241,0.009993726704919936,3.3459312632513263,0.05466033087826361,4.280395248630915
2020-08-07,2010.0999755859375,27.533000946044922,7.605939738913655,-0.020386772968586264,3.315385319608408,-0.030545943642918072,4.290554419305247
2020-08-10,2024.4000244140625,29.249000549316406,7.613028651399823,0.007088912486167942,3.3758454038399432,0.06046008423153504,4.23718324755988
2020-08-11,1932.5999755859375,26.03700065612793,7.5666215129324526,-0.046407138467370324,3.2595186285300453,-0.11632677530989799,4.307102884402408
2020-08-12,1934.9000244140625,25.954999923706055,7.567810937159622,0.0011894242271690558,3.2563642663397223,-0.0031543621903229457,4.311446670819899
2020-08-13,1956.699951171875,27.694000244140625,7.579014634829729,0.011203697670107537,3.321215792048173,0.06485152570845054,4.257798842781556
2020-08-14,1937.0,26.065000534057617,7.5688956634069955,-0.010118971422733658,3.260593438709523,-0.06062235333864985,4.3083022246974725
2020-08-17,1985.0,27.64299964904785,7.59337419312129,0.024478529714294872,3.319372518663948,0.05877907995442477,4.274001674457343
2020-08-18,1999.4000244140625,28.048999786376953,7.600602426743775,0.007228233622484481,3.3339529730932544,0.014580454429306666,4.266649453650521
2020-08-19,1958.699951171875,27.315000534057617,7.580036241931854,-0.020566184811920962,3.307436021399488,-0.026516951693766444,4.272600220532366
2020-08-20,1933.800048828125,27.121999740600586,7.5672422832992785,-0.012793958632575375,3.3003451971015836,-0.007090824297904419,4.2668970861976945
2020-08-21,1934.5999755859375,26.707000732421875,7.567655853128751,0.0004135698294724932,3.2849257307540407,-0.015419466347542876,4.28273012237471
2020-08-24,1927.699951171875,26.58799934387207,7.564082836073813,-0.003573017054938177,3.2804599615017387,-0.004465769252302021,4.283622874572075
2020-08-25,1911.800048828125,26.253999710083008,7.555800511170056,-0.008282324903756688,3.2678183473384417,-0.01264161416329701,4.2879821638316145
2020-08-26,1940.699951171875,27.43000030517578,7.570803986557991,0.01500347538793445,3.311637316075133,0.04381896873669122,4.259166670482857
2020-08-27,1921.5999755859375,27.010000228881836,7.560913438620649,-0.009890547937341232,3.296207176278491,-0.015430139796642095,4.264706262342159
2020-08-28,1964.5999755859375,27.610000610351562,7.5830439288137805,0.02213049019313118,3.3181780480482406,0.021970871769749767,4.26486588076554
2020-08-31,1967.5999755859375,28.437000274658203,7.584569792513143,0.001525863699362695,3.3476911237974947,0.029513075749254103,4.236878668715649
2020-09-01,1968.199951171875,28.486000061035156,7.584874673656367,0.0003048811432240228,3.3494127406550316,0.0017216168575369117,4.235461933001336
2020-09-02,1934.4000244140625,27.249000549316406,7.5675524924815285,-0.017322181174838747,3.305016843347326,-0.044395897307705656,4.262535649134202
2020-09-03,1927.5999755859375,26.735000610351562,7.564030972100654,-0.003521520380874499,3.2859735912303774,-0.019043252116948572,4.278057380870276
2020-09-04,1923.9000244140625,26.576000213623047,7.562109667512808,-0.0019213045878458956,3.280008560909133,-0.005965030321244402,4.282101106603675
2020-09-08,1933.0,26.86400032043457,7.566828479208331,0.0047188116955227954,3.2907871122632137,0.01077855135408079,4.276041366945117
2020-09-09,1944.699951171875,26.954999923706055,7.572862977402529,0.006034498194198434,3.294168806073213,0.003381693809999309,4.278694171329317
2020-09-10,1954.199951171875,27.163000106811523,7.577736156523995,0.004873179121466009,3.301855757076618,0.007686951003404996,4.275880399447377
2020-09-11,1937.800048828125,26.73900032043457,7.569308613148615,-0.00842754337538043,3.2861231858004802,-0.015732571276137808,4.283185427348135
2020-09-14,1953.0999755859375,27.229000091552734,7.577173120342685,0.007864507194070391,3.3042825851723943,0.01815939937191402,4.272890535170291
2020-09-15,1956.300048828125,27.34600067138672,7.5788102380266915,0.0016371176840062063,3.308570290438441,0.004287705266046604,4.270239947588251
2020-09-16,1960.199951171875,27.354999542236328,7.580801762925312,0.0019915248986208667,3.3088993107816025,0.00032902034316162343,4.27190245214371
2020-09-17,1940.0,26.985000610351562,7.570443252057374,-0.010358510867938264,3.295281178688785,-0.013618132092817703,4.275162073368589
2020-09-18,1952.0999755859375,27.027999877929688,7.576660982662484,0.0062177306051101056,3.296873361173489,0.0015921824847042743,4.279787621488995
2020-09-21,1901.199951171875,24.298999786376953,7.550240519057062,-0.026420463605422384,3.190435188444917,-0.10643817272857214,4.359805330612145
2020-09-22,1898.5999755859375,24.441999435424805,7.5488720385887165,-0.0013684804683453677,3.1963029409172408,0.0058677524723238506,4.352569097671475
2020-09-23,1859.9000244140625,23.013999938964844,7.5282780149476265,-0.020594023641089976,3.1361027237491785,-0.06020021716806223,4.392175291198448
2020-09-24,1868.300048828125,23.118000030517578,7.532784231600847,0.004506216653220818,3.140611536192154,0.004508812442975518,4.392172695408693
2020-09-25,1857.699951171875,23.017000198364258,7.527094416113176,-0.005689815487671446,3.1362330819597197,-0.004378454232434326,4.390861334153456
2020-09-28,1872.800048828125,23.527999877929688,7.535189942248959,0.008095526135782904,3.1581911960633944,0.021958114103674653,4.376998746185564
2020-09-29,1894.300048828125,24.3799991607666,7.5466046819105745,0.01141473966161577,3.1937630896300977,0.035571893566703316,4.352841592280477
2020-09-30,1887.5,23.433000564575195,7.54300848112318,-0.0035962007873946433,3.1541453093894374,-0.039617780240660316,4.3888631717337425
2020-10-01,1908.4000244140625,24.19300079345703,7.5540204864349,0.011012005311719975,3.186063367918617,0.03191805852917984,4.367957118516283
2020-10-02,1900.199951171875,23.97100067138672,7.5497143970763405,-0.004306089358559362,3.1768447943995626,-0.00921857351905464,4.3728696026767775
2020-10-05,1912.5,24.50200080871582,7.556166565700691,0.006452168624350385,3.198754779878093,0.02190998547853029,4.357411785822598
2020-10-06,1901.0999755859375,23.8700008392334,7.550187932155509,-0.0059786335451814665,3.1726224755092383,-0.02613230436885461,4.377565456646272
2020-10-07,1883.5999755859375,23.847999572753906,7.540940105408016,-0.009247826747493804,3.1717003384603855,-0.0009221370488528002,4.36923976694763
2020-10-08,1888.5999755859375,23.836999893188477,7.5435910799018995,0.002650974493883851,3.1712389908716796,-0.0004613475887058627,4.37235208903022
2020-10-09,1919.5,25.069000244140625,7.559820014440852,0.0162289345389528,3.2216320328006636,0.05039304192898397,4.338187981640189
2020-10-12,1922.5,25.22599983215332,7.5613817013797995,0.0015616869389472043,3.2278752020112838,0.006243169210620181,4.333506499368516
2020-10-13,1888.5,24.086000442504883,7.543538142152512,-0.017843559227287642,3.181630777210159,-0.04624442480112467,4.361907364942352
2020-10-14,1901.300048828125,24.36400032043457,7.5502931673969815,0.006755025244469692,3.193106646126207,0.011475868916047904,4.3571865212707745
2020-10-15,1903.199951171875,24.19300079345703,7.551291933332944,0.0009987659359627088,3.186063367918617,-0.007043278207589765,4.365228565414327
2020-10-16,1900.800048828125,24.368999481201172,7.550030154856523,-0.0012617784764215045,3.1933118114476313,0.007248443529014104,4.356718343408891
2020-10-19,1906.4000244140625,24.656999588012695,7.552971938590901,0.002941783734378589,3.2050608191257366,0.011749007678105272,4.347911119465165
2020-10-20,1910.4000244140625,24.937000274658203,7.5550679359778385,0.0020959973869372206,3.216352655337846,0.011291836212109274,4.338715280639993
2020-10-21,1924.5999755859375,25.19700050354004,7.562473420237034,0.007405484259195738,3.2267249597957264,0.01037230445788051,4.335748460441308
2020-10-22,1901.0999755859375,24.665000915527344,7.550187932155509,-0.012285488081524853,3.2053852718041824,-0.021339687991543954,4.344802660351327
2020-10-23,1902.0,24.62700080871582,7.550661243105336,0.00047331094982627775,3.2038434348728226,-0.0015418369313597857,4.3468178082325135
2020-10-26,1902.699951171875,24.375999450683594,7.551029183383809,0.00036794027847353306,3.1935990191482744,-0.010244415724548261,4.357430164235534
2020-10-27,1908.800048828125,24.525999069213867,7.554230076924187,0.0032008935403773364,3.1997337413888376,0.006134722240563217,4.354496335535349
2020-10-28,1876.199951171875,23.323999404907227,7.537003707666839,-0.01722636925734733,3.1494828478457277,-0.050250893543109854,4.3875208598211115
2020-10-29,1865.5999755859375,23.339000701904297,7.531337983069733,-0.0056657245971063475,3.1501258111133925,0.0006429632676647756,4.38121217195634
2020-10-30,1877.4000244140625,23.617000579833984,7.537643132907079,0.006305149837346313,3.1619668162465655,0.011841005133172988,4.375676316660513
2020-11-02,1890.4000244140625,24.006000518798828,7.544543738787458,0.006900605880378663,3.1783038207143677,0.016337004467802174,4.36623991807309
2020-11-03,1908.5,24.30500030517578,7.554072872185285,0.009529133397826683,3.1906821030535095,0.012378282339141844,4.363390769131775
2020-11-04,1894.5999755859375,23.86400032043457,7.546763000555304,-0.007309871629980869,3.172371060639977,-0.01831104241353243,4.374391939915327
2020-11-05,1945.300048828125,25.17099952697754,7.573171510904334,0.02640851034903058,3.2256925194027644,0.053321458762787266,4.3474789915015695
2020-11-06,1950.300048828125,25.645999908447266,7.575738510914745,0.0025670000104103252,3.24438761046706,0.018695091064295788,4.331350900447685
2020-11-09,1853.199951171875,23.684999465942383,7.524669127194487,-0.05106938372025738,3.164841913827367,-0.07954569663969302,4.3598272133671205
2020-11-10,1875.4000244140625,24.445999145507812,7.536577262003581,0.011908134809093696,3.1964665684007962,0.03162465457342911,4.340110693602785
2020-11-11,1860.699951171875,24.250999450683594,7.528708013751791,-0.00786924825179014,3.188457830995379,-0.00800873740541741,4.340250182756412
2020-11-12,1872.5999755859375,24.290000915527344,7.535083105467267,0.006375091715476344,3.1900647807056135,0.001606949710234673,4.345018324761654
2020-11-13,1885.699951171875,24.759000778198242,7.542054357838977,0.006971252371710257,3.20918909070958,0.019124310003966638,4.332865267129398
2020-11-16,1887.300048828125,24.785999298095703,7.54290254111604,0.0008481832770623754,3.210278949324103,0.0010898586145229316,4.332623591791936
2020-11-17,1884.5,24.635000228881836,7.5414178127071905,-0.0014847284088492785,3.204168205286847,-0.006110744037255866,4.337249607420343
2020-11-18,1873.5,24.433000564575195,7.535563618233742,-0.00585419447344826,3.1959347006737095,-0.008233504613137654,4.339628917560033
2020-11-19,1861.0999755859375,24.033000946044922,7.5289229766318355,-0.006640641601906694,3.179427925265501,-0.01650677540820844,4.349495051366334
2020-11-20,1872.5999755859375,24.347999572753906,7.535083105467267,0.0061601288354316,3.1924496930841957,0.013021767818694574,4.342633412383071
2020-11-23,1837.800048828125,23.624000549316406,7.5163245096355755,-0.018758595831691594,3.1622631676940935,-0.030186525390102137,4.354061341941482
2020-11-24,1804.800048828125,23.29199981689453,7.49820508835833,-0.01811942127724553,3.1481099461135704,-0.014153221580523123,4.35009514224476
2020-11-25,1805.699951171875,23.356000900268555,7.498703580180728,0.0004984918223982504,3.1508539489667844,0.002744002853213967,4.347849631213943
2020-11-27,1781.9000244140625,22.55299949645996,7.48543550343451,-0.013268076746218327,3.1158680724670065,-0.03498587649977791,4.369567430967503
2020-11-30,1775.699951171875,22.534000396728516,7.48194996286683,-0.0034855405676799123,3.1150252973477484,-0.0008427751192581212,4.366924665519082
2020-12-01,1814.0999755859375,24.033000946044922,7.503344742489329,0.021394779622498916,3.179427925265501,0.06440262791775275,4.323916817223828
2020-12-02,1825.699951171875,24.024999618530273,7.509718727374586,0.006373984885256867,3.1790949389783236,-0.0003329862871774836,4.330623788396262
2020-12-03,1836.800048828125,24.086999893188477,7.5157802327085035,0.006061505333917694,3.181672271436251,0.0025773324579274615,4.334107961272252
2020-12-04,1835.9000244140625,24.202999114990234,7.515290116764304,-0.000490115944199232,3.186476555855404,0.0048042844191527045,4.3288135609089
2020-12-07,1861.800048828125,24.740999221801758,7.529299066908689,0.014008950144384968,3.2084617550655365,0.021985199210132755,4.320837311843153
2020-12-08,1870.800048828125,24.68400001525879,7.534121451951862,0.004822385043172339,3.2061552610769857,-0.002306493988550873,4.327966190874876
2020-12-09,1834.5999755859375,23.93000030517578,7.514581739767988,-0.019539712183873625,3.175132914673135,-0.031022346403850598,4.339448825094853
2020-12-10,1833.5999755859375,24.0310001373291,7.514036513205595,-0.0005452265623926422,3.1793446692455327,0.004211754572397641,4.334691843960062
2020-12-11,1839.800048828125,24.031999588012695,7.517412175582966,0.0033756623773708583,3.179386258438444,4.158919291130658e-05,4.338025917144522
2020-12-14,1828.699951171875,23.985000610351562,7.511360584179584,-0.006051591403382517,3.1774286604012465,-0.0019575980371975277,4.333931923778337
2020-12-15,1852.300048828125,24.58099937438965,7.524183415489485,0.012822831309901694,3.201973761341872,0.024545100940625453,4.322209654147613
2020-12-16,1856.0999755859375,24.985000610351562,7.526232778051633,0.0020493625621478273,3.2182756692248877,0.016301907883015776,4.307957108826745
2020-12-17,1887.199951171875,26.100000381469727,7.542849502220148,0.016616724168514452,3.261935328944346,0.043659659719458066,4.280914173275802
2020-12-18,1885.699951171875,25.948999404907227,7.542054357838977,-0.0007951443811702319,3.25613305029074,-0.005802278653605608,4.285921307548238
2020-12-21,1879.199951171875,26.277999877929688,7.538601407361239,-0.0034529504777385256,3.268732082574288,0.01259903228354764,4.269869324786951
2020-12-22,1866.5999755859375,25.43400001525879,7.531873860052217,-0.0067275473090218085,3.236086862198492,-0.03264522037579587,4.295786997853725
2020-12-23,1874.699951171875,25.823999404907227,7.536203899557312,0.004330039505094696,3.251304269043363,0.01521740684487094,4.284899630513949
2020-12-24,1879.9000244140625,25.81100082397461,7.53897387590681,0.002769976349497938,3.2508007895759636,-0.0005034794673992593,4.288173086330846
2020-12-28,1877.199951171875,26.459999084472656,7.537536557909116,-0.0014373179976940875,3.2756341240863804,0.024833334510416805,4.261902433822735
2020-12-29,1879.699951171875,26.13800048828125,7.538867442645997,0.0013308847368813659,3.2633902128557395,-0.012243911230640947,4.2754772297902575
2020-12-30,1891.0,26.488000869750977,7.544861068658458,0.005993626012460673,3.276691833080605,0.013301620224865474,4.268169235577853
2020-12-31,1893.0999755859375,26.332000732421875,7.545970963119523,0.0011098944610656858,3.270784957420527,-0.005906875660077748,4.2751860056989965
2021-01-04,1944.699951171875,27.284000396728516,7.572862977402529,0.026892014283006027,3.306300464333175,0.0355155069126476,4.2665625130693545
2021-01-05,1952.699951171875,27.570999145507812,7.57696828424101,0.004105306838480871,3.316764464694885,0.010464000361710024,4.260203819546126
2021-01-06,1906.9000244140625,26.972999572753906,7.553234178643592,-0.023734105597418065,3.2948363498309763,-0.021928114863908554,4.258397828812615
2021-01-07,1912.300048828125,27.200000762939453,7.556062010602644,0.0028278319590517853,3.3032170013511957,0.008380651520219384,4.252845009251448
2021-01-08,1834.0999755859375,24.582000732421875,7.514309163645792,-0.041752846956852,3.202014497587837,-0.10120250376335882,4.312294666057955
2021-01-11,1849.5999755859375,25.23900032043457,7.522724665278414,0.008415501632621947,3.2283904299327952,0.026375932344958386,4.294334235345619
2021-01-12,1842.9000244140625,25.384000778198242,7.519095710085624,-0.003628955192789718,3.2341190849379315,0.005728655005136307,4.284976625147692
2021-01-13,1853.5999755859375,25.520000457763672,7.5248849599470065,0.005789249861382295,3.2394624764140367,0.005343391476105186,4.28542248353297
2021-01-14,1850.300048828125,25.746000289916992,7.523103093476972,-0.0017818664700346432,3.248279286498104,0.008816810084067317,4.274823806978867
2021-01-15,1829.300048828125,24.825000762939453,7.5116886856894975,-0.011414407787474268,3.211851240663943,-0.03642804583416126,4.299837445025554
2021-01-19,1839.5,25.27899932861328,7.5172490745448295,0.005560388855331944,3.2299739849751643,0.018122744311221517,4.287275089569665
2021-01-20,1865.9000244140625,25.733999252319336,7.53149880248754,0.014249727942710066,3.2478130457086025,0.017839060733438217,4.283685756778937
2021-01-21,1865.300048828125,25.82200050354004,7.531177203227606,-0.00032159925993369143,3.2512268612529542,0.003413815544351717,4.279950341974652
2021-01-22,1855.699951171875,25.52400016784668,7.526017236037783,-0.005159967189823256,3.239619192582134,-0.011607668670820193,4.286398043455648
2021-01-25,1854.9000244140625,25.454999923706055,7.525586078394562,-0.0004311576432209918,3.2369121843570907,-0.002707008225043328,4.288673894037471
2021-01-26,1850.699951171875,25.52899932861328,7.523319198500104,-0.0022668798944573965,3.239815034582874,0.0029028502257832933,4.283504163917231
2021-01-27,1844.9000244140625,25.375999450683594,7.520180367696991,-0.0031388308031132794,3.2338038238053533,-0.006011210777520759,4.286376543891638
2021-01-28,1837.9000244140625,25.909000396728516,7.516378907755101,-0.003801459941890073,3.2545904140045767,0.020786590199223465,4.261788493750524
2021-01-29,1847.300048828125,26.899999618530273,7.521480418996749,0.005101511241647927,3.2921262724267626,0.037535858422185875,4.229354146569986
2021-02-01,1860.800048828125,29.398000717163086,7.528761808004793,0.0072813890080443144,3.3809266692147575,0.0888003967879949,4.147835138790036
2021-02-02,1830.5,26.384000778198242,7.512344432560291,-0.016417375444501836,3.272757795312325,-0.10816887390243268,4.2395866372479665
2021-02-03,1832.199951171875,26.878000259399414,7.5132726829311105,0.000928250370819228,3.2913081177758663,0.01855032246354149,4.221964565155244
2021-02-04,1788.9000244140625,26.222999572753906,7.489356198444698,-0.023916484486412593,3.2666368719736605,-0.02467124580220581,4.222719326471037
2021-02-05,1810.9000244140625,27.013999938964844,7.501579251729026,0.012223053284327712,3.2963552478791827,0.029718375905522176,4.2052240038498425
2021-02-08,1831.9000244140625,27.56999969482422,7.513108971918594,0.01152972018956877,3.3167282139665804,0.020372966087397693,4.196380757952014
2021-02-09,1835.300048828125,27.395999908447266,7.514963261469409,0.0018542895508142365,3.31039701399383,-0.006331199972750223,4.2045662474755785
2021-02-10,1840.5999755859375,27.073999404907227,7.517846871140569,0.0028836096711604142,3.298573835783363,-0.011823178210466967,4.219273035357206
2021-02-11,1824.9000244140625,27.04199981689453,7.509280483373071,-0.008566387767498185,3.297391206165415,-0.0011826296179480167,4.211889277207655
2021-02-12,1821.5999755859375,27.322999954223633,7.507470501346992,-0.001809982026078849,3.3077288366618216,0.010337630496406458,4.19974166468517
2021-02-16,1797.199951171875,27.319000244140625,7.493985150027005,-0.013485351319986627,3.307582439748252,-0.00014639691356954643,4.186402710278753
2021-02-17,1771.0999755859375,27.31399917602539,7.479356087677898,-0.014629062349107436,3.3073993610894825,-0.0001830786587695421,4.171956726588416
2021-02-18,1773.4000244140625,27.07699966430664,7.480653900712717,0.0012978130348191286,3.298684646643885,-0.008714714445597682,4.181969254068832
2021-02-19,1775.800048828125,27.25200080871582,7.482006332094636,0.0013524313819193168,3.305126942586888,0.006442295943003273,4.176879389507748
2021-02-22,1806.699951171875,28.08300018310547,7.499257228753742,0.01725089665910584,3.3351644175778707,0.030037474990982638,4.1640928111758715
2021-02-23,1804.4000244140625,27.68600082397461,7.497983419064535,-0.001273809689207539,3.3209269000269606,-0.014237517550910184,4.177056519037574
2021-02-24,1796.4000244140625,27.85700035095215,7.493539954804132,-0.004443464260402763,3.3270842938885026,0.006157393861542015,4.166455660915629
2021-02-25,1774.4000244140625,27.636999130249023,7.481217630355155,-0.012322324448977184,3.3191554231880107,-0.007928870700491863,4.1620622071671445
2021-02-26,1728.0999755859375,26.402000427246094,7.454777803932255,-0.02643982642289977,3.273439781040906,-0.045715642147104774,4.1813380228913495
2021-03-01,1722.5,26.64699935913086,7.451532002887814,-0.0032458010444411656,3.2826765498685324,0.009236768827626474,4.168855453019281
2021-03-02,1733.0999755859375,26.850000381469727,7.4576669773683975,0.006134974480583644,3.2902658351623124,0.0075892852937800015,4.167401142206085
2021-03-03,1715.300048828125,26.35700035095215,7.447343299882009,-0.010323677486388405,3.271733907671709,-0.018531927490603284,4.1756093922102995
2021-03-04,1700.199951171875,25.43400001525879,7.438501141464211,-0.008842158417798451,3.236086862198492,-0.035647045473217176,4.202414279265719
2021-03-05,1698.0,25.256999969482422,7.437206366871292,-0.0012947745929183796,3.2291033438153547,-0.006983518383137266,4.208103023055937
2021-03-08,1677.699951171875,25.239999771118164,7.425179057672149,-0.01202730919914341,3.228430028604794,-0.0006733152105606877,4.196749029067355
2021-03-09,1716.5999755859375,26.148000717163086,7.448100855061783,0.022921797389634513,3.263772733177555,0.03534270457276101,4.184328121884228
2021-03-10,1721.5,26.101999282836914,7.450951282778578,0.00285042771679489,3.2620119122699283,-0.0017608209076267478,4.18893937050865
2021-03-11,1722.300048828125,26.16200065612793,7.451415914192235,0.0004646314136564911,3.2643080013454604,0.0022960890755321373,4.187107912846774
2021-03-12,1719.5,25.8799991607666,7.449788829872321,-0.001627084319913763,3.2534704372048244,-0.010837564140635969,4.1963183926674965
2021-03-15,1728.9000244140625,26.253000259399414,7.455240661231884,0.005451831359563286,3.267780278102557,0.014309840897732684,4.187460383129327
2021-03-16,1730.5999755859375,25.974000930786133,7.456223434065357,0.0009827728334723673,3.2570960735231997,-0.01068420457935737,4.199127360542157
2021-03-17,1726.800048828125,26.030000686645508,7.454025291957976,-0.002198142107380896,3.2592497453854787,0.002153671862278994,4.194775546572497
2021-03-18,1732.199951171875,26.320999145507812,7.457147527708441,0.003122235750465663,3.270367067192063,0.01111732180658409,4.1867804605163785
2021-03-19,1741.4000244140625,26.29199981689453,7.462444680414305,0.005297152705863617,3.269264703437026,-0.001102363755036695,4.193179976977278
2021-03-22,1737.800048828125,25.740999221801758,7.460375252502772,-0.002069427911533417,3.2480850212203296,-0.021179682216696527,4.2122902312824415
2021-03-23,1724.699951171875,25.200000762939453,7.452808372986271,-0.007566879516500258,3.226844024792752,-0.021240996427577485,4.22596434819352
2021-03-24,1732.9000244140625,25.201000213623047,7.457551598734758,0.004743225748486957,3.2268836847464977,3.96599537455522e-05,4.230667913988261
2021-03-25,1724.9000244140625,25.02199935913086,7.4529243709244835,-0.004627227810274803,3.2197554122829812,-0.0071282724635164385,4.233168958641502
2021-03-26,1732.199951171875,25.091999053955078,7.457147527708441,0.004223156783957904,3.2225490325314463,0.0027936202484650785,4.234598495176995
2021-03-29,1712.0999755859375,24.746999740600586,7.445475951951054,-0.011671575757387309,3.2087042590646493,-0.013844773466797022,4.236771692886405
2021-03-30,1683.9000244140625,24.121000289916992,7.428867825114786,-0.016608126836268333,3.183082842388664,-0.025621416675985387,4.245784982726121
2021-03-31,1713.800048828125,24.517000198364258,7.446468434726164,0.017600609611378104,3.1993667625708615,0.016283920182197598,4.247101672155303
2021-04-01,1726.5,24.934999465942383,7.453851516830047,0.007383082103883609,3.216272417580094,0.01690565500923258,4.237579099249953
2021-04-05,1727.0,24.76300048828125,7.454141078146678,0.0002895613166309374,3.209350623361307,-0.006921794218786914,4.244790454785371
2021-04-06,1741.5,25.211999893188477,7.462502089806056,0.008361011659377304,3.2273200674143285,0.017969444053021366,4.235182022391728
2021-04-07,1740.0999755859375,25.232999801635742,7.461697847791268,-0.0008042420147873486,3.228152653787107,0.0008325863727782767,4.2335451940041615
2021-04-08,1756.800048828125,25.569000244140625,7.471249279108998,0.009551431317730064,3.241380689756576,0.013228035969468976,4.229868589352423
2021-04-09,1743.300048828125,25.31100082397461,7.46353517575819,-0.007714103350808799,3.2312391164056113,-0.010141573350964439,4.232296059352578
2021-04-12,1731.199951171875,24.85300064086914,7.456570060447376,-0.006965115310813452,3.212978495388506,-0.01826062101710546,4.24359156505887
2021-04-13,1746.199951171875,25.41699981689453,7.465197249414203,0.008627188966826793,3.2354182342834568,0.022439738894950878,4.229779015130746
2021-04-14,1734.9000244140625,25.514999389648438,7.458705067904599,-0.006492181509603512,3.2392664905946504,0.0038482563111936763,4.219438577309949
2021-04-15,1765.4000244140625,25.95599937438965,7.4761325864153285,0.0174275185107291,3.256402772656196,0.017136282061545494,4.219729813759132
2021-04-16,1779.0,26.099000930786133,7.483806687665835,0.007674101250506382,3.2618970350820655,0.005494262425869589,4.221909652583769
2021-04-19,1769.4000244140625,25.83099937438965,7.4783957988472185,-0.0054108888186163995,3.2515752968118536,-0.010321738270211878,4.226820502035364
2021-04-20,1777.300048828125,25.834999084472656,7.482850665239149,0.004454866391930601,3.2517301263016654,0.00015482948981171418,4.231120538937484
2021-04-21,1792.300048828125,26.565000534057617,7.491255017480828,0.008404352241679014,3.279594580006713,0.02786445370504742,4.211660437474116
2021-04-22,1781.199951171875,26.173999786376953,7.485042546034497,-0.0062124714463314135,3.264766543471638,-0.014828036535074585,4.2202760025628585
2021-04-23,1777.0,26.07699966430664,7.482681828154651,-0.0023607178798457085,3.2610536868939115,-0.0037128565777266864,4.221628141260739
2021-04-26,1779.199951171875,26.211000442504883,7.4839190766123975,0.0012372484577465315,3.2661791868664785,0.005125499972566949,4.2177398897459195
2021-04-27,1778.0,26.41200065612793,7.48324441607385,-0.000674660538547478,3.2738184771743635,0.007639290307885016,4.209425938899487
2021-04-28,1773.199951171875,26.08099937438965,7.480541075334171,-0.002703340739679483,3.2612070558944315,-0.012611421279931978,4.219334019439739
2021-04-29,1768.0999755859375,26.05299949645996,7.477660788875966,-0.002880286458204928,3.260132905388876,-0.0010741505055555933,4.21752788348709
2021-04-30,1767.300048828125,25.85300064086914,7.477208264824408,-0.00045252405155782327,3.2524266731682485,-0.007706232220627385,4.224781591656159
2021-05-03,1791.4000244140625,26.94300079345703,7.490752729669577,0.013544464845169024,3.2937235528063904,0.04129687963814188,4.197029176863186
2021-05-04,1775.800048828125,26.538999557495117,7.482006332094636,-0.008746397574940445,3.2786153325453005,-0.015108220261089933,4.203390999549336
2021-05-05,1784.0999755859375,26.50200080871582,7.4866693516964125,0.004663019601776064,3.277220232357719,-0.0013951001875813773,4.209449119338693
2021-05-06,1815.5,27.461999893188477,7.504116190854391,0.01744683915797829,3.31280322701013,0.03558299465241088,4.191312963844261
2021-05-07,1831.0999755859375,27.461999893188477,7.5126721448146645,0.008555953960273754,3.31280322701013,0.0,4.199868917804535
2021-05-10,1837.5,27.479000091552734,7.516161231086992,0.0034890862723271354,3.313422079921855,0.0006188529117250319,4.202739151165137
2021-05-11,1835.9000244140625,27.656999588012695,7.515290116764304,-0.000871114322687383,3.3198788455882546,0.006456765666399633,4.19541127117605
2021-05-12,1822.5999755859375,27.231000900268555,7.508019318666842,-0.007270798097462006,3.304356063273029,-0.015522782315225747,4.203663255393813
2021-05-13,1823.800048828125,27.04400062561035,7.508677542272306,0.000658223605463526,3.2974651923614866,-0.0068908709115422795,4.211212349910819
2021-05-14,1837.9000244140625,27.35300064086914,7.516378907755101,0.007701365482795097,3.3088262354960363,0.011361043134549664,4.207552672259064
2021-05-17,1867.5,28.260000228881836,7.5323559170069725,0.01597700925187162,3.341447385355526,0.03262114985948994,4.190908531651447
2021-05-18,1867.800048828125,28.31399917602539,7.532516572817669,0.00016065581069657497,3.343356352870991,0.0019089675154648766,4.189160219946678
2021-05-19,1881.300048828125,28.007999420166016,7.539718332171544,0.007201759353875126,3.332490162949923,-0.010866189921068248,4.207228169221621
2021-05-20,1881.800048828125,28.052000045776367,7.539984070520228,0.00026573834868415247,3.334059932306504,0.0015697693565810411,4.2059241382137245
2021-05-21,1876.699951171875,27.472999572753906,7.537270168279149,-0.002713902241079147,3.313203688640033,-0.020856243666470764,4.2240664796391165
2021-05-24,1884.5999755859375,27.886999130249023,7.54147086281815,0.004200694539000516,3.3281605992297782,0.014956910589745132,4.2133102635883715
2021-05-25,1898.0999755859375,28.03700065612793,7.548608651958579,0.007137789140429618,3.3335250898304998,0.005364490600721528,4.215083562128079
2021-05-26,1901.300048828125,27.85300064086914,7.5502931673969815,0.001684515438402201,3.326940703509085,-0.006584386321414559,4.223352463887896
2021-05-27,1895.699951171875,27.91900062561035,7.547343416690213,-0.002949750706768839,3.32930748304188,0.0023667795327946273,4.218035933648332
2021-05-28,1902.5,27.993000030517578,7.550924089735841,0.0035806730456284797,3.3319544800101806,0.00264699696830073,4.218969609725661
2021-06-01,1902.9000244140625,28.08300018310547,7.551134330137885,0.0002102404020440929,3.3351644175778707,0.0032099375676901687,4.2159699125600145
2021-06-02,1907.5,28.18600082397461,7.553548763158612,0.0024144330207267473,3.3388254300027898,0.003661012424919008,4.214723333155822
2021-06-03,1871.199951171875,27.459999084472656,7.534335189175417,-0.019213573983194898,3.3127303669994257,-0.02609506300336406,4.221604822175991
2021-06-04,1889.800048828125,27.878999710083008,7.544226308186246,0.009891119010829286,3.3278737068441946,0.0151433398447689,4.216352601342052
2021-06-07,1896.800048828125,28.000999450683594,7.547923560493564,0.0036972523073179886,3.3322402042054358,0.004366497361241173,4.215683356288128
2021-06-08,1892.199951171875,27.71500015258789,7.545495426465394,-0.0024281340281699926,3.321973788377375,-0.010266415828060982,4.22352163808802
2021-06-09,1893.199951171875,27.985000610351562,7.5460237722407735,0.0005283457753790799,3.331668674153277,0.009694885775902051,4.214355098087497
2021-06-10,1894.199951171875,28.014999389648438,7.546551839014298,0.0005280667735245714,3.332740059230649,0.0010713850773722555,4.213811779783649
2021-06-11,1877.4000244140625,28.131000518798828,7.537643132907079,-0.008908706107218833,3.3368721895478437,0.0041321303171946155,4.2007709433592355
2021-06-14,1864.0,28.02400016784668,7.530479995245536,-0.007163137661542862,3.3330612918845763,-0.0038108976632673652,4.19741870336096
2021-06-15,1854.5,27.679000854492188,7.525370396929645,-0.005109598315891084,3.320674033800734,-0.012387258083842223,4.204696363128911
2021-06-16,1859.5,27.799999237060547,7.528062913365125,0.0026925164354798525,3.3250359932527256,0.004361959451991471,4.2030269201124
2021-06-17,1773.800048828125,25.8439998626709,7.480879444469765,-0.04718346889536029,3.252078460382148,-0.0729575328705776,4.228800984087616
2021-06-18,1767.9000244140625,25.95800018310547,7.4775476943216175,-0.00333175014814735,3.25647985431948,0.0044013939373321875,4.221067840002137
2021-06-21,1781.800048828125,26.014999389648438,7.485379395690362,0.007831701368744781,3.258673271280742,0.0021934169612616294,4.2267061244096205
2021-06-22,1776.300048828125,25.847999572753906,7.48228785569451,-0.0030915399958519885,3.2522332119930226,-0.00644005928771918,4.230054643701488
2021-06-23,1782.300048828125,26.107999801635742,7.485659971425936,0.0033721157314259287,3.2622417731751367,0.010008561182114128,4.2234181982507994
2021-06-24,1775.5999755859375,26.047000885009766,7.481893659210127,-0.0037663122158093643,3.2599026323972145,-0.0023391407779222995,4.221991026812912
2021-06-25,1776.5999755859375,26.082000732421875,7.482456690593586,0.0005630313834590339,3.261245449316217,0.0013428169190023986,4.221211241277369
2021-06-28,1779.5999755859375,26.218000411987305,7.484143885213038,0.0016871946194525478,3.266446213489528,0.005200764173311168,4.21769767172351
2021-06-29,1762.800048828125,25.871999740600586,7.474658760667017,-0.00948512454602124,3.2531612928084903,-0.013284920681037704,4.221497467858526
2021-06-30,1770.800048828125,26.165000915527344,7.479186728432034,0.00452796776501696,3.264422674814705,0.011261382006214848,4.214764053617329
2021-07-01,1775.9000244140625,26.075000762939453,7.48206262940798,0.002875900975945811,3.260977030146259,-0.0034456446684463238,4.2210855992617216
2021-07-02,1782.5999755859375,26.481000900268555,7.485828238000856,0.003765608592876113,3.2764275287029783,0.015450498556719428,4.209400709297878
2021-07-06,1793.5,26.15399932861328,7.491924296972337,0.006096058971481355,3.2640021168137925,-0.012425411889185778,4.227922180158545
2021-07-07,1801.5,26.110000610351562,7.496374930188148,0.00445063321581074,3.262318406087198,-0.0016837107265943452,4.23405652410095
2021-07-08,1799.5999755859375,25.966999053955078,7.495319683400634,-0.0010552467875140081,3.2568264646640896,-0.005491941423108493,4.2384932187365445
2021-07-09,1810.0,26.211000442504883,7.501082124259871,0.005762440859236939,3.2661791868664785,0.009352722202388808,4.234902937393393
2021-07-12,1805.5,26.216999053955078,7.498592840717513,-0.0024892835423582227,3.2664080192283453,0.00022883236186688194,4.2321848214891675
2021-07-13,1809.4000244140625,26.114999771118164,7.500750591084547,0.002157750367033806,3.26250985312388,-0.0038981661044652505,4.238240737960666
2021-07-14,1824.300048828125,26.246000289916992,7.508951657559576,0.008201066475029606,3.267513607520235,0.005003754396355031,4.241438050039341
2021-07-15,1828.4000244140625,26.375,7.511196559810282,0.002244902250705394,3.2724165917962305,0.004902984275995337,4.238779968014051
2021-07-16,1814.5,25.777000427246094,7.503565226653125,-0.0076313331571569165,3.249482638035803,-0.022933953760427617,4.254082588617322
2021-07-19,1808.699951171875,25.125999450683594,7.500363607167215,-0.003201619485909468,3.2239031447197566,-0.025579493316046253,4.276460462447458
2021-07-20,1810.9000244140625,24.976999282836914,7.501579251729026,0.0012156445618103362,3.2179553726955192,-0.005947772024237352,4.283623879033506
2021-07-21,1802.9000244140625,25.238000869750977,7.497151772089706,-0.004427479639319998,3.2283508296926793,0.010395456997160046,4.268800942397027
2021-07-22,1805.0,25.364999771118164,7.498315870766981,0.0011640986772754047,3.2333702619951232,0.005019432302443949,4.264945608771858
2021-07-23,1801.4000244140625,25.218000411987305,7.496319432902469,-0.0019964378645118686,3.227558041588068,-0.005812220407055424,4.268761391314401
2021-07-26,1798.699951171875,25.295000076293945,7.494819433587583,-0.0014999993148858692,3.2306067507600664,0.0030487091719986203,4.264212682827517
2021-07-27,1799.5,24.631999969482422,7.495264127519086,0.00044469393150237124,3.204046409383259,-0.026560341376807628,4.291217718135827
2021-07-28,1799.5,24.856000900268555,7.495264127519086,0.0,3.2130992083101115,0.009052798926852734,4.282164919208974
2021-07-29,1831.199951171875,25.763999938964844,7.512726741973806,0.017462614454720082,3.2489781663156347,0.03587895800552321,4.2637485756581714
2021-07-30,1812.5999755859375,25.527999877929688,7.502517544151597,-0.01020919782220897,3.2397758841941218,-0.009202282121512972,4.2627416599574754
2021-08-02,1818.0999755859375,25.55699920654297,7.505547265296888,0.003029721145291653,3.240911220682249,0.0011353364881272476,4.264636044614639
2021-08-03,1810.0999755859375,25.56599998474121,7.50113735786482,-0.004409907432068039,3.241263343148991,0.00035212246674198866,4.259874014715829
2021-08-04,1810.5,25.445999145507812,7.501358329205696,0.0002209713408758418,3.236558526139899,-0.004704817009092199,4.264799803065797
2021-08-05,1805.0999755859375,25.277000427246094,7.498371257369368,-0.00298707183632807,3.2298949082531974,-0.006663617886701445,4.26847634911617
2021-08-06,1760.0,24.312000274658203,7.473069088032197,-0.025302169337170888,3.19097006691172,-0.038924841341477556,4.2820990211204775
2021-08-09,1723.4000244140625,23.2549991607666,7.452054376971886,-0.021014711060311164,3.1465201265877605,-0.044449940323959325,4.305534250384126
2021-08-10,1728.800048828125,23.37700080871582,7.455182833436616,0.003128456464730256,3.1517526676064085,0.005232541018648007,4.303430165830208
2021-08-11,1750.4000244140625,23.474000930786133,7.4675996261753665,0.012416792738750182,3.155893465329722,0.004140797723313661,4.311706160845644
2021-08-12,1749.0,23.104999542236328,7.466799475018602,-0.0008001511567643504,3.1400490245099086,-0.01584444081981351,4.326750450508694
2021-08-13,1775.199951171875,23.76799964904785,7.481668344112681,0.014868869094078363,3.1683401233945645,0.028291098884655863,4.313328220718116
2021-08-16,1786.9000244140625,23.780000686645508,7.488237567547419,0.006569223434738092,3.1688449201375515,0.0005047967429869793,4.319392647409867
2021-08-17,1785.0,23.648000717163086,7.487173694213739,-0.0010638733336794104,3.163278575092376,-0.0055663450451755025,4.323895119121364
2021-08-18,1781.5999755859375,23.41200065612793,7.48526710223971,-0.0019065919740288706,3.1532487394542574,-0.010029835638118545,4.332018362785453
2021-08-19,1780.199951171875,23.219999313354492,7.484480969096381,-0.000786133143328982,3.1450139466984486,-0.00823479275580885,4.339467022397933
2021-08-20,1781.0,23.104999542236328,7.484930283289661,0.00044931419327998157,3.1400490245099086,-0.004964922188539944,4.344881258779752
2021-08-23,1803.199951171875,23.64900016784668,7.497318116206915,0.01238783291725376,3.163320837843292,0.023271813333383573,4.333997278363623
2021-08-24,1805.5999755859375,23.889999389648438,7.498648211982024,0.0013300957751090081,3.173459935789306,0.010139097946013642,4.325188276192718
2021-08-25,1788.199951171875,23.770999908447266,7.488964778995477,-0.009683432986546947,3.168466346471673,-0.004993589317632718,4.320498432523804
2021-08-26,1792.199951171875,23.54599952697754,7.4911991672053215,0.00223438820984434,3.158955934566713,-0.009510411904960048,4.332243232638609
2021-08-27,1816.5999755859375,24.059999465942383,7.504721887628686,0.013522720423364554,3.180550688349624,0.02159475378291109,4.324171199279062
2021-08-30,1809.0,23.959999084472656,7.500529485395295,-0.004192402233391235,3.176385735036591,-0.004164953313033237,4.324143750358704
2021-08-31,1815.0,23.959999084472656,7.503840746698951,0.00331126130365611,3.176385735036591,0.0,4.3274550116623605
2021-09-01,1813.0999755859375,24.177000045776367,7.502793352966393,-0.0010473937325583549,3.185401769903869,0.009016034867277867,4.317391583062523
2021-09-02,1808.699951171875,23.875,7.500363607167215,-0.0024297457991773186,3.172831886366794,-0.012569883537074666,4.327531720800421
2021-09-03,1830.9000244140625,24.761999130249023,7.512562941553019,0.01219933438580334,3.2093101848740755,0.03647829850728135,4.303252756678943
2021-09-07,1795.9000244140625,24.333999633789062,7.493261581619024,-0.019301359933995066,3.191874534315905,-0.017435650558170313,4.301387047303118
2021-09-08,1790.699951171875,24.011999130249023,7.4903618565750945,-0.0028997250439291022,3.1785536691680827,-0.013320865147822492,4.311808187407012
2021-09-09,1797.4000244140625,24.132999420166016,7.494096468807261,0.0037346122321668673,3.183580174446874,0.005026505278791227,4.310516294360387
2021-09-10,1789.5999755859375,23.854999542236328,7.48974739653373,-0.00434907227353154,3.1719938197786477,-0.011586354668226218,4.3177535767550825
2021-09-13,1792.0,23.753000259399414,7.491087593534876,0.0013401970011459596,3.1677088492136574,-0.004284970564990331,4.323378744321218
2021-09-14,1804.699951171875,23.841999053955078,7.4981496249111625,0.007062031376286804,3.1714486916160456,0.003739842402388227,4.3267009332951165
2021-09-15,1792.4000244140625,23.759000778198242,7.491310796532867,-0.006838828378295858,3.1679614388204804,-0.0034872527955651655,4.323349357712386
2021-09-16,1754.5999755859375,22.75200080871582,7.469996175779965,-0.021314620752901803,3.124653089165653,-0.04330834965482744,4.345343086614312
2021-09-17,1749.4000244140625,22.295000076293945,7.467028164941432,-0.0029680108385328197,3.1043624415014603,-0.02029064766419264,4.362665723439972
2021-09-20,1761.800048828125,22.163000106811523,7.4740913203906025,0.007063155449170466,3.098424236596899,-0.005938204904561317,4.3756670837937035
2021-09-21,1776.0,22.572999954223633,7.4821189235521155,0.008027603161512964,3.116754499773515,0.01833026317661579,4.365364423778601
2021-09-22,1776.699951171875,22.868999481201172,7.482512962559379,0.00039403900726320273,3.1297822589885658,0.01302775921505095,4.352730703570813
2021-09-23,1747.699951171875,22.642000198364258,7.46605588883381,-0.016457073725568705,3.119806597416816,-0.009975661571749672,4.346249291416994
2021-09-24,1749.699951171875,22.38800048828125,7.467199595744004,0.0011437069101942754,3.108525122839067,-0.011281474577748973,4.358674472904937
2021-09-27,1750.0,22.656999588012695,7.4673710669175595,0.00017147117355520436,3.1204688367716518,0.011943713932584643,4.346902230145908
2021-09-28,1735.800048828125,22.43000030517578,7.4592237093401845,-0.008147357577374947,3.1103993621378137,-0.010069474633838116,4.34882434720237
2021-09-29,1721.5,21.458999633789062,7.450951282778578,-0.008272426561606316,3.0661441207287456,-0.044255241409068,4.384807162049833
2021-09-30,1755.300048828125,22.020999908447266,7.470395089279838,0.01944380650125943,3.091996539366536,0.025852418637790198,4.378398549913301
2021-10-01,1757.0,22.510000228881836,7.471363088187097,0.0009679989072592932,3.113959665086648,0.021963125720112053,4.357403423100449
2021-10-04,1766.199951171875,22.618000030517578,7.476585597388837,0.005222509201740166,3.118746050798396,0.0047863857117480535,4.357839546590441
2021-10-05,1759.5999755859375,22.582000732421875,7.472841775599785,-0.003743821789051971,3.11715316119221,-0.0015928896061860875,4.355688614407575
2021-10-06,1760.5,22.506000518798828,7.473353138595107,0.0005113629953221732,3.1137819633793837,-0.003371197812826132,4.359571175215724
2021-10-07,1757.9000244140625,22.631999969482422,7.471875207694043,-0.001477930901064184,3.11936483265084,0.005582869271456126,4.352510375043203
2021-10-08,1756.300048828125,22.679000854492188,7.470964630229389,-0.000910577464654061,3.1214394238544076,0.0020745912035677883,4.349525206374981
2021-10-11,1754.5999755859375,22.639999389648438,7.469996175779965,-0.000968454449424172,3.1197182263759906,-0.0017211974784170359,4.350277949403974
2021-10-12,1758.300048828125,22.490999221801758,7.472102739920569,0.0021065641406039504,3.1131151945886053,-0.006603031787385305,4.3589875453319635
2021-10-13,1793.699951171875,23.14900016784668,7.492035777332955,0.019933037412386057,3.1419515903056787,0.028836395717073415,4.350084187027276
2021-10-14,1796.699951171875,23.45599937438965,7.493706900761966,0.00167112342901099,3.155126299032585,0.013174708726906292,4.338580601729381
2021-10-15,1767.199951171875,23.327999114990234,7.477151624475687,-0.01655527628627862,3.1496543178885856,-0.005471981143999383,4.327497306587102
2021-10-18,1764.800048828125,23.243000030517578,7.475792676167033,-0.0013589483086544618,3.1460040127452693,-0.0036503051433163236,4.3297886634217635
2021-10-19,1769.699951171875,23.86199951171875,7.4785652920859516,0.0027726159189187527,3.1722872149908956,0.026283202245626303,4.306278077095056
2021-10-20,1784.0999755859375,24.423999786376953,7.4866693516964125,0.0081040596104609,3.1955662466861368,0.023279031695241148,4.291103105010276
2021-10-21,1781.199951171875,24.149999618530273,7.485042546034497,-0.0016268056619157534,3.1842843643027336,-0.011281882383403108,4.300758181731763
2021-10-22,1795.5,24.429000854492188,7.493038813666137,0.007996267631640741,3.195770986131702,0.011486621828968424,4.297267827534435
2021-10-25,1806.0,24.57200050354004,7.498869733976931,0.005830920310793353,3.2016076037941126,0.005836617662410504,4.297262130182818
2021-10-26,1792.699951171875,24.086000442504883,7.491478115023594,-0.007391618953336732,3.181630777210159,-0.0199768265839535,4.309847337813435
2021-10-27,1797.9000244140625,24.18899917602539,7.49437460971146,0.0028964946878655695,3.185897950306973,0.004267173096813792,4.308476659404487
2021-10-28,1801.5999755859375,24.117000579833984,7.496430424394049,0.0020558146825893076,3.182917010056475,-0.0029809402504978877,4.313513414337574
2021-10-29,1783.0,23.94499969482422,7.48605261786314,-0.010377806530908806,3.175759521049708,-0.007157489006766937,4.310293096813432
2021-11-01,1795.0999755859375,24.06399917602539,7.492815996076633,0.006763378213492821,3.180716913526463,0.004957392476754752,4.31209908255017
2021-11-02,1788.699951171875,23.5,7.489244350701092,-0.0035716453755405553,3.1570004211501135,-0.02371649237634932,4.3322439295509785
2021-11-03,1763.5999755859375,23.22599983215332,7.475112439640472,-0.014131911060620617,3.1452723335968944,-0.01172808755321908,4.329840106043577
2021-11-04,1793.0,23.9060001373291,7.491645473605133,0.016533033964661215,3.1741294792003347,0.028857145603440326,4.317515994404799
2021-11-05,1816.4000244140625,24.152000427246094,7.504611812664702,0.012966339059569343,3.1843672100944223,0.010237730894087527,4.3202446025702805
2021-11-08,1827.4000244140625,24.53700065612793,7.510649483924519,0.00603767125981669,3.200182209161295,0.01581499906687256,4.310467274763225
2021-11-09,1830.199951171875,24.312999725341797,7.512180502802158,0.0015310188776389566,3.191011175423133,-0.00917103373816186,4.321169327379025
2021-11-10,1847.5999755859375,24.767000198364258,7.521642765342517,0.009462262540359312,3.209512129924451,0.018500954501317945,4.312130635418066
2021-11-11,1863.199951171875,25.301000595092773,7.530050692363537,0.00840792702102,3.230843944164578,0.02133181424012731,4.299206748198959
2021-11-12,1867.9000244140625,25.3439998626709,7.532570097235584,0.0025194048720464934,3.2325420102134115,0.0016980660488332688,4.300028087022172
2021-11-15,1866.0999755859375,25.10700035095215,7.531605957456493,-0.0009641397790911554,3.2231467056971055,-0.009395304516305991,4.308459251759388
2021-11-16,1853.5999755859375,24.944000244140625,7.5248849599470065,-0.006720997509486182,3.21663332210297,-0.006513383594135558,4.3082516378440365
2021-11-17,1869.699951171875,25.16699981689453,7.533533243055742,0.008648283108735555,3.2255336052566497,0.008900283153679744,4.307999637799092
2021-11-18,1861.0,24.900999069213867,7.528869256642251,-0.004663986413491195,3.2149079259273465,-0.01062567932930314,4.313961330714904
2021-11-19,1851.199951171875,24.780000686645508,7.52358933006294,-0.005279926579310867,3.2100369039106615,-0.004871022016684989,4.313552426152278
2021-11-22,1806.0,24.297000885009766,7.498869733976931,-0.024719596086009155,3.190352922359614,-0.01968398155104767,4.3085168116173165
2021-11-23,1783.5,23.434999465942383,7.486333004798946,-0.01253672917798454,3.15423060858578,-0.03612231377383379,4.332102396213166
2021-11-24,1784.0999755859375,23.496000289916992,7.4866693516964125,0.00033634689746619983,3.1568302062353126,0.002599597649532548,4.3298391454611
2021-11-26,1785.300048828125,23.10700035095215,7.4873417746690105,0.0006724229725980635,3.1401356171145003,-0.016694589120812342,4.34720615755451
2021-11-29,1782.300048828125,22.798999786376953,7.485659971425936,-0.0016818032430743202,3.1267166659795667,-0.013418951134933632,4.3589433054463695
2021-11-30,1773.5999755859375,22.764999389648438,7.4807666445368435,-0.0048933268890927195,3.1252242419757823,-0.001492424003784354,4.355542402561062
2021-12-01,1781.5999755859375,22.298999786376953,7.48526710223971,0.004500457702866889,3.1045418248313275,-0.020682417144454845,4.3807252774083825
2021-12-02,1760.699951171875,22.280000686645508,7.473466708500175,-0.011800393739535231,3.1036894458780013,-0.0008523789533261272,4.369777262622174
2021-12-03,1782.0,22.44499969482422,7.485491608030754,0.01202489953057917,3.1110678586372913,0.007378412759289965,4.374423749393463
2021-12-06,1777.5,22.22800064086914,7.482963161677396,-0.002528446353358582,3.1013527842492894,-0.009715074388001899,4.381610377428107
2021-12-07,1782.5999755859375,22.48699951171875,7.485828238000856,0.002865076323460336,3.112937342740761,0.011584558491471775,4.372890895260095
2021-12-08,1783.4000244140625,22.389999389648438,7.486276947390396,0.00044870938953955886,3.1086144033506558,-0.004322939390105418,4.37766254403974
2021-12-09,1774.5999755859375,21.974000930786133,7.481330310643735,-0.004946636746660182,3.089859978637209,-0.01875442471344657,4.391470332006526
2021-12-10,1782.9000244140625,22.15999984741211,7.4859965447341805,0.004666234090445087,3.098288854993348,0.008428876356138648,4.387707689740832
2021-12-13,1786.300048828125,22.290000915527344,7.487901747789623,0.001905203055442506,3.104138188471233,0.005849333477885299,4.38376355931839
2021-12-14,1770.4000244140625,21.886999130249023,7.478960802526979,-0.008940945262644107,3.085892813523702,-0.01824537494753109,4.393067989003277
2021-12-15,1762.5999755859375,21.507999420166016,7.4745452568143955,-0.004415545712583402,3.06842493198844,-0.01746788153526202,4.406120324825956
2021-12-16,1796.5999755859375,22.454999923706055,7.49365125520607,0.019105998391674817,3.111513303142064,0.04308837115362385,4.3821379520640065
2021-12-17,1803.800048828125,22.506999969482422,7.497650856801196,0.003999601595126023,3.113826370580544,0.002313067438480143,4.383824486220652
2021-12-20,1793.699951171875,22.274999618530273,7.492035777332955,-0.005615079468241468,3.103464956231408,-0.010361414349135956,4.388570821101547
2021-12-21,1787.9000244140625,22.50200080871582,7.488797039412935,-0.0032387379200198296,3.1136042300886104,0.010139273857202369,4.375192809324325
2021-12-22,1801.5999755859375,22.79199981689453,7.496430424394049,0.007633384981113878,3.1264095891618466,0.012805359073236211,4.370020835232202
2021-12-23,1811.199951171875,22.930999755859375,7.501744861049872,0.005314436655822874,3.132489696262101,0.006080107100254306,4.369255164787771
2021-12-27,1808.0999755859375,22.979000091552734,7.500031835654502,-0.0017130253953698826,3.1345807593569908,0.0020910630948898223,4.365451076297511
2021-12-28,1810.199951171875,23.111000061035156,7.501192588419186,0.00116075276468397,3.1403086973021908,0.00572793794519999,4.360883891116995
2021-12-29,1805.0999755859375,22.847999572753906,7.498371257369368,-0.0028213310498177435,3.1288635674576772,-0.011445129844513513,4.369507689911691
2021-12-30,1812.699951171875,23.027999877929688,7.50257269853219,0.004201441162821951,3.136710861512612,0.007847294054934562,4.365861837019578
2021-12-31,1827.5,23.327999114990234,7.510704191623933,0.008131493091743103,3.1496543178885856,0.012943456375973827,4.361049873735348
2022-01-03,1799.4000244140625,22.790000915527344,7.495208568550909,-0.015495623073023879,3.12632188342992,-0.02333243445866584,4.368886685120989
2022-01-04,1814.0,23.038000106811523,7.503289630675082,0.008081062124172256,3.137145031140634,0.010823147710714132,4.366144599534447
2022-01-05,1824.5999755859375,23.149999618530273,7.5091160505308725,0.00582641985579091,3.141994764054069,0.004849732913434934,4.367121286476804
2022-01-06,1788.699951171875,22.173999786376953,7.489244350701092,-0.0198716998297801,3.098920421716217,-0.04307434233785168,4.390323928984875
2022-01-07,1797.0,22.393999099731445,7.493873886783559,0.004629536082466856,3.108793025636676,0.009872603920458634,4.385080861146884
2022-01-10,1798.4000244140625,22.445999145507812,7.494652673274807,0.0007787864912476294,3.1111123865252677,0.0023193608885918593,4.38354028674954
2022-01-11,1818.5999755859375,22.805999755859375,7.5058222398671655,0.01116956659235857,3.1270236485300615,0.01591126200479387,4.3787985913371035
2022-01-12,1827.199951171875,23.200000762939453,7.510539992738767,0.00471775287160181,3.144152311557585,0.017128663027523583,4.366387681181182
2022-01-13,1821.199951171875,23.155000686645508,7.507250876649664,-0.0032891160891033167,3.142210769587023,-0.0019415419705621773,4.365040107062641
2022-01-14,1816.5,22.910999298095703,7.5046668516612565,-0.002584024988407485,3.13161711393823,-0.01059365564879311,4.373049737723027
2022-01-18,1812.300048828125,23.48699951171875,7.502352062755433,-0.002314788905823484,3.1564470558044606,0.024829941866230776,4.345905006950972
2022-01-19,1843.0999755859375,24.22599983215332,7.519204202311382,0.01685213955594911,3.187426429666241,0.030979373861780513,4.331777772645141
2022-01-20,1842.5,24.711000442504883,7.5188786240634915,-0.00032557824789059,3.2072485065344236,0.019822076868182492,4.311630117529068
2022-01-21,1831.800048828125,24.31399917602539,7.513054395624703,-0.005824228438788381,3.191052282244706,-0.016196224289717787,4.322002113379997
2022-01-24,1841.699951171875,23.795000076293945,7.518444310589031,0.005389914964327502,3.1694754777793754,-0.02157680446533039,4.348968832809655
2022-01-25,1852.699951171875,23.895999908447266,7.52439928720085,0.005954976611818985,3.173711077082509,0.004235599303133775,4.35068821011834
2022-01-26,1829.9000244140625,23.80699920654297,7.512016612875388,-0.012382674325461807,3.169979621751643,-0.0037314553308660514,4.342036991123745
2022-01-27,1793.300048828125,22.67300033569336,7.491812804182463,-0.020203808692924596,3.1211748040503697,-0.04880481770127343,4.370638000132093
2022-01-28,1784.9000244140625,22.302000045776367,7.487117683913574,-0.004695120268888964,3.104676362595738,-0.016498441454631863,4.382441321317836
2022-01-31,1795.0,22.395000457763672,7.492760300922379,0.005642617008804862,3.108837740099704,0.004161377503966168,4.3839225608226755
2022-02-01,1800.300048828125,22.59600067138672,7.495708623785792,0.0029483228634132885,3.117772929175651,0.008935189075947036,4.377935694610141
2022-02-02,1809.199951171875,22.711000442504883,7.5006400106148945,0.004931386829102102,3.1228494080976215,0.005076478921970384,4.377790602517273
2022-02-03,1803.0,22.375,7.497207223203318,-0.003432787411576932,3.107944264160919,-0.014905143936702281,4.389262959042398
2022-02-04,1806.5999755859375,22.475000381469727,7.499201891201926,0.001994667998608257,3.112403597330753,0.004459333169833712,4.386798293871173
2022-02-07,1820.5999755859375,23.076000213623047,7.5069213826612895,0.007719491459363681,3.138793125652012,0.02638952832125918,4.368128257009277
2022-02-08,1826.5999755859375,23.19499969482422,7.510211580891728,0.0032901982304380795,3.1439367250467427,0.005143599394730636,4.366274855844985
2022-02-09,1835.199951171875,23.336000442504883,7.514908719768673,0.004697138876945672,3.149997251527748,0.006060526481005191,4.364911468240925
2022-02-10,1836.199951171875,23.518999099731445,7.515453471117657,0.0005447513489835742,3.1578085668413975,0.007811315313649647,4.35764490427626
2022-02-11,1840.800048828125,23.365999221801758,7.517955565246647,0.0025020941289906062,3.1512819409902293,-0.006526625851168255,4.366673624256418
2022-02-14,1868.0,23.844999313354492,7.532623618788788,0.014668053542140846,3.1715745229539825,0.020292581963753165,4.361049095834806
2022-02-15,1854.800048828125,23.33799934387207,7.5255321788425835,-0.007091439946204758,3.1500829052697696,-0.021491617684212816,4.375449273572814
2022-02-16,1870.199951171875,23.60099983215332,7.533800629892841,0.008268451050257752,3.161289076903369,0.011206171633599382,4.372511552989472
2022-02-17,1900.699951171875,23.874000549316406,7.549977492667243,0.01617686277440189,3.172790023681827,0.011500946778458143,4.377187468985416
2022-02-18,1898.5999755859375,23.990999221801758,7.5488720385887165,-0.0011054540785266909,3.1776787275807714,0.004888703898944247,4.371193311007945
2022-02-22,1906.0999755859375,24.31100082397461,7.552814535926642,0.003942497337925843,3.1909289567103274,0.01325022912955598,4.361885579216315
2022-02-23,1909.199951171875,24.55500030517578,7.554439559556566,0.001625023629923561,3.200915511919462,0.009986555209134718,4.353524047637103
2022-02-24,1925.0999755859375,24.68600082397461,7.562733180742608,0.008293621186042266,3.206236314699951,0.005320802780488965,4.356496866042657
2022-02-25,1886.5,23.996999740600586,7.542478539404365,-0.020254641338243395,3.1779288117251343,-0.028307502974816767,4.364549727679231
2022-02-28,1899.4000244140625,24.361000061035156,7.549293338662418,0.00681479925805295,3.192983495407696,0.015054683682561798,4.356309843254722
2022-03-01,1942.4000244140625,25.534000396728516,7.571679613434198,0.022386274771780457,3.2400109129354235,0.04702741752772743,4.331668700498774
2022-03-02,1920.9000244140625,25.183000564575195,7.560549117902566,-0.011130495531632256,3.2261691861145674,-0.01384172682085616,4.334379931787998
2022-03-03,1934.4000244140625,25.204999923706055,7.5675524924815285,0.007003374578962607,3.2270423845076572,0.0008731983930898579,4.340510107973872
2022-03-04,1965.0999755859375,25.781999588012695,7.583298401169895,0.015745908688366228,3.2496765580412643,0.022634173533607083,4.333621843128631
2022-03-07,1993.9000244140625,25.71299934387207,7.59784781105723,0.01454940988733533,3.2469966750674932,-0.002679882973771086,4.350851135989737
2022-03-08,2040.0999755859375,26.88800048828125,7.620754093277593,0.022906282220362506,3.2916801085826246,0.04468343351513138,4.329073984694968
2022-03-09,1985.9000244140625,25.756999969482422,7.593827503163821,-0.02692659011377163,3.2487064336420484,-0.042973674940576245,4.345121069521772
2022-03-10,1998.0999755859375,26.20199966430664,7.599951995787448,0.00612449262362702,3.2658357309197332,0.017129297277684863,4.334116264867715
2022-03-11,1982.699951171875,26.106000900268555,7.59221480651743,-0.007737189270017986,3.262165207451718,-0.0036705234680152188,4.3300495990657115
2022-03-14,1959.5999755859375,25.243999481201172,7.580495637305723,-0.011719169211707126,3.228588483170621,-0.033576724281096926,4.351907154135102
2022-03-15,1928.5,25.12299919128418,7.564497777648283,-0.01599785965743994,3.2237837290305262,-0.004804754140094847,4.340714048617757
2022-03-16,1908.0,24.670000076293945,7.553810852008231,-0.01068692564005147,3.2055879336338453,-0.018195795396680925,4.348222918374386
2022-03-17,1942.0999755859375,25.583999633789062,7.571525128260445,0.01771427625221378,3.241967141777537,0.03637920814369178,4.329557986482908
2022-03-18,1928.199951171875,25.05500030517578,7.564342178907116,-0.007182949353329526,3.2210734205919227,-0.02089372118561439,4.343268758315193
2022-03-21,1928.5999755859375,25.281999588012695,7.564549617417328,0.00020743851021265414,3.2300926637776888,0.00901924318576608,4.33445695363964
2022-03-22,1920.699951171875,24.885000228881836,7.56044495648876,-0.004104660928568649,3.2142652215080996,-0.01582744226958921,4.346179734980661
2022-03-23,1936.5999755859375,25.170000076293945,7.568689124570768,0.00824416808200823,3.2256528121783705,0.011387590670270953,4.343036312392398
2022-03-24,1961.5999755859375,25.899999618530273,7.581515733295898,0.012826608725130306,3.2542429539769313,0.028590141798560786,4.327272779318967
2022-03-25,1953.800048828125,25.594999313354492,7.577531498210205,-0.003984235085693122,3.2423969930822163,-0.011845960894715013,4.335134505127989
2022-03-28,1939.5999755859375,25.176000595092773,7.570237032644034,-0.007294465566171304,3.2258911833994097,-0.01650580968280657,4.344345849244624
2022-03-29,1912.0,24.715999603271484,7.555905093611346,-0.01433193903268748,3.2074507911472474,-0.01844039225216232,4.3484543024640985
2022-03-30,1933.5,25.10300064086914,7.567087111047352,0.011182017436005331,3.2229873864374974,0.015536595290249977,4.344099724609855
2022-03-31,1949.199951171875,25.121000289916992,7.57517428591901,0.00808717487165822,3.2237041612656636,0.0007167748281662334,4.351470124653346
2022-04-01,1919.0999755859375,24.642000198364258,7.559611592402581,-0.015562693516429249,3.2044523122523207,-0.01925184901334287,4.35515928015026
2022-04-04,1929.199951171875,24.583999633789062,7.5648606628847785,0.005249070482197915,3.2020958099318713,-0.002356502320449483,4.362764852952907
2022-04-05,1922.9000244140625,24.527999877929688,7.5615897548530215,-0.0032709080317570027,3.199815317152684,-0.002280492779187071,4.361774437700337
2022-04-06,1918.4000244140625,24.454999923706055,7.5592467969995125,-0.00234295785350902,3.196834690871552,-0.0029806262811322703,4.362412106127961
2022-04-07,1933.800048828125,24.732999801635742,7.5672422832992785,0.007995486299765986,3.208138376305233,0.01130368543368121,4.359103906994045
2022-04-08,1941.5999755859375,24.819000244140625,7.571267641838194,0.004025358538915391,3.211609498712999,0.0034711224077659253,4.359658143125195
2022-04-11,1944.300048828125,24.97800064086914,7.572657319215252,0.001389677377058085,3.2179954630982373,0.006385964385238196,4.354661856117015
2022-04-12,1972.0999755859375,25.725000381469727,7.586854231436295,0.014196912221042801,3.2474632965488683,0.029467833450631087,4.339390934887426
2022-04-13,1981.0,26.020000457763672,7.591357046698551,0.004502815262256377,3.2588654906771213,0.01140219412825294,4.33249155602143
2022-04-14,1970.9000244140625,25.690000534057617,7.586245582585715,-0.005111464112836472,3.246101831910333,-0.01276365876678831,4.340143750675382
2022-04-18,1982.9000244140625,26.139999389648438,7.592315710917061,0.00607012833134668,3.2634666848467426,0.017364852936409658,4.328849026070319
2022-04-19,1955.699951171875,25.391000747680664,7.57850343963152,-0.0138122712855413,3.2343948099725512,-0.029071874874191383,4.344108629658969
2022-04-20,1952.300048828125,25.270000457763672,7.576763468699321,-0.0017399709321992418,3.2296179395150086,-0.0047768704575426035,4.347145529184312
2022-04-21,1944.9000244140625,24.621000289916992,7.572965853401922,-0.0037976152973984156,3.2035997490908756,-0.026018190424133003,4.369366104311046
2022-04-22,1931.0,24.256999969482422,7.565793282428515,-0.0071725709734078436,3.1887052342649906,-0.014894514825884997,4.3770880481635235
2022-04-25,1893.199951171875,23.667999267578125,7.5460237722407735,-0.01976951018774109,3.1641238938687875,-0.02458134039620319,4.381899878371986
2022-04-26,1901.4000244140625,23.54199981689453,7.550345748764975,0.004321976524201965,3.1587860522124678,-0.005337841656319675,4.391559696552507
2022-04-27,1885.9000244140625,23.45800018310547,7.542160452463896,-0.00818529630107978,3.155211595904986,-0.003574456307481988,4.386948856558909
2022-04-28,1888.699951171875,23.128999710083008,7.543644014849031,0.0014835623851352508,3.141087228878579,-0.014124367026406848,4.402556785970452
2022-04-29,1909.300048828125,23.040000915527344,7.554491987293255,0.010847972444223863,3.1372318755641198,-0.0038553533144591867,4.417260111729135
2022-05-02,1861.800048828125,22.54400062561035,7.529299066908689,-0.025192920384565554,3.1154689829069606,-0.02176289265715914,4.413830084001729
2022-05-03,1868.800048828125,22.621000289916992,7.533051818761971,0.0037527518532813886,3.118878691191975,0.00340970828501419,4.414173127569995
2022-05-04,1867.0,22.36199951171875,7.532088143541722,-0.0009636752202482057,3.107363067889864,-0.011515623302110978,4.424725075651859
2022-05-05,1874.0,22.399999618530273,7.535830462798367,0.0037423192566450325,3.1090609418310957,0.0016978739412318866,4.426769520967271
2022-05-06,1881.199951171875,22.325000762939453,7.539665124115054,0.0038346613166861943,3.105707160936782,-0.003353780894313818,4.433957963178272
2022-05-09,1857.0999755859375,21.781999588012695,7.52677139705267,-0.012893727062383675,3.0810839217393773,-0.02462323919740461,4.445687475313292
2022-05-10,1839.9000244140625,21.389999389648438,7.517466514569281,-0.009304882483388788,3.062923494559879,-0.018160427179498395,4.454543020009402
2022-05-11,1852.5999755859375,21.549999237060547,7.524345323641658,0.0068788090723765904,3.070375781146533,0.0074522865866542,4.453969542495125
2022-05-12,1823.800048828125,20.756999969482422,7.508677542272306,-0.015667781369351985,3.032883537714553,-0.03749224343198021,4.475794004557753
2022-05-13,1807.4000244140625,20.983999252319336,7.499644640975691,-0.009032901296614604,3.0437602069335834,0.010876669219030521,4.455884434042108
2022-05-16,1813.5,21.53499984741211,7.503013958722957,0.0033693177472660096,3.0696795114204973,0.02591930448691393,4.43333444730246
2022-05-17,1818.199951171875,21.73699951171875,7.505602252832557,0.0025882941096000422,3.0790158552275892,0.009336343807091918,4.426586397604968
2022-05-18,1815.9000244140625,21.533000946044922,7.504336505010358,-0.0012657478221989038,3.0695866860591248,-0.00942916916846448,4.434749818951234
2022-05-19,1841.199951171875,21.898000717163086,7.518172785423357,0.013836280412999002,3.0863953412013965,0.0168086551422717,4.431777444221961
2022-05-20,1841.800048828125,21.66900062561035,7.518498659798356,0.00032587437499831395,3.075882696608034,-0.010512644593362541,4.442615963190322
2022-05-23,1847.800048828125,21.722999572753906,7.52175104766165,0.0032523878632941816,3.0783715874068793,0.0024888907988454,4.4433794602547705
2022-05-24,1865.0999755859375,22.062999725341797,7.531069936853453,0.009318889191803237,3.0939019848774194,0.01553039747054008,4.437167951976034
2022-05-25,1846.199951171875,21.860000610351562,7.520884725108144,-0.010185211745309175,3.0846585106693234,-0.009243474208096014,4.43622621443882
2022-05-26,1847.4000244140625,21.94099998474121,7.521534537373873,0.0006498122657294658,3.0883570319643665,0.0036985212950431112,4.433177505409507
2022-05-27,1851.300048828125,22.059999465942383,7.523643400370178,0.002108862996304417,3.093765989616035,0.005408957651668711,4.429877410754143
2022-05-31,1842.699951171875,21.650999069213867,7.5189871398426735,-0.00465626052750423,3.0750515997677996,-0.01871438984823559,4.4439355400748735
2022-06-01,1843.300048828125,21.884000778198242,7.519312748991644,0.0003256091489705071,3.085755811761725,0.010704211993925572,4.433556937229919
2022-06-02,1866.5,22.253999710083008,7.5318202983546385,0.012507549362994475,3.1025217547078734,0.016765942946148193,4.429298543646765
2022-06-03,1845.4000244140625,21.889999389648438,7.5204513483741415,-0.011368949980496978,3.086029883652105,-0.016491871055768215,4.434421464722036
2022-06-06,1839.199951171875,22.073999404907227,7.517085946900404,-0.0033654014737374283,3.0944004183917007,0.008370534739595481,4.422685528508703
2022-06-07,1847.5,22.159000396728516,7.521588652822357,0.0045027059219524546,3.098243752410787,0.0038433340190864307,4.4233449004115695
2022-06-08,1851.9000244140625,22.073999404907227,7.523967431251211,0.0023787784288540337,3.0944004183917007,-0.0038433340190864307,4.4295670128595095
2022-06-09,1848.800048828125,21.797000885009766,7.522292085370883,-0.0016753458803275834,3.0817723862487405,-0.012628032142960155,4.4405196991221425
2022-06-10,1871.5,21.913000106811523,7.534495527344483,0.012203441973600349,3.0870800728876113,0.005307686638870823,4.447415454456872
2022-06-13,1828.0,21.236000061035156,7.510977752014095,-0.023517775330388346,3.055697857595561,-0.03138221529205021,4.455279894418534
2022-06-14,1809.5,20.93600082397461,7.500805843003797,-0.010171909010297853,3.041470204584675,-0.014227653010886243,4.459335638419122
2022-06-15,1815.300048828125,21.402000427246094,7.504006049194487,0.003200206190689947,3.0634843955677145,0.022014190983039583,4.440521653626773
2022-06-16,1845.699951171875,21.867000579833984,7.520613861858174,0.01660781266368705,3.084978677584579,0.021494282016864652,4.435635184273595
2022-06-17,1835.5999755859375,21.572999954223633,7.515126669220361,-0.005487192637812832,3.071442530666538,-0.013536146918041059,4.443684138553824
2022-06-21,1834.5999755859375,21.753999710083008,7.514581739767988,-0.0005449294523733883,3.0797976353445926,0.008355104678054559,4.434784104423395
2022-06-22,1834.300048828125,21.406999588012695,7.514418242939792,-0.0001634968281960525,3.0637179520996374,-0.016079683244955234,4.450700290840155
2022-06-23,1825.699951171875,21.031999588012695,7.509718727374586,-0.004699515565206092,3.0460450678389863,-0.017672884260651056,4.4636736595355995
2022-06-24,1826.5,21.115999221801758,7.510156846235337,0.00043811886075140194,3.050031010107882,0.0039859422688954815,4.460125836127455
2022-06-27,1820.9000244140625,21.159000396728516,7.507086176745488,-0.0030706694898494646,3.0520653656440224,0.0020343555361406196,4.455020811101465
2022-06-28,1817.5,20.797000885009766,7.505217209407674,-0.0018689673378133875,3.034808788090467,-0.017256577553555363,4.470408421317208
2022-06-29,1813.699951171875,20.667999267578125,7.5031242097015465,-0.0020929997061278627,3.0285865749874556,-0.006222213103011409,4.474537634714091
2022-06-30,1804.0999755859375,20.281999588012695,7.497817117926213,-0.005307091775333284,3.0097337728768516,-0.018852802110604028,4.488083345049361
2022-07-01,1798.9000244140625,19.597000122070312,7.4949306595403025,-0.0028864583859107285,2.9753764995259475,-0.034357273350904105,4.519554160014355
2022-07-05,1761.800048828125,19.052000045776367,7.4740913203906025,-0.02083933914969993,2.947172085341321,-0.028204414184626714,4.526919235049282
2022-07-06,1734.9000244140625,19.084999084472656,7.458705067904599,-0.015386252486003116,2.9489026382261496,0.0017305528848288176,4.50980242967845
2022-07-07,1737.9000244140625,19.121999740600586,7.460432780818713,0.001727712914113333,2.9508394910977582,0.0019368528716086075,4.5095932897209545
2022-07-08,1740.5999755859375,19.16699981689453,7.461985146329179,0.001552365510466558,2.9531900407351532,0.0023505496373950052,4.508795105594026
2022-07-11,1730.0,19.066999435424805,7.455876687491824,-0.006108458837355002,2.9479590624722376,-0.005230978262915631,4.507917625019587
2022-07-12,1723.300048828125,18.89900016784668,7.451996364621614,-0.003880322870210229,2.939109019494147,-0.008850042978090666,4.512887345127467
2022-07-13,1734.199951171875,19.13800048828125,7.458301462787065,0.006305098165451106,2.951675912870774,0.012566893376626975,4.506625549916292
2022-07-14,1704.5,18.16900062561035,7.441027091577958,-0.017274371209107464,2.8997168795531474,-0.051959033317626524,4.54131021202481
2022-07-15,1702.4000244140625,18.54800033569336,7.439794313488292,-0.0012327780896654872,2.9203619846278426,0.02064510507469519,4.51943232886045
2022-07-18,1709.199951171875,18.791000366210938,7.443780675202046,0.003986361713753439,2.93337805129565,0.013016066667807635,4.510402623906396
2022-07-19,1710.0,18.670000076293945,7.444248649496705,0.00046797429465961216,2.9269179616400773,-0.006460089655572876,4.517330687856628
2022-07-20,1699.5,18.638999938964844,7.438089369136171,-0.006159280360534147,2.9252561564750725,-0.0016618051650048038,4.512833212661098
2022-07-21,1712.699951171875,18.687000274658203,7.445826323128879,0.007736953992707463,2.9278281096379404,0.002571953162867846,4.517998213490938
2022-07-22,1727.0999755859375,18.584999084472656,7.454198966214003,0.00837264308512431,2.922354754487587,-0.0054733551503534095,4.5318442117264155
2022-07-25,1719.0,18.29400062561035,7.449498005382849,-0.0047009608311539,2.9065731714317424,-0.01578158305584454,4.542924833951107
2022-07-26,1717.699951171875,18.48699951171875,7.448741437216523,-0.0007565681663264101,2.917067755958167,0.0104945845264246,4.531673681258356
2022-07-27,1719.0999755859375,18.55299949645996,7.449556162845794,0.0008147256292714289,2.920631473904114,0.003563717945946898,4.5289246889416805
2022-07-28,1750.300048828125,19.82699966430664,7.467542508693793,0.01798634584799874,2.987044628225303,0.066413154321189,4.48049788046849
2022-07-29,1762.9000244140625,20.1560001373291,7.474715473140505,0.007172964446712449,3.003502017631663,0.01645738940635999,4.471213455508842
2022-08-01,1769.0,20.32200050354004,7.478169694159785,0.003454221019279835,3.011704067841764,0.00820205021010123,4.466465626318021
2022-08-02,1771.0999755859375,20.104999542236328,7.479356087677898,0.0011863935181128937,3.000968517580589,-0.01073555026117523,4.4783875700973095
2022-08-03,1758.0,19.864999771118164,7.471932078245122,-0.007424009432775769,2.9889593777446977,-0.012009139835891247,4.482972700500424
2022-08-04,1788.5,20.099000930786133,7.4891325586990725,0.017200480453950284,3.0006701088936856,0.011710731148987907,4.488462449805387
2022-08-05,1772.9000244140625,19.819000244140625,7.480371916675028,-0.008760642024044252,2.9866410858607244,-0.014029023032961163,4.493730830814304
2022-08-08,1786.800048828125,20.591999053955078,7.4881816168050985,0.007809700130070318,3.0249026049114174,0.03826151905069297,4.463279011893681
2022-08-09,1794.0,20.45800018310547,7.492203042618741,0.004021425813642843,3.018374012985127,-0.006528591926290517,4.473829029633615
2022-08-10,1795.5999755859375,20.718000411987305,7.4930944933111725,0.0008914506924311283,3.031002907521387,0.012628894536260038,4.462091585789786
2022-08-11,1789.699951171875,20.326000213623047,7.4898032597405075,-0.0032912335706649642,3.0119008652254164,-0.019102042295970456,4.477902394515091
2022-08-12,1798.5999755859375,20.677000045776367,7.494763849906489,0.004960590165981493,3.0290219736325117,0.017121108407095242,4.465741876273977
2022-08-15,1781.4000244140625,20.250999450683594,7.485154864702755,-0.009608985203733766,3.0082041479239146,-0.020817825708597137,4.476950716778841
2022-08-16,1773.199951171875,20.065000534057617,7.480541075334171,-0.004613789368584698,2.9989770303352574,-0.00922711758865713,4.481564044998914
2022-08-17,1760.300048828125,19.711000442504883,7.4732395557904505,-0.0073015195437200475,2.9811768779944336,-0.01780015234082377,4.492062677796017
2022-08-18,1755.300048828125,19.447999954223633,7.470395089279838,-0.0028444665106128753,2.9677442346600396,-0.01343264333439409,4.502650854619798
2022-08-19,1747.5999755859375,19.058000564575195,7.465998683107229,-0.00439640617260828,2.9474869905500487,-0.020257244109990857,4.518511692557181
2022-08-22,1734.0,18.87299919128418,7.458186157340487,-0.007812525766742517,2.9377322864055895,-0.009754704144459225,4.520453870934897
2022-08-23,1746.800048828125,19.011999130249023,7.465540849564305,0.007354692223818127,2.945070313004288,0.007338026598698644,4.520470536560017
2022-08-24,1747.800048828125,18.895000457763672,7.46611316113035,0.0005723115660449807,2.9388973610281615,-0.006172951976126662,4.527215800102189
2022-08-25,1757.699951171875,19.111000061035156,7.4717613874392965,0.005648226308946569,2.9502640887005627,0.011366727672401211,4.521497298738733
2022-08-26,1736.0999755859375,18.739999771118164,7.459396483185313,-0.01236490425398351,2.930660264596731,-0.01960382410383188,4.528736218588582
2022-08-29,1736.5999755859375,18.55500030517578,7.459684443568004,0.000287960382690855,2.920739310959652,-0.009920953637078789,4.538945132608352
2022-08-30,1723.199951171875,18.159000396728516,7.451938278066397,-0.007746165501607116,2.8991663274251467,-0.02157298353450532,4.55277195064125
2022-08-31,1712.800048828125,17.761999130249023,7.445884765783252,-0.0060535122831444355,2.8770612948693604,-0.02210503255578633,4.568823470913892
2022-09-01,1696.5999755859375,17.551000595092773,7.436381512983641,-0.009503252799611062,2.8651109622520408,-0.011950332617319592,4.571270550731601
2022-09-02,1709.800048828125,17.775999069213867,7.444131712149932,0.007750199166291161,2.877849180535317,0.012738218283276037,4.566282531614616
2022-09-06,1700.4000244140625,17.795000076293945,7.43861881084247,-0.0055129013074628475,2.878917523249537,0.001068342714220183,4.559701287592933
2022-09-07,1715.300048828125,18.136999130249023,7.447343299882009,0.008724489039539485,2.8979540026807733,0.01903647943123632,4.549389297201236
2022-09-08,1708.0,18.329999923706055,7.443078374348516,-0.004264925533493447,2.908539057689369,0.010585055008595745,4.534539316659147
2022-09-09,1716.199951171875,18.658000946044922,7.447867794921718,0.004789420573202641,2.9262750592432876,0.017736001553918523,4.52159273567843
2022-09-12,1728.0999755859375,19.7549991607666,7.454777803932255,0.006910009010536733,2.983406581381278,0.05713152213799022,4.471371222550977
2022-09-13,1705.0,19.389999389648438,7.4413203897176174,-0.01345741421463753,2.9647574377769135,-0.018649143604364316,4.4765629519407035
2022-09-14,1696.5,19.47100067138672,7.436322584224285,-0.004997805493332841,2.9689262136148518,0.004168775837938288,4.467396370609433
2022-09-15,1665.4000244140625,19.174999237060547,7.417820628461298,-0.018501955762986633,2.9536073074650817,-0.01531890614977005,4.464213320996216
2022-09-16,1671.699951171875,19.29599952697754,7.42159632249992,0.0037756940386222126,2.9598977960307584,0.006290488565676711,4.461698526469162
2022-09-19,1666.199951171875,19.273000717163086,7.418300834235728,-0.0032954882641922367,2.9587051899276795,-0.0011926061030789192,4.459595644308049
2022-09-20,1659.699951171875,19.101999282836914,7.414392112706823,-0.00390872152890509,2.949793004068671,-0.008912185859008659,4.4645991086381525
2022-09-21,1664.5999755859375,19.410999298095703,7.41734011864537,0.0029480059385473822,2.965839879528823,0.016046875460152155,4.451500239116547
2022-09-22,1670.800048828125,19.54800033569336,7.421057861847419,0.003717743202048318,2.972872996580681,0.007033117051857829,4.448184865266738
2022-09-23,1645.300048828125,18.840999603271484,7.405678047069943,-0.015379814777475964,2.936035325239204,-0.03683767134147686,4.469642721830739
2022-09-26,1623.300048828125,18.4060001373291,7.392216423396343,-0.013461623673599377,2.9126767058777703,-0.023358619361433686,4.479539717518573
2022-09-27,1626.699951171875,18.256999969482422,7.3943086717557325,0.0020922483593892593,2.9045485664598183,-0.008128139417951985,4.489760105295915
2022-09-28,1660.4000244140625,18.79599952697754,7.414813830882607,0.02050515912687434,2.9336440560744452,0.029095489614626935,4.481169774808162
2022-09-29,1658.5,18.611000061035156,7.4136688583871075,-0.0011449724954992746,2.923752807041347,-0.009891249033098237,4.4899160513457606
2022-09-30,1662.4000244140625,18.959999084472656,7.416017635030997,0.0023487766438892166,2.9423314485395675,0.018578641498220527,4.473686186491429
2022-10-03,1692.9000244140625,20.518999099731445,7.434198328064648,0.018180693033650996,3.021351242296735,0.07901979375716728,4.412847085767913
2022-10-04,1721.0999755859375,21.03700065612793,7.450718886090785,0.016520558026137167,3.0462828233411265,0.02493158104439175,4.404436062749658
2022-10-05,1711.4000244140625,20.479000091552734,7.445067042249504,-0.0056518438412807015,3.019399975324742,-0.02688284801638474,4.425667066924762
2022-10-06,1711.699951171875,20.594999313354492,7.445242279175519,0.00017523692601439933,3.025048294547645,0.005648319222903098,4.420193984627874
2022-10-07,1700.5,20.191999435424805,7.43867760444725,-0.006564674728268827,3.0052864583984618,-0.019761836149183143,4.433391146048788
2022-10-10,1667.300048828125,19.555999755859375,7.4189608598521595,-0.01971674459509032,2.973282132232219,-0.0320043261662426,4.44567872761994
2022-10-11,1678.699951171875,19.427000045776367,7.4257749342415,0.006814074389340341,2.9666638534129706,-0.006618278819248591,4.45911108082853
2022-10-12,1670.300048828125,18.878000259399414,7.420758559229048,-0.005016375012451668,2.937997236643584,-0.028666616769386533,4.482761322585464
2022-10-13,1670.0,18.857999801635742,7.4205789054108005,-0.00017965381824769366,2.936937216524647,-0.0010600201189370217,4.483641688886154
2022-10-14,1641.699951171875,18.014999389648438,7.403487539558055,-0.017091365852745177,2.8912047103198693,-0.045732506204777756,4.5122828292381865
2022-10-17,1657.0,18.673999786376953,7.4127640174265625,0.009276477868507271,2.9271321706221363,0.03592746030226701,4.485631846804426
2022-10-18,1649.0,18.570999145507812,7.407924322559599,-0.004839694866963562,2.921601178198735,-0.005530992423401049,4.486323144360863
2022-10-19,1627.5,18.336000442504883,7.394800374082724,-0.013123948476875036,2.9088663646654487,-0.012734813533286538,4.485934009417275
2022-10-20,1630.800048828125,18.666000366210938,7.396826000886308,0.0020256268035838687,2.9267037067626984,0.017837342097249742,4.470122294123609
2022-10-21,1651.0,19.042999267578125,7.409136443920128,0.012310443033820562,2.9466995415152035,0.019995834752505104,4.462436902404924
2022-10-24,1648.699951171875,19.173999786376953,7.407742347950996,-0.001394095969132536,2.9535551835135174,0.006855641998313899,4.454187164437478
2022-10-25,1652.800048828125,19.339000701904297,7.410226127908044,0.002483779957048071,2.9621238186749173,0.008568635161399829,4.448102309233127
2022-10-26,1664.0,19.479999542236328,7.416979621381154,0.0067534934731101615,2.969388274715227,0.007264456040309675,4.447591346665927
2022-10-27,1660.699951171875,19.47800064086914,7.414994449810572,-0.0019851715705820894,2.9692856564412113,-0.00010261827401558676,4.445708793369361
2022-10-28,1639.5999755859375,19.14699935913086,7.402207573739927,-0.01278687607064466,2.9521460119200724,-0.01713964452113892,4.4500615618198545
2022-10-31,1635.9000244140625,19.125,7.399948405524059,-0.002259168215868357,2.9509963797125995,-0.0011496322074728837,4.44895202581146
2022-11-01,1645.0,19.67300033569336,7.405495663199472,0.0055472576754134195,2.9792471543577874,0.02825077464518788,4.4262485088416845
2022-11-02,1645.699951171875,19.600000381469727,7.405921074931212,0.00042541173173926694,2.9755295856992126,-0.0037175686585748657,4.430391489231999
2022-11-03,1627.300048828125,19.43600082397461,7.394677508672175,-0.011243566259036442,2.967127058937904,-0.008402526761308593,4.427550449734271
2022-11-04,1672.5,20.790000915527344,7.422074792002384,0.027397283330208744,3.03447214590683,0.06734508696892583,4.387602646095554
2022-11-07,1676.5,20.898000717163086,7.424463565906283,0.002388773903899022,3.0396534949292255,0.005181349022395754,4.384810070977057
2022-11-08,1712.0999755859375,21.476999282836914,7.445475951951054,0.02101238604477107,3.0669825616900126,0.027329066760787057,4.378493390261042
2022-11-09,1710.0999755859375,21.29800033569336,7.444307113042614,-0.0011688389084403283,3.0586131873549234,-0.008369374335089219,4.38569392568769
2022-11-10,1750.300048828125,21.677000045776367,7.467542508693793,0.023235395651179047,3.076251792724535,0.017638605369611593,4.391290715969258
2022-11-11,1766.0,21.645999908447266,7.476472381163905,0.008929872470112343,3.0748206756434096,-0.0014311170811254215,4.401651705520496
2022-11-14,1773.5999755859375,22.091999053955078,7.4807666445368435,0.004294263372938367,3.095215509215976,0.02039483357256655,4.385551135320867
2022-11-15,1773.800048828125,21.499000549316406,7.480879444469765,0.00011279993292134805,3.068006447974799,-0.027209061241177057,4.412872996494966
2022-11-16,1773.0,21.503999710083008,7.480428306074208,-0.0004511383955572157,3.0682389508587358,0.0002325028839367249,4.412189355215472
2022-11-17,1760.800048828125,20.954999923706055,7.473523557942899,-0.00690474813130848,3.042377277736188,-0.025861673122547835,4.431146280206711
2022-11-18,1751.9000244140625,20.97599983215332,7.468456206177539,-0.005067351765360328,3.0433789190195,0.00100164128331226,4.425077287158039
2022-11-21,1737.4000244140625,20.849000930786133,7.460145035877888,-0.008311170299650783,3.03730603010808,-0.0060728889114201046,4.4228390057698075
2022-11-22,1738.300048828125,21.034000396728516,7.460662931217079,0.000517895339190666,3.046140194959133,0.008834164851053039,4.414522736257945
2022-11-23,1744.9000244140625,21.35700035095215,7.464452540395853,0.0037896091787743558,3.061379571222498,0.01523937626336469,4.403072969173355
2022-11-25,1753.300048828125,21.424999237060547,7.469255033325352,0.004802492929498747,3.064558428874067,0.0031788576515690004,4.404696604451285
2022-11-28,1740.0999755859375,20.90999984741211,7.461697847791268,-0.007557185534083466,3.040227506143178,-0.024330922730888993,4.4214703416480905
2022-11-29,1748.4000244140625,21.20400047302246,7.466456376952819,0.00475852916155084,3.0541898654337305,0.013962359290552673,4.412266511519089
2022-11-30,1746.0,21.549999237060547,7.465082736399547,-0.0013736405532718265,3.070375781146533,0.01618591571280259,4.394706955253014
2022-12-01,1801.0999755859375,22.636999130249023,7.496152854787927,0.031070118388379697,3.119585697299334,0.049209916152801014,4.3765671574885925
2022-12-02,1795.9000244140625,23.038000106811523,7.493261581619024,-0.0028912731689034743,3.137145031140634,0.017559333841299818,4.35611655047839
2022-12-05,1767.4000244140625,22.198999404907227,7.4772648328974505,-0.015996748721573084,3.1000472160114416,-0.0370978151291923,4.377217616886009
2022-12-06,1769.300048828125,22.12299919128418,7.478339294716382,0.0010744618189315602,3.096617754772417,-0.003429461239024434,4.381721539943965
2022-12-07,1785.5,22.709999084472656,7.487453767034503,0.009114472318120903,3.1228053158036246,0.02618756103120745,4.364648451230878
2022-12-08,1788.699951171875,23.062999725341797,7.489244350701092,0.0017905836665894626,3.138229589873495,0.015424274069870236,4.3510147608275975
2022-12-09,1798.0999755859375,23.53499984741211,7.494485817259892,0.005241466558799424,3.1584886683696602,0.020259078496165372,4.335997148890232
2022-12-12,1780.5,23.219999313354492,7.484649502717833,-0.009836314542059021,3.1450139466984486,-0.013474721671211665,4.339635556019385
2022-12-13,1813.9000244140625,23.801000595092773,7.503234515823355,0.018585013105521853,3.1697276216043178,0.024713674905869176,4.3335068942190365
2022-12-14,1807.5,23.945999145507812,7.49969995403292,-0.003534561790434765,3.175801259610521,0.006073638006203197,4.3238986944223985
2022-12-15,1777.199951171875,23.128000259399414,7.4827943435870035,-0.01690561044591643,3.141044015929862,-0.03475724368065913,4.341750327657142
2022-12-16,1790.0,23.150999069213867,7.489970898834801,0.007176555247797367,3.1420379359385673,0.0009939200087054623,4.347932962896234
2022-12-19,1787.699951171875,23.02899932861328,7.488685129107665,-0.0012857697271355661,3.136754262111911,-0.005283673826656177,4.351930866995755
2022-12-20,1815.9000244140625,24.0939998626709,7.504336505010358,0.015651375902693054,3.181962841144939,0.045208579033027885,4.322373663865419
2022-12-21,1815.9000244140625,24.03499984741211,7.504336505010358,0.0,3.1795110949973537,-0.0024517461475852542,4.324825410013005
2022-12-22,1787.0,23.47599983215332,7.488293515159428,-0.016042989850930667,3.1559786155463745,-0.02353247945097925,4.332314899613053
2022-12-23,1795.9000244140625,23.763999938964844,7.493261581619024,0.00496806645959591,3.1681718279251077,0.012193212378733165,4.325089753693916
2022-12-27,1814.800048828125,24.040000915527344,7.503730574695322,0.010468993076298005,3.1797191477505065,0.011547319825398805,4.324011426944815
2022-12-28,1807.9000244140625,23.663000106811523,7.499921243192069,-0.0038093315032527997,3.1639126513067763,-0.01580649644373011,4.336008591885292
2022-12-29,1819.5,24.077999114990234,7.506317017052215,0.0063957738601461145,3.181298523756884,0.017385872450107698,4.325018493295331
2022-12-30,1819.699951171875,23.86199951171875,7.506426904486133,0.00010988743391848743,3.1722872149908956,-0.009011308765988435,4.334139689495238
2023-01-03,1839.699951171875,24.05900001525879,7.5173577672903855,0.01093086280425215,3.180509147557234,0.008221932566338186,4.336848619733152
2023-01-04,1852.800048828125,23.79199981689453,7.52445331373237,0.007095546441984624,3.1693493820217054,-0.011159765535528443,4.355103931710665
2023-01-05,1834.800048828125,23.257999420166016,7.5146907893352495,-0.009762524397120664,3.1466491339403335,-0.022700248081371832,4.368041655394916
2023-01-06,1864.199951171875,23.82200050354004,7.530587259434521,0.015896470099271198,3.1706095445963145,0.02396041065598098,4.359977714838206
2023-01-09,1872.699951171875,23.711999893188477,7.535136492692812,0.004549233258291707,3.1659812446091418,-0.004628299987172735,4.36915524808367
2023-01-10,1871.5999755859375,23.506999969482422,7.534548945947574,-0.0005875467452387539,3.1572982478371476,-0.008682996771994134,4.377250698110426
2023-01-11,1874.5999755859375,23.32699966430664,7.536150569288774,0.0016016233411999536,3.1496114735756544,-0.007686774261493223,4.386539095713119
2023-01-12,1895.5,23.863000869750977,7.54723793495639,0.011087365667616034,3.1723291786587584,0.022717705083104,4.374908756297631
2023-01-13,1918.4000244140625,24.231000900268555,7.5592467969995125,0.012008862043122903,3.1876328422818547,0.01530366362309632,4.371613954717658
2023-01-17,1907.199951171875,23.944000244140625,7.553391451269035,-0.005855345730477524,3.1757177807467154,-0.011915061535139326,4.37767367052232
2023-01-18,1904.4000244140625,23.530000686645508,7.551922290140182,-0.0014691611288526474,3.158276231920975,-0.017441548825740227,4.393646058219208
2023-01-19,1922.0999755859375,23.753999710083008,7.56117360461132,0.009251314471137917,3.167750925147073,0.009474693226097841,4.393422679464248
2023-01-20,1926.4000244140625,23.829999923706055,7.563408267787914,0.002234663176594154,3.1709452879090585,0.003194362761985481,4.3924629798788555
2023-01-23,1927.0999755859375,23.45199966430664,7.563771548535065,0.0003632807471509736,3.1549557647879074,-0.015989523121151095,4.408815783747158
2023-01-24,1933.9000244140625,23.64900016784668,7.567293980992516,0.0035224324574505417,3.163320837843292,0.008365073055384808,4.403973143149224
2023-01-25,1941.199951171875,23.839000701904297,7.571061592377483,0.0037676113849673953,3.1713229244521823,0.008002086608890124,4.399738667925301
2023-01-26,1929.0999755859375,23.93000030517578,7.564808839238169,-0.006252753139314393,3.175132914673135,0.0038099902209527414,4.389675924565034
2023-01-27,1928.5999755859375,23.527000427246094,7.564549617417328,-0.00025922182084059386,3.1581487159581023,-0.01698419871503276,4.406400901459226
2023-01-30,1922.9000244140625,23.645000457763672,7.5615897548530215,-0.0029598625643068033,3.1631516954556895,0.005002979497587212,4.398438059397332
2023-01-31,1929.5,23.74799919128418,7.565016180977674,0.00342642612465216,3.1674982823543685,0.00434658689867895,4.397517898623305
2023-02-01,1927.800048828125,23.520999908447266,7.564134760678286,-0.0008814202993878695,3.157893635241024,-0.009604647113344633,4.406241125437262
2023-02-02,1916.300048828125,23.534000396728516,7.558151547954867,-0.005983212723418951,3.158446200899412,0.0005525656583880156,4.3997053470554555
2023-02-03,1862.9000244140625,22.333999633789062,7.52988970540107,-0.028261842553797045,3.106110164626585,-0.0523360362728269,4.423779540774484
2023-02-06,1866.199951171875,22.177000045776367,7.531659530635456,0.0017698252343860688,3.099055717850029,-0.007054446776555867,4.432603812785427
2023-02-07,1871.699951171875,22.117000579833984,7.534602361697269,0.002942831061813145,3.096346569803249,-0.002709148046780019,4.43825579189402
2023-02-08,1877.4000244140625,22.367000579833984,7.537643132907079,0.003040771209810167,3.1075866842517694,0.011240114448520355,4.43005644865531
2023-02-09,1866.199951171875,22.097000122070312,7.531659530635456,-0.005983602271623312,3.0954418582272614,-0.01214482602450806,4.436217672408194
2023-02-10,1862.800048828125,22.034000396728516,7.529836037320442,-0.0018234933150136357,3.092586732923161,-0.002855125304100259,4.437249304397281
2023-02-13,1851.9000244140625,21.81800079345703,7.523967431251211,-0.005868606069231674,3.082735353542648,-0.009851379380513059,4.4412320777085625
2023-02-14,1854.0,21.841999053955078,7.5251007461258,0.0011333148745897859,3.083834678462427,0.0010993249197790433,4.441266067663373
2023-02-15,1834.199951171875,21.54599952697754,7.514363671503905,-0.010737074621895104,3.0701901625179273,-0.01364451594449978,4.444173508985978
2023-02-16,1842.0,21.68400001525879,7.518607216815252,0.0042435453113469634,3.0765746621017804,0.0063844995838531204,4.442032554713472
2023-02-17,1840.4000244140625,21.694000244140625,7.517738231546942,-0.0008689852683101407,3.0770357358718576,0.00046107377007720274,4.440702495675085
2023-02-21,1833.0,21.868999481201172,7.513709247839705,-0.004028983707237366,3.085070085183161,0.008034349311303313,4.428639162656544
2023-02-22,1832.0,21.660999298095703,7.513163545234075,-0.0005457026056294723,3.075513376154783,-0.00955670902837813,4.437650169079292
2023-02-23,1818.0,21.298999786376953,7.505492274737424,-0.007671270496651061,3.0586601132267415,-0.016853262928041346,4.446832161510683
2023-02-24,1808.800048828125,20.805999755859375,7.500418947958521,-0.005073326778902931,3.035241394914558,-0.02341871831218345,4.465177553043963
2023-02-27,1817.0,20.670000076293945,7.504942068396171,0.004523120437649908,3.028683377384724,-0.006558017529834093,4.476258691011447
2023-02-28,1828.9000244140625,20.961000442504883,7.511469985559572,0.0065279171634005095,3.04266358934929,0.013980211964566003,4.468806396210281
2023-03-01,1837.699951171875,20.958999633789062,7.516270042131141,0.004800056571569122,3.0425681309182933,-9.54584309966755e-05,4.4737019112128475
2023-03-02,1833.5,20.766000747680664,7.5139819875113805,-0.002288054619760338,3.033317069886302,-0.009251061031991359,4.480664917625079
2023-03-03,1847.699951171875,21.093000411987305,7.521696874934672,0.0077148874232912945,3.0489412514170784,0.015624181530776493,4.472755623517593
2023-03-06,1847.9000244140625,20.983999252319336,7.521805151395167,0.00010827646049538231,3.0437602069335834,-0.00518104448349499,4.478044944461583
2023-03-07,1813.9000244140625,20.054000854492188,7.503234515823355,-0.018570635571812488,2.998428677711296,-0.04533152922228734,4.504805838112059
2023-03-08,1812.699951171875,20.0049991607666,7.50257269853219,-0.0006618172911645459,2.995982200358015,-0.0024464773532808515,4.506590498174175
2023-03-09,1829.300048828125,20.024999618530273,7.5116886856894975,0.009115987157307437,2.9969814739047487,0.000999273546733459,4.514707211784749
2023-03-10,1862.0,20.375,7.529406457837013,0.01771777214751502,3.0143086591269266,0.01732718522217791,4.5150977987100855
2023-03-13,1911.699951171875,21.792999267578125,7.555748151993242,0.026341694156229778,3.081588783705548,0.06728012457862143,4.474159368287694
2023-03-14,1906.199951171875,21.929000854492188,7.552866984888099,-0.002881167105143412,3.0878100007212073,0.006221217015659253,4.465056984166892
2023-03-15,1926.5999755859375,21.77400016784668,7.563512057651426,0.010645072763327157,3.080716605167571,-0.007093395553636306,4.482795452483855
2023-03-16,1919.0,21.58799934387207,7.5595594960077,-0.003952561643726149,3.0721375743632175,-0.008579030804353405,4.487421921644483
2023-03-17,1969.800048828125,22.35099983215332,7.585687318523968,0.026127822516268218,3.1068710552783756,0.034733480915158044,4.478816263245593
2023-03-20,1979.199951171875,22.533000946044922,7.590447976967586,0.004760658443617949,3.1149809433568465,0.008109888078470906,4.475467033610739
2023-03-21,1938.0,22.323999404907227,7.569411792450712,-0.02103618451687428,3.1056623062691013,-0.009318637087745163,4.4637494861816105
2023-03-22,1946.800048828125,22.674999237060547,7.573942303040522,0.004530510589810355,3.1212629623544763,0.015600656085374975,4.452679340686046
2023-03-23,1993.800048828125,23.143999099731445,7.5977976690785844,0.023855366038062265,3.141735528775261,0.020472566420784766,4.456062140303324
2023-03-24,1982.0999755859375,23.246999740600586,7.591912155386678,-0.005885513691906041,3.146176080291519,0.0044405515162577736,4.44573607509516
2023-03-27,1952.4000244140625,23.054000854492188,7.576814676517634,-0.015097478869044778,3.1378393272436327,-0.00833675304788617,4.438975349274001
2023-03-28,1972.4000244140625,23.323999404907227,7.587006366727817,0.010191690210183069,3.1494828478457277,0.011643520602095059,4.437523518882089
2023-03-29,1966.0999755859375,23.375999450683594,7.583807151695937,-0.0031992150318798096,3.1517098315091814,0.002226983663453641,4.432097320186756
2023-03-30,1980.300048828125,23.902000427246094,7.591003652019768,0.00719650032383079,3.173962155319599,0.02225232381041753,4.417041496700168
2023-03-31,1969.0,24.076000213623047,7.585281078639126,-0.005722573380642082,3.1812155025583873,0.0072533472387883435,4.404065576080738
2023-04-03,1983.9000244140625,23.94099998474121,7.592819895654822,0.007538817015696253,3.175592469714492,-0.005623032843895093,4.41722742594033
2023-04-04,2022.199951171875,25.02199935913086,7.611941282511257,0.019121386856435052,3.2197554122829812,0.04416294256848907,4.392185870228276
2023-04-05,2020.9000244140625,24.96299934387207,7.6112982478049895,-0.0006430347062673647,3.217394702302385,-0.0023607099805964538,4.393903545502605
2023-04-06,2011.9000244140625,25.024999618530273,7.60683484033002,-0.0044634074749696495,3.2198753099577386,0.0024806076553538503,4.386959530372281
2023-04-10,1989.0999755859375,24.84600067138672,7.595437541837091,-0.011397298492928698,3.2126968008134087,-0.0071785091443299365,4.3827407410236825
2023-04-11,2004.800048828125,25.131000518798828,7.603299608497412,0.007862066660321076,3.2241021644835617,0.01140536367015299,4.379197444013851
2023-04-12,2010.9000244140625,25.40399932861328,7.606337674172885,0.003038065675473156,3.234906615512342,0.01080445102878036,4.371431058660543
2023-04-13,2041.300048828125,25.874000549316406,7.6213421626996505,0.015004488526765059,3.25323862472615,0.018332009213807954,4.3681035379735
2023-04-14,2002.199951171875,25.423999786376953,7.602001830598146,-0.01934033210150421,3.2356936013919433,-0.01754502333420671,4.3663082292062025
2023-04-17,1994.199951171875,25.05299949645996,7.597998221909623,-0.004003608688523563,3.2209935607402103,-0.014700040651733026,4.377004661169412
2023-04-18,2007.4000244140625,25.24799919128418,7.604595643541732,0.0065974216321089685,3.2287469126325767,0.007753351892366478,4.375848730909155
2023-04-19,1995.199951171875,25.365999221801758,7.598499550452974,-0.0060960930887574705,3.2334096639664454,0.00466275133386862,4.365089886486529
2023-04-20,2007.5999755859375,25.368000030517578,7.604695245619959,0.006195695166984372,3.2334885384390413,7.88744725959134e-05,4.371206707180917
2023-04-21,1979.5,25.05299949645996,7.590599566546185,-0.014095679073773404,3.2209935607402103,-0.012494977698831011,4.369606005805975
2023-04-24,1989.0999755859375,25.305999755859375,7.595437541837091,0.004837975290906016,3.231041512119533,0.010047951379322573,4.364396029717558
2023-04-25,1994.0,24.87700080871582,7.597897950521784,0.002460408684692439,3.213943714331213,-0.01709779778831999,4.38395423619057
2023-04-26,1985.699951171875,24.871000289916992,7.593726751203106,-0.004171199318677488,3.213702477751032,-0.0002412365801807148,4.380024273452074
2023-04-27,1989.9000244140625,24.982999801635742,7.59583967746861,0.002112926265503745,3.2181955856233673,0.004493107872335145,4.377644091845243
2023-04-28,1990.0999755859375,24.999000549316406,7.59594015544451,0.00010047797590040375,3.2188358460417144,0.0006402604183470828,4.377104309402796
2023-05-01,1983.4000244140625,25.009000778198242,7.592567835061222,-0.0033723203832884963,3.2192357912004756,0.00039994515876129455,4.373332043860746
2023-05-02,2014.300048828125,25.40399932861328,7.608027043725119,0.015459208663897606,3.234906615512342,0.015670824311866394,4.373120428212777
2023-05-03,2028.5999755859375,25.47599983215332,7.615101166906964,0.007074123181844527,3.237736825920696,0.0028302104083537394,4.377364340986269
2023-05-04,2048.0,26.03499984741211,7.6246189861593985,0.009517819252434556,3.259441780753987,0.021704954833291268,4.365177205405411
2023-05-05,2017.4000244140625,25.743000030517578,7.609564844722481,-0.015054141436917412,3.2481627466785645,-0.011279034075422523,4.361402098043916
2023-05-08,2026.300048828125,25.63599967956543,7.6139667729684675,0.004401928245986397,3.243997601142582,-0.004165145535982351,4.369969171825885
2023-05-09,2036.199951171875,25.697999954223633,7.618840580693071,0.004873807724603552,3.246413166079969,0.002415564937386705,4.372427414613102
2023-05-10,2030.5,25.461000442504883,7.616037347126352,-0.0028032335667189656,3.2371478870353627,-0.009265279044606167,4.378889460090989
2023-05-11,2014.699951171875,24.2549991607666,7.608225555685935,-0.007811791440417437,3.1886227470967508,-0.04852513993861196,4.419602808589184
2023-05-12,2014.5,23.992000579833984,7.608126304631402,-9.92510545323455e-05,3.177720465614513,-0.010902281482237708,4.430405839016889
2023-05-15,2018.0,24.12700080871582,7.609862200913554,0.00173589628215165,3.18333157886243,0.005611113247916855,4.426530622051124
2023-05-16,1988.4000244140625,23.73699951171875,7.5950855864987625,-0.01477661441479139,3.1670349916283445,-0.016296587234085447,4.4280505948704185
2023-05-17,1980.699951171875,23.75200080871582,7.5912055719112645,-0.003880014587497982,3.1676667715097833,0.0006317798814388098,4.423538800401481
2023-05-18,1956.5,23.4950008392334,7.578912441650467,-0.01229313026079737,3.156787668274438,-0.010879103235345244,4.422124773376029
2023-05-19,1978.699951171875,23.920000076293945,7.5901953177215224,0.01128287607105527,3.174714932271977,0.01792726399753919,4.415480385449545
2023-05-22,1974.800048828125,23.71500015258789,7.588222431110313,-0.0019728866112096455,3.16610776576378,-0.00860716650819704,4.422114665346532
2023-05-23,1972.4000244140625,23.474000930786133,7.587006366727817,-0.001216064382496107,3.155893465329722,-0.010214300434058021,4.4311129013980946
2023-05-24,1962.800048828125,23.114999771118164,7.582127329092518,-0.004879037635298289,3.1404817475383138,-0.015411717791408375,4.441645581554205
2023-05-25,1943.0999755859375,22.785999298095703,7.57203990229249,-0.01008742680002861,3.1261462814717325,-0.014335466066581315,4.445893620820757
2023-05-26,1944.0999755859375,23.239999771118164,7.572554411468566,0.0005145091760763165,3.1458749221350946,0.019728640663362107,4.4266794893334716
2023-05-30,1958.0,23.125,7.579678823090456,0.0071244116218895925,3.140914283398489,-0.0049606387366054605,4.438764539691967
2023-05-31,1963.9000244140625,23.474000930786133,7.5826875835525955,0.0030087604621398256,3.155893465329722,0.014979181931233043,4.426794118222873
2023-06-01,1978.0,23.875,7.589841512182657,0.007153928630061479,3.172831886366794,0.016938421037071993,4.417009625815863
2023-06-02,1952.4000244140625,23.64299964904785,7.576814676517634,-0.013026835665023384,3.163067073195814,-0.009764813170979991,4.41374760332182
2023-06-05,1958.0,23.534000396728516,7.579678823090456,0.0028641465728220794,3.158446200899412,-0.00462087229640229,4.421232622191043
2023-06-06,1965.5,23.573999404907227,7.583501944861915,0.0038231217714592702,3.160144384560771,0.0016981836613592094,4.4233575603011435
2023-06-07,1942.699951171875,23.43899917602539,7.571834011910578,-0.011667932951336724,3.154401266528716,-0.005743118032055072,4.417432745381863
2023-06-08,1963.5999755859375,24.263999938964844,7.5825347897505795,0.01070077784000123,3.1889937678708185,0.034592501342102455,4.393541021879761
2023-06-09,1962.199951171875,24.333999633789062,7.581821546844913,-0.0007132429056664336,3.191874534315905,0.0028807664450867243,4.389947012529008
2023-06-12,1955.300048828125,23.985000610351562,7.57829893830442,-0.003522608540492911,3.1774286604012465,-0.01444587391465868,4.400870277903174
2023-06-13,1944.5999755859375,23.756000518798828,7.572811566820757,-0.005487371483662962,3.1678351519922576,-0.009593508408988871,4.4049764148285
2023-06-14,1955.300048828125,24.04400062561035,7.57829893830442,0.005487371483662962,3.179885511196311,0.012050359204053507,4.398413427108109
2023-06-15,1957.800048828125,23.891000747680664,7.579576697767632,0.0012777594632122913,3.1735018502753776,-0.006383660920933565,4.406074847492254
2023-06-16,1958.4000244140625,24.076000213623047,7.579883104784338,0.00030640701670581194,3.1812155025583873,0.0077136522830096865,4.3986676022259505
2023-06-20,1935.5,23.19300079345703,7.568120970017703,-0.011762134766635235,3.143850543217503,-0.03736495934088424,4.4242704268002
2023-06-21,1933.300048828125,22.77400016784668,7.566983691594818,-0.001137278422884691,3.1256195417585144,-0.018231001458988594,4.4413641498363035
2023-06-22,1912.699951171875,22.43600082397461,7.556271109868112,-0.010712581726706638,3.1106668483716473,-0.01495269338686711,4.445604261496465
2023-06-23,1919.0999755859375,22.327999114990234,7.559611592402581,0.003340482534468947,3.105841456597252,-0.004825391774395449,4.453770135805328
2023-06-26,1923.699951171875,22.80500030517578,7.562005668529734,0.002394076127153255,3.1269798235456316,0.021138366948379783,4.435025844984102
2023-06-27,1914.0,22.93899917602539,7.5569505720129,-0.005055096516834112,3.1328384828517404,0.005858659306108738,4.424112089161159
2023-06-28,1912.300048828125,22.868000030517578,7.556062010602644,-0.0008885614102558392,3.129738554736235,-0.0030999281155055236,4.4263234558664095
2023-06-29,1909.199951171875,22.590999603271484,7.554439559556566,-0.001622451046078055,3.1175515793137327,-0.012186975422502133,4.436887980242833
2023-06-30,1921.0999755859375,22.809999465942383,7.56065320492602,0.006213645369454568,3.127199012882986,0.009647433569253128,4.433454192043035
2023-07-03,1921.699951171875,22.895999908447266,7.560965464529564,0.0003122596035431968,3.1309622188154607,0.0037632059324748113,4.4300032457141025
2023-07-05,1919.5999755859375,23.19700050354004,7.559872097265783,-0.0010933672637802871,3.144022981673252,0.013060762857791453,4.415849115592531
2023-07-06,1908.699951171875,22.68600082397461,7.554177635453971,-0.0056944618118119905,3.1217480304576917,-0.022274951215560446,4.43242960499628
2023-07-07,1926.199951171875,23.091999053955078,7.563304403777306,0.009126768323334922,3.1394861962301723,0.017738165772480663,4.423818207547134
2023-07-10,1925.0,23.150999069213867,7.562681246721884,-0.0006231570554220411,3.1420379359385673,0.002551739708394951,4.420643310783317
2023-07-11,1931.300048828125,23.086000442504883,7.56594865556107,0.003267408839185748,3.1392263923603925,-0.0028115435781748133,4.426722263200677
2023-07-12,1956.199951171875,24.118999481201172,7.57875906989569,0.012810414334619935,3.1829998901197394,0.04377349775934691,4.3957591797759505
2023-07-13,1959.199951171875,24.76799964904785,7.580291480715476,0.0015324108197862785,3.209552483237737,0.026552593117997514,4.370738997477739
2023-07-14,1960.0999755859375,25.013999938964844,7.580750758875711,0.00045927816023461077,3.219435665686675,0.009883182448938044,4.361315093189036
2023-07-17,1952.4000244140625,24.8439998626709,7.576814676517634,-0.003936082358077186,3.2126162691694,-0.006819396517275145,4.364198407348233
2023-07-18,1977.199951171875,25.083999633789062,7.589436956737211,0.012622280219577675,3.2222301780813907,0.009613908911990876,4.36720677865582
2023-07-19,1977.5,25.2189998626709,7.589588699641809,0.00015174290459807338,3.2275976732346083,0.005367495153217661,4.3619910264072015
2023-07-20,1968.300048828125,24.80500030517578,7.584925529826199,-0.004663169815610324,3.2110452580560067,-0.01655241517860162,4.373880271770192
2023-07-21,1964.300048828125,24.697999954223633,7.582891251598004,-0.002034278228195241,3.206722266842186,-0.004322991213820515,4.376168984755818
2023-07-24,1960.300048828125,24.43600082397461,7.5808528266448745,-0.0020384249531293364,3.1960574885072206,-0.010664778334965597,4.384795338137653
2023-07-25,1962.0999755859375,24.68000030517578,7.581770594783233,0.0009177681383585323,3.205993211402494,0.009935722895273447,4.375777383380739
2023-07-26,1968.9000244140625,24.825000762939453,7.585230302547636,0.003459707764402964,3.211851240663943,0.005858029261448738,4.373379061883693
2023-07-27,1945.4000244140625,24.236000061035156,7.573222902984976,-0.012007399562659948,3.18783913360111,-0.024012107062832744,4.385383769383866
2023-07-28,1960.4000244140625,24.3700008392334,7.580903825489005,0.007680922504029297,3.1933529020742664,0.005513768473156322,4.387550923414739
2023-07-31,1970.5,24.854000091552734,7.586042596635059,0.0051387711460533225,3.2130187090674247,0.01966580699315834,4.3730238875676335
2023-08-01,1940.699951171875,24.20800018310547,7.570803986557991,-0.01523861007706806,3.1866831646098412,-0.02633554445758346,4.38412082194815
2023-08-02,1937.4000244140625,23.753999710083008,7.569102159593741,-0.0017018269642496975,3.167750925147073,-0.01893223946276823,4.401351234446668
2023-08-03,1932.0,23.586000442504883,7.566311014772463,-0.0027911448212778467,3.1606533344291146,-0.007097590717958457,4.4056576803433485
2023-08-04,1939.5999755859375,23.617000579833984,7.570237032644034,0.003926017871570764,3.1619668162465655,0.0013134818174509455,4.408270216397469
2023-08-07,1933.5,23.142000198364258,7.567087111047352,-0.003149921596682148,3.1416491570257583,-0.020317659220807194,4.425437954021593
2023-08-08,1924.0999755859375,22.716999053955078,7.562213592238408,-0.004873518808943267,3.1231135012362827,-0.01853565578947558,4.439100091002126
2023-08-09,1915.4000244140625,22.649999618530273,7.557681769833714,-0.00453182240469463,3.1201598350871125,-0.002953666149170253,4.437521934746601
2023-08-10,1914.4000244140625,22.746000289916992,7.557159549347017,-0.0005222204866965896,3.124389318508098,0.0042294834209855026,4.432770230838919
2023-08-11,1912.9000244140625,22.673999786376953,7.556375706921461,-0.0007838424255561804,3.121218884173909,-0.003170434334188954,4.435156822747552
2023-08-14,1910.5999755859375,22.643999099731445,7.55517259505769,-0.0012031118637709781,3.1198948764169248,-0.001324007756984269,4.435277718640766
2023-08-15,1902.5,22.594999313354492,7.550924089735841,-0.004248505321848839,3.1177286124739747,-0.002166263942950053,4.433195477261867
2023-08-16,1896.0999755859375,22.479999542236328,7.547554411164222,-0.0033696785716195166,3.1126260046623373,-0.005102607811637405,4.434928406501884
2023-08-17,1884.0999755859375,22.670000076293945,7.54120551932601,-0.006348891838211301,3.121042467884852,0.008416463222514547,4.4201630514411585
2023-08-18,1886.0999755859375,22.69499969482422,7.542266471112922,0.001060951786911346,3.1221446224616,0.0011021545767482266,4.420121848651322
2023-08-21,1893.300048828125,23.304000854492188,7.54607664304826,0.003810171935338502,3.1486250563243225,0.026480433862722474,4.397451586723937
2023-08-22,1896.4000244140625,23.420000076293945,7.547712643901862,0.0016360008536020487,3.153590361427212,0.004965305102889506,4.39412228247465
2023-08-23,1918.5,24.363000869750977,7.559298909687007,0.011586265785144434,3.1930656236680495,0.039475262240837417,4.366233286018957
2023-08-24,1918.199951171875,24.211000442504883,7.559142499838671,-0.0001564098483353149,3.186807093619713,-0.006258530048336652,4.3723354062189586
2023-08-25,1911.0999755859375,24.219999313354492,7.555434258720061,-0.0037082411186100117,3.1871787097745945,0.0003716161548816821,4.368255548945466
2023-08-28,1917.9000244140625,24.238000869750977,7.558986129170371,0.003551870450309913,3.1879216854300716,0.0007429756554770961,4.3710644437403
2023-08-29,1936.5,24.777000427246094,7.568637498954807,0.009651369784435815,3.209915820740347,0.021994135310275276,4.35872167821446
2023-08-30,1944.300048828125,24.733999252319336,7.572657319215252,0.004019820260444895,3.208178785091003,-0.0017370356493437988,4.364478534124249
2023-08-31,1938.199951171875,24.472000122070312,7.569514961107938,-0.0031423581073140028,3.1975296118367647,-0.01064917325423842,4.371985349271173
2023-09-01,1939.800048828125,24.23200035095215,7.570340179131174,0.0008252180232357631,3.18767408820794,-0.009855523628824692,4.382666090923234
2023-09-05,1926.199951171875,23.558000564575195,7.563304403777306,-0.007035775353867457,3.1594654895019203,-0.02820859870601966,4.403838914275386
2023-09-06,1918.0999755859375,23.20599937438965,7.559090378999389,-0.004214024777917658,3.144410838966362,-0.015054650535558434,4.414679540033027
2023-09-07,1917.5,22.950000762939453,7.558777533241411,-0.0003128457579775201,3.133317969750103,-0.011092869216259071,4.425459563491309
2023-09-08,1918.4000244140625,22.892000198364258,7.5592467969995125,0.0004692637581014125,3.1307875132120775,-0.0025304565380253052,4.428459283787435
2023-09-11,1923.300048828125,23.10300064086914,7.561797765049001,0.0025509680494888443,3.1399625069648724,0.009174993752794958,4.421835258084129
2023-09-12,1911.300048828125,23.12700080871582,7.555538943337627,-0.006258821711374374,3.1410008011137047,0.001038294148832275,4.414538142223922
2023-09-13,1909.0999755859375,22.91200065612793,7.554387193012356,-0.0011517503252713723,3.131660819415103,-0.00933998169860173,4.422726373597253
2023-09-14,1910.0,22.74799919128418,7.554858521040676,0.0004713280283201726,3.124477193893479,-0.007183625521623771,4.430381327147197
2023-09-15,1923.699951171875,23.125999450683594,7.562005668529734,0.007147147489058092,3.140957501953574,0.016480308060094817,4.42104816657616
2023-09-18,1931.5,23.23200035095215,7.566052182106336,0.004046513576602351,3.145530653748797,0.004573151795222774,4.42052152835754
2023-09-19,1932.0,23.194000244140625,7.566311014772463,0.000258832666126807,3.1438936350605364,-0.0016370186882603832,4.422417379711927
2023-09-20,1945.5999755859375,23.57900047302246,7.573325679223501,0.007014664451038044,3.160356505450086,0.016462870389549522,4.412969173773416
2023-09-21,1919.199951171875,23.444000244140625,7.559663686083568,-0.013661993139932882,3.1546146090279614,-0.005741896422124526,4.405049077055606
2023-09-22,1925.4000244140625,23.59600067138672,7.562889030023861,0.003225343940292724,3.1610772345942406,0.00646262556627919,4.40181179542962
2023-09-25,1916.5999755859375,23.145000457763672,7.558308049171447,-0.004580980852414207,3.141778794261314,-0.019298440332926603,4.416529254910133
2023-09-26,1900.4000244140625,22.950000762939453,7.549819682159568,-0.008488367011878495,3.133317969750103,-0.008460824511211218,4.416501712409465
2023-09-27,1871.5999755859375,22.476999282836914,7.534548945947574,-0.015270736211994596,3.112492532256159,-0.02082543749394361,4.422056413691415
2023-09-28,1860.4000244140625,22.514999389648438,7.528546810472959,-0.006002135474614256,3.114181726644871,0.0016891943887116234,4.414365083828089
2023-09-29,1848.0999755859375,22.236000061035156,7.521913350081353,-0.006633460391606505,3.101712599836103,-0.012469126808767772,4.42020075024525
2023-10-02,1830.0,21.218000411987305,7.512071245835466,-0.009842104245886496,3.054849897453957,-0.04686270238214618,4.457221348381509
2023-10-03,1824.5999755859375,21.17799949645996,7.5091160505308725,-0.0029551953045938717,3.0529628832317,-0.0018870142222566777,4.456153167299172
2023-10-04,1818.5,20.95599937438965,7.5057672644270435,-0.003348786103829049,3.0424249716924536,-0.010537911539246547,4.463342292734589
2023-10-05,1816.5999755859375,20.847999572753906,7.504721887628686,-0.001045376798357367,3.037257999889104,-0.005166971803349796,4.467463887739582
2023-10-06,1830.199951171875,21.540000915527344,7.512180502802158,0.007458615173471905,3.069911714231832,0.032653714342728346,4.442268788570326
2023-10-09,1849.5,21.740999221801758,7.522670611272509,0.010490108470350812,3.0791998430012124,0.009288128769380233,4.443470768271297
2023-10-10,1861.0,21.775999069213867,7.528869256642251,0.006198645369742017,3.0808084031654404,0.0016085601642279457,4.448060853476811
2023-10-11,1872.800048828125,21.957000732421875,7.535189942248959,0.006320685606707954,3.0890860286443007,0.008277625478860351,4.446103913604658
2023-10-12,1869.300048828125,21.79199981689453,7.53331933433936,-0.0018706079095984762,3.081542921564685,-0.007543107079615918,4.4517764127746755
2023-10-13,1927.4000244140625,22.726999282836914,7.563927236084025,0.030607901744664545,3.12355361343632,0.04201069187163542,4.440373622647705
2023-10-16,1921.0999755859375,22.610000610351562,7.56065320492602,-0.003274031158004398,3.1183923132846396,-0.005161300151680592,4.44226089164138
2023-10-17,1922.699951171875,22.863000869750977,7.561485701782688,0.0008324968566677526,3.129519921393946,0.011127608109306575,4.431965780388742
2023-10-18,1955.300048828125,22.944000244140625,7.57829893830442,0.016813236521731945,3.1330564750579275,0.003536553663981312,4.445242463246492
2023-10-19,1968.4000244140625,22.886999130249023,7.584976321394822,0.006677383090401889,3.130569025774236,-0.0024874492836914897,4.454407295620586
2023-10-20,1982.5,23.35099983215332,7.592113953509003,0.007137632114180725,3.150639802562351,0.020070776788115197,4.441474150946652
2023-10-23,1976.300048828125,23.07200050354004,7.588981713353227,-0.003132240155776067,3.138619782927263,-0.012020019635088364,4.450361930425964
2023-10-24,1975.0,22.979999542236328,7.5883236773352225,-0.0006580360180041822,3.1346242525005192,-0.00399553042674361,4.453699424834703
2023-10-25,1984.0999755859375,22.87700080871582,7.592920677495569,0.004597000160346809,3.130132074384252,-0.0044921781162674534,4.462788603111317
2023-10-26,1987.199951171875,22.78700065612793,7.594481867167841,0.001561189672271368,3.1261902267039265,-0.003941847680325239,4.468291640463914
2023-10-27,1988.5999755859375,22.770000457763672,7.595186140268963,0.0007042731011219772,3.1254439001794543,-0.0007463265244722628,4.469742240089508
2023-10-30,1996.199951171875,23.281999588012695,7.599000627791948,0.0038144875229857433,3.14768051213052,0.022236611951065743,4.451320115661428
2023-10-31,1985.199951171875,22.840999603271484,7.593474919117212,-0.005525708674736229,3.1285571492973574,-0.019123362833162627,4.464917769819855
2023-11-01,1978.800048828125,22.684999465942383,7.590245904029177,-0.00322901508803497,3.121703889573603,-0.006853259723754501,4.468542014455574
2023-11-02,1985.5999755859375,22.750999450683594,7.593676402154784,0.0034304981256063627,3.1246090763301617,0.0029051867565588196,4.469067325824621
2023-11-03,1991.5,23.201000213623047,7.596643402621699,0.002967000466915337,3.1441953903991062,0.01958631406894451,4.452448012222593
2023-11-06,1981.5999755859375,23.14900016784668,7.591659865854771,-0.004983536766927976,3.1419515903056787,-0.002243800093427506,4.449708275549092
2023-11-07,1966.800048828125,22.507999420166016,7.584163160363961,-0.0074967054908094966,3.1138707758097923,-0.028080814495886397,4.470292384554169
2023-11-08,1951.5,22.64699935913086,7.5763535866206695,-0.007809573743291942,3.1200273645274055,0.006156588717613154,4.456326222093264
2023-11-09,1964.199951171875,22.83099937438965,7.582840291864634,0.00648670524396433,3.1281192341955224,0.008091869668116924,4.454721057669111
2023-11-10,1932.5999755859375,22.21500015258789,7.5666215129324526,-0.016218778932181266,3.1007677432565592,-0.027351490938963163,4.465853769675894
2023-11-13,1945.5,22.298999786376953,7.573274292424609,0.006652779492156036,3.1045418248313275,0.0037740815747682177,4.468732467593281
2023-11-14,1961.800048828125,23.07900047302246,7.581617723019666,0.008343430595057377,3.1389231336407026,0.03438130880937518,4.442694589378963
2023-11-15,1960.0999755859375,23.485000610351562,7.580750758875711,-0.0008669641439551512,3.1563619454679537,0.017438811827251044,4.424388813407758
2023-11-16,1983.9000244140625,23.892000198364258,7.592819895654822,0.012069136779111034,3.1735436831725985,0.017181737704644817,4.419276212482224
2023-11-17,1981.5999755859375,23.80900001525879,7.591659865854771,-0.0011600298000509213,3.1700636610976485,-0.0034800220749500177,4.4215962047571225
2023-11-20,1977.699951171875,23.57900047302246,7.5896898076386305,-0.00197005821614038,3.160356505450086,-0.009707155647562526,4.429333302188544
2023-11-21,1999.300048828125,23.843000411987305,7.600552422700397,0.010862615061766334,3.171490690485442,0.011134185035356126,4.429061732214954
2023-11-22,1991.4000244140625,23.672000885009766,7.596593200213732,-0.003959222486664693,3.1642929524842613,-0.007197738001180731,4.43230024772947
2023-11-24,2002.199951171875,24.32900047302246,7.602001830598146,0.0054086303844140815,3.191669073872726,0.02737612138846446,4.4103327567254205
2023-11-27,2011.800048828125,24.672000885009766,7.606785146971102,0.004783316372956037,3.2056690332519366,0.013999959379210836,4.401116113719166
2023-11-28,2039.699951171875,24.93000030517578,7.620557993261648,0.013772846290545537,3.2160719097767734,0.010402876524836735,4.4044860834848745
2023-11-29,2047.0999755859375,25.07200050354004,7.624179424520405,0.003621431258757468,3.221751705697425,0.00567979592065182,4.40242771882298
2023-11-30,2038.0999755859375,25.292999267578125,7.619773268313499,-0.004406156206906431,3.2305276486511545,0.008775942953729299,4.389245619662344
2023-12-01,2071.0,25.499000549316406,7.635786861395585,0.01601359308208572,3.2386392572518155,0.008111608600660958,4.397147604143769
2023-12-04,2024.0999755859375,24.55500030517578,7.612880424239801,-0.022906437155783443,3.200915511919462,-0.03772374533235334,4.4119649123203395
2023-12-05,2018.5,24.201000213623047,7.610109940292996,-0.0027704839468052356,3.186393963449981,-0.014521548469481171,4.423715976843015
2023-12-06,2030.5,23.888999938964844,7.616037347126352,0.00592740683335613,3.1734180993884693,-0.012975864061511633,4.442619247737882
2023-12-07,2029.9000244140625,23.73200035095215,7.615741821765947,-0.0002955253604053354,3.166824363184537,-0.00659373620393211,4.448917458581409
2023-12-08,1998.300048828125,22.97100067138672,7.600052122522075,-0.015689699243871758,3.1342325800266746,-0.0325917831578626,4.4658195424954
2023-12-11,1978.0,22.773000717163086,7.589841512182657,-0.010210610339417947,3.1255756551945546,-0.008656924832119994,4.464265856988103
2023-12-12,1977.800048828125,22.72800064086914,7.589740419523991,-0.00010109265866642403,3.1235976727492263,-0.001977982445328319,4.466142746774764
2023-12-13,1982.300048828125,22.638999938964844,7.592013090328221,0.0022726708042304367,3.1196740800521505,-0.003923592697075762,4.4723390102760705
2023-12-14,2030.199951171875,24.09600067138672,7.615889565299437,0.0238764749712157,3.1820458794804773,0.062371799428326824,4.433843685818959
2023-12-15,2021.0999755859375,23.8700008392334,7.611397184555132,-0.004492380744304469,3.1726224755092383,-0.009423403971239086,4.438774709045894
2023-12-18,2026.300048828125,23.83099937438965,7.6139667729684675,0.002569588413335211,3.1709872278892712,-0.0016352476199670285,4.442979545079196
2023-12-19,2038.4000244140625,24.040000915527344,7.619920477354915,0.005953704386447711,3.1797191477505065,0.008731919861235227,4.440201329604409
2023-12-20,2034.5,24.347000122070312,7.618005367441745,-0.001915109913170454,3.192408643666802,0.012689495916295535,4.425596723774943
2023-12-21,2039.0999755859375,24.30699920654297,7.620263801047742,0.002258433605997645,3.1907643420639755,-0.00164430160282647,4.429499458983766
2023-12-22,2057.10009765625,24.290000915527344,7.629052550431204,0.008788749383461969,3.1900647807056135,-0.0006995613583620219,4.438987769725591
2023-12-26,2058.199951171875,24.143999099731445,7.629587069678288,0.0005345192470835869,3.1840358647380276,-0.006028915967585924,4.44555120494026
2023-12-27,2081.89990234375,24.375,7.641036170374455,0.01144910069616678,3.193558016883911,0.009522152145883478,4.447478153490543
2023-12-28,2073.89990234375,24.134000778198242,7.637186124531112,-0.0038500458433423645,3.1836216668963013,-0.009936349987609727,4.453564457634811
2023-12-29,2062.39990234375,23.85300064086914,7.631625584834141,-0.005560539696971567,3.1719100224548997,-0.011711644441401603,4.459715562379241
2024-01-02,2064.39990234375,23.732999801635742,7.632594858969664,0.0009692741355236123,3.166866476349207,-0.005043546105692798,4.4657283826204575
2024-01-03,2034.199951171875,22.945999145507812,7.617857876187895,-0.014736982781769825,3.133143592137685,-0.03372288421152181,4.484714284050209
2024-01-04,2042.300048828125,22.98900032043457,7.621831926631511,0.003974050443616761,3.135015854594981,0.0018722624572959923,4.486816072036531
2024-01-05,2042.4000244140625,23.121999740600586,7.621880877880889,4.895124937753792e-05,3.1407845340344025,0.005768679439421387,4.481096343846486
2024-01-08,2026.5999755859375,23.1200008392334,7.614114778967409,-0.007766098913480235,3.1406980801031983,-8.645393120421119e-05,4.47341669886421
2024-01-09,2026.4000244140625,22.90399932861328,7.614016110735463,-9.866823194570884e-05,3.1313115384827364,-0.00938654162046193,4.482704572252727
2024-01-10,2021.699951171875,22.884000778198242,7.611693996468268,-0.0023221142671951966,3.1304380104124974,-0.0008735280702389936,4.48125598605577
2024-01-11,2014.300048828125,22.53700065612793,7.608027043725119,-0.0036669527431483218,3.115158432149894,-0.015279578262603177,4.492868611575226
2024-01-12,2046.699951171875,23.16200065612793,7.623983995128402,0.01595695140328246,3.1425130330899607,0.027354600940066476,4.481470962038442
2024-01-16,2026.0,22.933000564575195,7.613818684808629,-0.010165310319773191,3.132576945900297,-0.009936087189663656,4.481241738908332
2024-01-17,2002.5999755859375,22.516000747680664,7.60220160308252,-0.011617081726108758,3.114226200808418,-0.018350745091879173,4.4879754022741025
2024-01-18,2018.5999755859375,22.66699981689453,7.610159468710207,0.007957865627687077,3.1209101142041558,0.006683913395737928,4.489249354506051
2024-01-19,2026.5,22.570999145507812,7.614065446068364,0.003905977358156676,3.1166658585916514,-0.004244255612504411,4.497399587476712
2024-01-22,2019.800048828125,22.163000106811523,7.610753799767189,-0.00331164630117442,3.098424236596899,-0.01824162199475232,4.51232956317029
2024-01-23,2023.699951171875,22.333999633789062,7.612682773949469,0.0019289741822801076,3.106110164626585,0.007685928029685929,4.506572609322884
2024-01-24,2013.9000244140625,22.7549991607666,7.6078284317355935,-0.0048543422138758174,3.12478486458733,0.018674699960745222,4.483043567148263
2024-01-25,2016.9000244140625,22.808000564575195,7.609316970247847,0.0014885385122536121,3.127111376363755,0.0023265117764248444,4.482205593884093
2024-01-26,2016.800048828125,22.7549991607666,7.609267400084402,-4.957016344508958e-05,3.12478486458733,-0.0023265117764248444,4.484482535497072
2024-01-29,2025.199951171875,23.13800048828125,7.613423715985481,0.004156315901078678,3.1414763087096986,0.01669144412236845,4.471947407275782
2024-01-30,2031.5,23.10700035095215,7.616529715427782,0.003105999442301055,3.1401356171145003,-0.00134069159519834,4.476394098313282
2024-01-31,2048.39990234375,23.051000595092773,7.62481423191399,0.008284516486208204,3.137709178265894,-0.0024264388486061605,4.487105053648095
2024-02-01,2053.0,23.1299991607666,7.627057417018934,0.0022431851049438123,3.141130439960018,0.003421261694124045,4.485926977058916
2024-02-02,2036.0999755859375,22.701000213623047,7.618791480387221,-0.008265936631712378,3.1224089857907864,-0.018721454169231766,4.4963824945964355
2024-02-05,2025.699951171875,22.334999084472656,7.613670574715439,-0.005120905671782694,3.1061549138133784,-0.016254071977408024,4.50751566090206
2024-02-06,2034.5,22.39299964904785,7.618005367441745,0.0043347927263059916,3.10874839435029,0.002593480536911663,4.509256973091455
2024-02-07,2035.199951171875,22.277999877929688,7.618349349153996,0.00034398171225102914,3.1035996389435874,-0.005148755406702676,4.514749710210408
2024-02-08,2032.199951171875,22.565000534057617,7.616874205024557,-0.0014751441294391654,3.1164000569464854,0.012800418002897995,4.500474148078071
2024-02-09,2023.300048828125,22.527999877929688,7.612485144918063,-0.0043890601064937584,3.1147589745570277,-0.0016410823894577042,4.497726170361036
2024-02-12,2018.199951171875,22.708999633789062,7.60996127983653,-0.0025238650815326835,3.122761305556285,0.008002330999257179,4.487199974280245
2024-02-13,1992.9000244140625,22.09600067138672,7.597346155589825,-0.012615124246704745,3.095396627051925,-0.027364678504359752,4.5019495285379
2024-02-14,1990.300048828125,22.33099937438965,7.596040684658222,-0.0013054709316033808,3.105975819637419,0.010579192585494113,4.490064865020803
2024-02-15,2002.0999755859375,22.91200065612793,7.601951896483427,0.00591121182520471,3.131660819415103,0.025684999777683792,4.470291077068324
2024-02-16,2011.5,23.43899917602539,7.606635991389843,0.004684094906416192,3.154401266528716,0.022740447113613005,4.4522347248611265
2024-02-20,2027.5,23.106000900268555,7.614558785989568,0.007922794599725336,3.1400923630233706,-0.014308903505345416,4.474466422966198
2024-02-21,2022.300048828125,22.85099983215332,7.61199078067235,-0.002568005317217903,3.1289948727134944,-0.011097490309876168,4.4829959079588555
2024-02-22,2019.699951171875,22.764999389648438,7.610704240338412,-0.0012865403339379355,3.1252242419757823,-0.0037706307377121107,4.48547999836263
2024-02-23,2038.5999755859375,22.9689998626709,7.620018564758416,0.009314324420003572,3.1341454747287285,0.008921232752946207,4.4858730900296875
2024-02-26,2028.5,22.517000198364258,7.615051882646502,-0.004966682111914089,3.1142705882870563,-0.019874886441672235,4.500781294359445
2024-02-27,2034.0,22.523000717163086,7.617759576608505,0.0027076939620034324,3.114537041160607,0.0002664528735505378,4.5032225354478985
2024-02-28,2033.0,22.40999984741211,7.617267813628347,-0.0004917629801584056,3.109507281003916,-0.005029760156690877,4.507760532624431
2024-02-29,2045.699951171875,22.666000366210938,7.6234952843260535,0.006227470697706572,3.120866020467597,0.011358739463680934,4.502629263858457
2024-03-01,2086.89990234375,23.149999618530273,7.643434943465897,0.01993965913984308,3.141994764054069,0.021128743586471987,4.501440179411828
2024-03-04,2117.699951171875,23.77899932861328,7.6580858500123865,0.014650906546489928,3.168802809999321,0.02680804594525199,4.489283040013065
2024-03-05,2133.5,23.76300048828125,7.665519102628054,0.00743325261566774,3.1681297696982154,-0.0006730403011054875,4.4973893329298384
2024-03-06,2150.300048828125,24.27199935913086,7.67336266897893,0.007843566350875797,3.1893233962025365,0.021193626504321106,4.484039272776394
2024-03-07,2158.0,24.3700008392334,7.67693714581808,0.0035744768391499093,3.1933529020742664,0.004029505871729899,4.483584243743813
2024-03-08,2178.60009765625,24.339000701904297,7.686437792473576,0.009500646655496325,3.1920800309197035,-0.0012728711545628713,4.494357761553873
2024-03-11,2182.5,24.511999130249023,7.688226287713757,0.0017884952401807652,3.1991627580755195,0.007082727155816038,4.489063529638237
2024-03-12,2160.39990234375,24.194000244140625,7.678048623515879,-0.01017766419787769,3.186104678628614,-0.013058079446905513,4.491943944887265
2024-03-13,2175.39990234375,24.958999633789062,7.68496778976858,0.006919166252700393,3.2172344639235746,0.031129785294960577,4.467733325845005
2024-03-14,2163.0,24.874000549316406,7.679251425953058,-0.005716363815521319,3.2138231033155082,-0.0034113606080663494,4.46542832263755
2024-03-15,2157.300048828125,25.200000762939453,7.676612741410463,-0.0026386845425951932,3.226844024792752,0.013020921477243874,4.449768716617712
2024-03-18,2160.699951171875,25.090999603271484,7.678187499653334,0.0015747582428708995,3.2225092002890348,-0.0043348245037173605,4.455678299364299
2024-03-19,2156.300048828125,24.964000701904297,7.676149091561022,-0.0020384080923117054,3.217434815188456,-0.00507438510057856,4.458714276372566
2024-03-20,2157.89990234375,24.933000564575195,7.676890760286194,0.0007416687251717846,3.216192249882692,-0.001242565305764387,4.460698510403502
2024-03-21,2182.39990234375,24.849000930786133,7.68818042290196,0.011289662615765472,3.212817547741926,-0.0033747021407659616,4.475362875160034
2024-03-22,2158.10009765625,24.691999435424805,7.676983529198448,-0.011196893703512067,3.2064792816669483,-0.006338266074977561,4.470504247531499
2024-03-25,2174.800048828125,24.7450008392334,7.684692007723543,0.007708478525095153,3.2086234823191204,0.0021442006521721346,4.476068525404422
2024-03-26,2175.60009765625,24.482999801635742,7.685059812435847,0.0003678047123045758,3.1979789910530934,-0.010644491266027067,4.487080821382754
2024-03-27,2190.60009765625,24.625,7.691930802469327,0.006870990033479352,3.2037621870581527,0.005783196005059388,4.488168615411174
2024-03-28,2217.39990234375,24.797000885009766,7.7040905732973695,0.01215977082804276,3.210722713802008,0.0069605267438550555,4.493367859495361
2024-04-01,2236.5,24.95400047302246,7.712667422872903,0.008576849575533174,3.2170341489446064,0.006311435142598576,4.495633273928297
2024-04-02,2261.0,25.804000854492188,7.72356247227797,0.010895049405067248,3.250529551784713,0.033495402840106436,4.473032920493257
2024-04-03,2294.39990234375,26.94499969482422,7.73822660784243,0.01466413556445989,3.293797740059582,0.043268188274869335,4.444428867782848
2024-04-04,2288.800048828125,27.139999389648438,7.735782963069405,-0.0024436447730247224,3.301008631917719,0.007210891858136836,4.4347743311516865
2024-04-05,2325.699951171875,27.399999618530273,7.751776326981187,0.015993363911781522,3.3105429994717714,0.009534367554052459,4.441233327509416
2024-04-08,2331.699951171875,27.711999893188477,7.754352873313949,0.002576546332762497,3.3218655285256826,0.011322529053911179,4.4324873447882664
2024-04-09,2343.5,27.891000747680664,7.759400817362761,0.005047944048811814,3.3283040829490678,0.0064385544233851455,4.431096734413693
2024-04-10,2329.60009765625,27.961000442504883,7.7534518999221165,-0.005948917440644408,3.3308106979309455,0.002506614981877764,4.422641201991171
2024-04-11,2354.800048828125,28.176000595092773,7.764211097889678,0.01075919796756164,3.3384705728744057,0.00765987494346021,4.425740525015272
2024-04-12,2356.199951171875,28.2549991607666,7.764805410088767,0.0005943121990892308,3.3412704033796863,0.0027998305052805428,4.423535006709081
2024-04-15,2365.800048828125,28.650999069213867,7.768871530750796,0.004066120662028716,3.3551883140785406,0.013917910698854286,4.413683216672256
2024-04-16,2390.800048828125,28.31800079345703,7.7793833373734405,0.010511806622644393,3.343497672882308,-0.011690641196232754,4.435885664491133
2024-04-17,2371.699951171875,28.34600067138672,7.771362255983032,-0.008021081390408469,3.3444859504301263,0.0009882775478184946,4.426876305552906
2024-04-18,2382.300048828125,28.32900047302246,7.775821707065487,0.004459451082454713,3.3438860316465058,-0.0005999187836205344,4.4319356754189805
2024-04-19,2398.39990234375,28.808000564575195,7.782557086631083,0.006735379565596666,3.3606531459444353,0.016767114297929542,4.421903940686648
2024-04-22,2332.199951171875,27.21299934387207,7.754567286149724,-0.02798980048135924,3.3036947761900897,-0.05695836975434565,4.450872509959634
2024-04-23,2327.699951171875,27.33099937438965,7.752635913591029,-0.0019313725586949104,3.3080215662084753,0.004326790018385651,4.444614347382554
2024-04-24,2324.5,27.323999404907227,7.751260241130639,-0.0013756724603899428,3.307765415090479,-0.00025615111799615065,4.44349482604016
2024-04-25,2329.800048828125,27.341999053955078,7.753537726923752,0.00227748579311271,3.3084239469093712,0.000658531818892083,4.445113780014381
2024-04-26,2334.800048828125,27.240999221801758,7.75568153424283,0.0021438073190775953,3.3047231627598506,-0.003700784149520686,4.4509583714829795
2024-04-29,2345.39990234375,27.37299919128418,7.760211200389609,0.004529666146779299,3.30955709656268,0.004833933802829371,4.450654103826929
2024-04-30,2291.39990234375,26.391000747680664,7.736918220840929,-0.023292979548680037,3.2730230712695425,-0.03653402529313743,4.463895149571386
2024-05-01,2299.89990234375,26.48900032043457,7.740620880250078,0.003702659409149156,3.2767295645739423,0.0037064933043997605,4.463891315676136
2024-05-02,2299.199951171875,26.58300018310547,7.740316494087754,-0.00030438616232419946,3.2802719206213413,0.0035423560473990534,4.460044573466412
2024-05-03,2299.0,26.44499969482422,7.740229524763182,-8.696932457219475e-05,3.275067092977925,-0.005204827643416454,4.465162431785257
2024-05-06,2321.60009765625,27.368999481201172,7.750011924194124,0.009782399430942057,3.3094109670757366,0.0343438740978117,4.440600957118387
2024-05-07,2315.199951171875,27.30299949645996,7.747251334786979,-0.0027605894071447423,3.3069965678206645,-0.0024143992550720306,4.440254766966314
2024-05-08,2313.60009765625,27.361000061035156,7.746560074174096,-0.000691260612883049,3.3091186440247635,0.0021220762040989882,4.437441430149333
2024-05-09,2332.10009765625,28.131999969482422,7.754524470072458,0.007964395898362397,3.3369077173609725,0.027789073336208947,4.417616752711486
2024-05-10,2367.300048828125,28.274999618530273,7.769505364821181,0.014980894748722662,3.3419780085107704,0.005070291149797956,4.42752735631041
2024-05-13,2336.10009765625,28.22100067138672,7.756238193054161,-0.01326717176702008,3.340066405448247,-0.0019116030625232483,4.416171787605913
2024-05-14,2353.39990234375,28.485000610351562,7.763616328534013,0.007378135479852332,3.3493776543594804,0.00931124891123325,4.414238674174532
2024-05-15,2388.699951171875,29.513999938964844,7.778504543444617,0.014888214910603992,3.3848647249732506,0.03548707061377021,4.3936398184713665
2024-05-16,2380.0,29.665000915527344,7.77485576666552,-0.0036487767790971404,3.389967930572812,0.005103205599561456,4.384887836092708
2024-05-17,2412.199951171875,31.047000885009766,7.788294452906988,0.013438686241467934,3.4355022138596296,0.04553428328681752,4.352792239047359
2024-05-20,2433.89990234375,32.20500183105469,7.797250147945767,0.0089556950387788,3.4721217768550763,0.036619562995446664,4.32512837109069
2024-05-21,2421.699951171875,31.868000030517578,7.792225031703708,-0.0050251162420584805,3.461602372475744,-0.010519404379332187,4.330622659227965
2024-05-22,2389.199951171875,31.295000076293945,7.7787138404211325,-0.01351119128257583,3.4434583428145604,-0.01814402966118367,4.335255497606572
2024-05-23,2335.0,30.284000396728516,7.755767170102998,-0.022946670318134466,3.410619533341328,-0.03283880947323237,4.34514763676167
2024-05-24,2332.5,30.329999923706055,7.754695932721499,-0.0010712373814989462,3.412137319185028,0.0015177858437001035,4.342558613536471
2024-05-28,2355.199951171875,31.97100067138672,7.764380907802506,0.009684975081007074,3.4648292629067945,0.05269194372176633,4.299551644895711
2024-05-29,2340.300048828125,32.202999114990234,7.7580344261264225,-0.0063464816760836484,3.47205958843017,0.007230325523375658,4.285974837696252
2024-05-30,2342.89990234375,31.38800048828125,7.75914471559081,0.001110289464387293,3.44642566982153,-0.025633918608640283,4.3127190457692794
2024-05-31,2322.89990234375,30.297000885009766,7.750571642020127,-0.008573073570683043,3.4110487269236645,-0.035376942897865415,4.339522915096462
2024-06-03,2346.60009765625,30.641000747680664,7.760722792605584,0.010151150585457458,3.4223390058168444,0.011290278893179906,4.338383786788739
2024-06-04,2325.5,29.488000869750977,7.751690348664152,-0.009032443941432433,3.383983430422549,-0.03835557539429546,4.367706918241603
2024-06-05,2354.10009765625,29.947999954223633,7.763913809285012,0.012223460620860216,3.3994625428399106,0.015479112417361662,4.364451266445101
2024-06-06,2370.300048828125,31.246999740600586,7.770771828996774,0.006858019711762253,3.4419233632725375,0.04246082043262689,4.328848465724237
2024-06-07,2305.199951171875,29.334999084472656,7.742922698380781,-0.027849130615993367,3.3787813111684364,-0.06314205210410107,4.364141387212344
2024-06-10,2307.699951171875,29.768999099731445,7.74400661535175,0.001083916970968879,3.3934675533584,0.014686242189963394,4.35053906199335
2024-06-11,2307.5,29.132999420166016,7.743919966377007,-8.664897474286448e-05,3.3718715323773303,-0.021596020981069497,4.372048433999677
2024-06-12,2336.0,30.176000595092773,7.756195343948118,0.012275377571111079,3.4070469261717777,0.03517539379444745,4.34914841777634
2024-06-13,2300.199951171875,28.989999771118164,7.740751333430707,-0.015444010517410511,3.3669509350383646,-0.04009599113341311,4.373800398392342
2024-06-14,2331.39990234375,29.402000427246094,7.754224182598346,0.013472849167638579,3.381062713772966,0.014111778734601454,4.37316146882538
2024-06-17,2312.39990234375,29.325000762939453,7.746041182976764,-0.008182999621581644,3.3784404205562293,-0.002622293216736793,4.367600762420535
2024-06-18,2330.39990234375,29.5049991607666,7.7537951637398645,0.007753980763100188,3.384559712065363,0.006119291509133706,4.369235451674502
2024-06-20,2353.800048828125,30.775999069213867,7.7637863431879435,0.009991179448078924,3.4267351352060977,0.04217542314073475,4.337051207981846
2024-06-21,2316.39990234375,29.572999954223633,7.747769493193004,-0.016016849994939797,3.3868617813468784,-0.03987335385921931,4.360907711846125
2024-06-24,2330.0,29.48900032043457,7.753623546559746,0.005854053366742384,3.384017323318543,-0.0028444580283353282,4.3696062232412025
2024-06-25,2316.60009765625,28.836999893188477,7.747855914653234,-0.005767631906511639,3.3616592811106893,-0.022358042207853757,4.386196633542545
2024-06-26,2299.199951171875,28.909000396728516,7.740316494087754,-0.007539420565480626,3.36415297904613,0.002493697935440853,4.376163515041624
2024-06-27,2324.5,28.917999267578125,7.751260241130639,0.010943747042885477,3.3644642132783917,0.0003112342322615369,4.386796027852247
2024-06-28,2327.699951171875,29.23699951171875,7.752635913591029,0.0013756724603899428,3.3754350137379165,0.01097080045952481,4.377200899853113
2024-07-01,2327.60009765625,29.299999237060547,7.7525930147382836,-4.2898852745665295e-05,3.377587489984132,0.0021524762462155067,4.375005524754151
2024-07-02,2323.0,29.35300064086914,7.750614732770409,-0.001978281967874196,3.379394777534484,0.001807287550351866,4.371219955235926
2024-07-03,2359.800048828125,30.54800033569336,7.766332169357455,0.015717436587046052,3.4192992280151833,0.03990445048069935,4.347032941342272
2024-07-05,2388.5,31.38800048828125,7.778420832830016,0.012088663472560768,3.44642566982153,0.027126441806346602,4.331995163008486
2024-07-08,2355.199951171875,30.618000030517578,7.764380907802506,-0.014039925027510058,3.4215880723066094,-0.02483759751492043,4.342792835495897
2024-07-09,2360.10009765625,30.77199935913086,7.766459311381319,0.0020784035788130595,3.4266051647703155,0.005017092463706074,4.339854146611003
2024-07-10,2372.199951171875,30.726999282836914,7.771573053011698,0.005113741630379032,3.4251417235657793,-0.001463441204536231,4.3464313294459185
2024-07-11,2415.0,31.393999099731445,7.789454566086673,0.017881513074974542,3.446616763176562,0.021475039610782787,4.342837802910111
2024-07-12,2414.0,30.88599967956543,7.789040401657477,-0.00041416442919572916,3.430302996426058,-0.01631376675050422,4.35873740523142
2024-07-15,2422.89990234375,30.672000885009766,7.7927204085078605,0.0036800068503834993,3.423350215157284,-0.0069527812687737445,4.369370193350576
2024-07-16,2462.39990234375,31.19499969482422,7.808891723425643,0.016171314917782453,3.4402578157799066,0.01690760062262253,4.368633907645736
2024-07-17,2454.800048828125,30.136999130249023,7.805800590405819,-0.0030911330198239995,3.405753623883461,-0.03450419189644549,4.400046966522358
2024-07-18,2451.800048828125,29.9950008392334,7.804577747576109,-0.0012228428297103022,3.401030729084166,-0.004722894799295219,4.403547018491943
2024-07-19,2395.5,29.08799934387207,7.781347256323177,-0.02323049125293153,3.3703256954384146,-0.03070503364575128,4.4110215608847625
2024-07-22,2392.0,29.124000549316406,7.779885115070522,-0.0014621412526549804,3.3715625953937614,0.0012368999553467042,4.40832251967676
2024-07-23,2404.60009765625,29.131999969482422,7.785138889153072,0.005253774082549789,3.3718372253081066,0.00027462991434523687,4.413301663844965
2024-07-24,2413.300048828125,29.115999221801758,7.788750404694495,0.003611515541423138,3.371287824528499,-0.0005494007796076339,4.417462580165996
2024-07-25,2351.89990234375,27.80699920654297,7.76297874958556,-0.025771655108934866,3.32528775902737,-0.046000065501128784,4.43769099055819
2024-07-26,2380.0,27.860000610351562,7.77485576666552,0.011877017079959806,3.3271919902594687,0.0019042312320984855,4.447663776406051
2024-07-29,2377.300048828125,27.702999114990234,7.773720689443547,-0.0011350772219733685,3.3215406786316652,-0.0056513116278034126,4.452180010811881
2024-07-30,2405.0,28.364999771118164,7.785305182539862,0.01158449309631493,3.3451559827093664,0.023615304077701182,4.440149199830495
2024-07-31,2426.5,28.777999877929688,7.794205168845271,0.008899986305409335,3.359611202099433,0.014455219390066443,4.4345939667458385
2024-08-01,2435.0,28.33099937438965,7.79770203551669,0.003496866671419241,3.3439565894076564,-0.01565461269177648,4.453745446109034
2024-08-02,2425.699951171875,28.246000289916992,7.793875401381676,-0.00382663413501394,3.3409518649108736,-0.0030047244967827957,4.452923536470802
2024-08-05,2401.699951171875,27.076000213623047,7.783932078589066,-0.009943322792610232,3.2986477345361176,-0.042304130374756,4.485284344052948
2024-08-06,2389.10009765625,27.09600067138672,7.778672045843722,-0.005260032745344034,3.2993861402935454,0.0007384057574277847,4.479285905550176
2024-08-07,2390.5,26.829999923706055,7.779257828066158,0.0005857822224362152,3.2895206615939268,-0.009865478699618624,4.489737166472231
2024-08-08,2422.199951171875,27.5,7.792431476928365,0.013173648862206733,3.3141860046725258,0.024665343078599022,4.478245472255839
2024-08-09,2432.10009765625,27.48699951171875,7.796510400814827,0.004078923886462249,3.3137131478649553,-0.00047285680757047643,4.482797252949872
2024-08-12,2462.39990234375,27.91699981689453,7.808891723425643,0.012381322610815815,3.329235815705365,0.015522667840409898,4.479655907720278
2024-08-13,2466.699951171875,27.69499969482422,7.8106364841514395,0.0017447607257965458,3.321251880465902,-0.007983935239463058,4.489384603685537
2024-08-14,2439.39990234375,27.253999710083008,7.79950734637624,-0.011129137775199638,3.3052002886900347,-0.016051591775867458,4.494307057686205
2024-08-15,2453.10009765625,28.341999053955078,7.805107849645363,0.005600503269123536,3.3443447700230675,0.03914448133303283,4.460763079622296
2024-08-16,2498.60009765625,28.777999877929688,7.823485893082116,0.0183780434367522,3.359611202099433,0.015266432076365355,4.463874690982683
2024-08-19,2501.800048828125,29.239999771118164,7.824765771297838,0.0012798782157226185,3.3755376270538817,0.015926424954448848,4.449228144243957
2024-08-20,2511.300048828125,29.454999923706055,7.828555845777486,0.0037900744796477426,3.382863672383464,0.007326045329582254,4.445692173394022
2024-08-21,2508.39990234375,29.47599983215332,7.827400339737175,-0.001155506040310783,3.3835763672104022,0.0007126948269382538,4.443823972526773
2024-08-22,2478.89990234375,29.006000518798828,7.8155701529802535,-0.011830186756921712,3.3675027230239722,-0.01607364418642998,4.448067429956281
2024-08-23,2508.39990234375,29.785999298095703,7.827400339737175,0.011830186756921712,3.3940384608987695,0.02653573787479724,4.433361878838406
2024-08-26,2517.699951171875,29.976999282836914,7.831101045936028,0.0037007061988525436,3.4004303970325256,0.006391936133756104,4.430670648903503
2024-08-27,2516.0,29.951000213623047,7.830425617820331,-0.0006754281156968744,3.3995627201181127,-0.0008676769144129182,4.430862897702218
2024-08-28,2501.0,29.176000595092773,7.824445930877619,-0.0059796869427115595,3.3733464739030325,-0.02621624621508012,4.451099456974587
2024-08-29,2525.699951171875,29.55699920654297,7.834273511679216,0.009827580801596625,3.386320575586746,0.012974101683713268,4.44795293609247
2024-08-30,2493.800048828125,28.731000900268555,7.821562950142294,-0.012710561536922071,3.357976710541988,-0.02834386504475761,4.463586239600305
2024-09-03,2489.89990234375,27.951000213623047,7.819997788788769,-0.00156516135352458,3.330452984779167,-0.02752372576282136,4.489544804009602
2024-09-04,2493.39990234375,28.16699981689453,7.821402480744976,0.0014046919562069604,3.3381510734438113,0.007698088664644498,4.4832514073011644
2024-09-05,2511.39990234375,28.719999313354492,7.828595606669679,0.00719312592470267,3.3575937202717534,0.019442646827942056,4.471001886397925
2024-09-06,2493.5,27.808000564575195,7.821442624986177,-0.007152981683502091,3.3253237693855993,-0.03226995088615414,4.496118855600578
2024-09-09,2501.800048828125,28.291000366210938,7.824765771297838,0.003323146311661418,3.342543745812745,0.017219976427145678,4.482222025485093
2024-09-10,2512.300048828125,28.256999969482422,7.828953966644502,0.00418819534666337,3.341341213428789,-0.0012025323839557345,4.487612753215712
2024-09-11,2512.10009765625,28.562999725341797,7.82887437458728,-7.95920572214115e-05,3.3521121643557903,0.010770950927001088,4.47676221023149
2024-09-12,2551.199951171875,29.743000030517578,7.84431909655657,0.015444721969290143,3.3925938112140304,0.04048164685824007,4.45172528534254
2024-09-13,2581.300048828125,30.698999404907227,7.856048445897884,0.011729349341313977,3.424230061387967,0.03163625017393645,4.431818384509917
2024-09-16,2580.39990234375,30.770999908447266,7.8556996668126935,-0.0003487790851908201,3.426572685018091,0.002342623630124052,4.429126981794603
2024-09-17,2564.300048828125,30.618999481201172,7.849440834917736,-0.00625883189495724,3.421620714359344,-0.004951970658746863,4.427820120558392
2024-09-18,2570.699951171875,30.340999603271484,7.851933495349086,0.002492660431349769,3.4124999200906245,-0.009120794268719479,4.4394335752584615
2024-09-19,2588.0,31.0939998626709,7.858640655620791,0.006707160271704815,3.4370148701109704,0.02451495002034587,4.42162578550982
2024-09-20,2619.89990234375,31.176000595092773,7.870891390812996,0.012250735192204765,3.4396485871245774,0.00263371701360704,4.431242803688418
2024-09-23,2626.5,30.767000198364258,7.873407440394017,0.0025160495810210293,3.426442693465499,-0.013205893659078427,4.446964746928518
2024-09-24,2651.199951171875,32.111000061035156,7.882767628254931,0.009360187860914415,3.469198652463369,0.0427559589978701,4.413568975791562
2024-09-25,2659.199951171875,31.697999954223633,7.885780586299169,0.0030129580442377346,3.4562535859660932,-0.012945066497275892,4.429527000333076
2024-09-26,2669.89990234375,32.025001525878906,7.889796260932641,0.004015674633472521,3.466516895429289,0.010263309463195647,4.423279365503353
2024-09-27,2644.300048828125,31.518999099731445,7.880161677448205,-0.009634583484436021,3.4505905100353504,-0.015926385393938425,4.429571167412854
2024-09-30,2636.10009765625,31.163999557495117,7.877055868215637,-0.003105809232568646,3.439263568269379,-0.011326941765971377,4.437792299946258
2024-10-01,2667.300048828125,31.44499969482422,7.888822022101402,0.011766153885765185,3.448239978290401,0.008976410021022119,4.440582043811
2024-10-02,2647.10009765625,31.628000259399414,7.881220017022597,-0.007602005078805263,3.454042812410256,0.005802834119854605,4.427177204612341
2024-10-03,2657.10009765625,32.18899917602539,7.884990618236591,0.003770601213994418,3.471624753681847,0.017581941271591184,4.413365864554744
2024-10-04,2645.800048828125,32.12799835205078,7.880728774483236,-0.00426184375335481,3.4697278727760223,-0.0018968809058246272,4.411000901707213
2024-10-07,2644.800048828125,31.7450008392334,7.880350745528695,-0.0003780289545414206,3.457735259059124,-0.011992613716898415,4.422615486469571
2024-10-08,2615.0,30.354999542236328,7.869019376499023,-0.011331369029671912,3.4129612335020587,-0.04477402555706522,4.456058142996964
2024-10-09,2606.0,30.424999237060547,7.8655717576847906,-0.0034476188142322783,3.41526461379752,0.002303380295461288,4.4503071438872706
2024-10-10,2620.60009765625,31.0049991607666,7.871158615435328,0.005586857750537355,3.4341484547341614,0.018883840936641416,4.437010160701167
2024-10-11,2657.60009765625,31.520000457763672,7.88517877560506,0.014020160169732065,3.4506222795126376,0.016473824778476143,4.434556496092423
2024-10-14,2647.800048828125,31.08300018310547,7.881484403944573,-0.003694371660486695,3.43666105182858,-0.013961227684057498,4.444823352115993
2024-10-15,2661.39990234375,31.527000427246094,7.886607542416078,0.005123138471504696,3.450844335103321,0.014183283274741054,4.435763207312757
2024-10-16,2674.0,31.760000228881836,7.891330757661889,0.0047232152458107635,3.458207643585542,0.007363308482220887,4.433123114076347
2024-10-17,2691.0,31.572999954223633,7.897668150726906,0.006337393065017238,3.4523023235295653,-0.005905320055976659,4.445365827197341
2024-10-18,2713.699951171875,33.03200149536133,7.90606827834049,0.008400127613583663,3.4974768338538693,0.045174510324303974,4.40859144448662
2024-10-21,2723.10009765625,33.86899948120117,7.909526252062851,0.0034579737223614515,3.522500126422926,0.025023292569056554,4.387026125639926
2024-10-22,2744.199951171875,34.83100128173828,7.917244854693865,0.007718602631014093,3.550507831645963,0.02800770522303697,4.366737023047902
2024-10-23,2714.39990234375,33.63999938964844,7.906326177492916,-0.010918677200948856,3.5157158169611216,-0.03479201468484128,4.390610360531795
2024-10-24,2734.89990234375,33.611000061035156,7.913850115408907,0.007523937915991041,3.514853396160017,-0.0008624208011047685,4.39899671924889
2024-10-25,2740.89990234375,33.60300064086914,7.91604157697261,0.0021914615637026458,3.5146153677694953,-0.00023802839052144975,4.401426209203114
2024-10-28,2742.89990234375,33.83000183105469,7.916770998235205,0.0007294212625952312,3.521348036917791,0.0067326691482958445,4.395422961317414
2024-10-29,2768.39990234375,34.26900100708008,7.926024779692368,0.009253781457163157,3.5342411848074144,0.012893147889623258,4.391783594884954
2024-10-30,2788.5,33.91400146484375,7.933259095829609,0.007234316137240349,3.523827951677827,-0.010413233129587418,4.409431144151782
2024-10-31,2738.300048828125,32.65299987792969,7.915092586706181,-0.018166509123427765,3.4859367313770777,-0.03789122030074932,4.429155855329103
2024-11-01,2738.60009765625,32.54199981689453,7.91520215555732,0.0001095688511387749,3.4825315570903843,-0.003405174286693402,4.4326705984669355
2024-11-04,2736.10009765625,32.47999954223633,7.914288863473888,-0.000913292083431827,3.480624501199768,-0.0019070558906162383,4.43366436227412
2024-11-05,2740.300048828125,32.654998779296875,7.915822700258254,0.0015338367843664713,3.485997945972806,0.0053734447730380275,4.429824754285448
2024-11-06,2667.60009765625,31.22100067138672,7.888934507366431,-0.026888192891822982,3.441090966828163,-0.044906979144643255,4.447843540538269
2024-11-07,2698.39990234375,31.764999389648438,7.900414247557012,0.0114797401905804,3.458365035503903,0.017274068675740217,4.442049212053108
2024-11-08,2687.5,31.358999252319336,7.896366672435918,-0.004047575121093772,3.4455012833760614,-0.012863752127841632,4.450865389059857
2024-11-11,2611.199951171875,30.540000915527344,7.867565146070291,-0.02880152636562716,3.4190373297684604,-0.02646395360760101,4.44852781630183
2024-11-12,2600.0,30.68600082397461,7.8632667240095735,-0.0042984220607173995,3.4238065513748226,0.004769221606362173,4.439460172634751
2024-11-13,2580.800048828125,30.59000015258789,7.8558547262907075,-0.007411997718866026,3.4206731631509744,-0.0031333882238482325,4.435181563139733
2024-11-14,2568.199951171875,30.507999420166016,7.850960524384587,-0.004894201906120443,3.4179889252960267,-0.0026842378549476464,4.43297159908856
2024-11-15,2565.699951171875,30.371000289916992,7.849986605825533,-0.0009739185590538213,3.4134882152922374,-0.0045007100037892656,4.436498390533296
2024-11-18,2610.60009765625,31.163000106811523,7.867335396362277,0.017348790536743763,3.439231497074261,0.02574328178202334,4.428103899288017
2024-11-19,2627.10009765625,31.20800018310547,7.873635892368931,0.006300496006653944,3.440674478071616,0.001442980997355292,4.432961414297315
2024-11-20,2648.199951171875,30.95599937438965,7.881635424467425,0.007999532098494022,3.4325668211985487,-0.00810765687306736,4.449068603268876
2024-11-21,2672.10009765625,30.91200065612793,7.890619995652563,0.00898457118513818,3.431144479255778,-0.0014223419427707995,4.459475516396785
2024-11-22,2709.89990234375,31.30900001525879,7.904666976787061,0.01404698113449765,3.443905596637886,0.012761117382108278,4.460761380149174
2024-11-25,2616.800048828125,30.209999084472656,7.869707494883653,-0.034959481903407585,3.40817296509314,-0.03573263154474615,4.461534529790513
2024-11-26,2620.300048828125,30.38800048828125,7.87104411265143,0.0013366177677767155,3.414047809709201,0.005874844616061026,4.456996302942229
2024-11-27,2639.89990234375,30.111000061035156,7.878496279642658,0.007452166991227749,3.4048905555267783,-0.009157254182422747,4.473605724115879
2024-11-29,2657.0,30.684999465942383,7.884952945759814,0.006456666117156118,3.4237739184365426,0.018883362909764223,4.461179027323271
2024-12-02,2634.89990234375,30.448999404907227,7.876600472528579,-0.008352473231235003,3.416053133350223,-0.007720785086319459,4.460547339178356
2024-12-03,2644.699951171875,31.07699966430664,7.880312897846962,0.003712425318383339,3.4364679849420874,0.02041485159186429,4.443844912904875
2024-12-04,2653.800048828125,31.5049991607666,7.88374787250166,0.0034349746546977755,3.450146236755917,0.013678251813829423,4.4336016357457435
2024-12-05,2626.60009765625,31.134000778198242,7.873445550330778,-0.010302322170882228,3.4383004946087827,-0.011845742147134075,4.4351450557219945
2024-12-06,2638.60009765625,31.18600082397461,7.8780037894603065,0.004558239129528907,3.4399693025839917,0.0016688079752089635,4.438034486876315
2024-12-09,2664.89990234375,32.215999603271484,7.887921775798393,0.009917986338086493,3.4724632112345106,0.03249390865051893,4.415458564563883
2024-12-10,2697.60009765625,32.362998962402344,7.900117804008696,0.012196028210302856,3.477015762877761,0.004552551643250524,4.423102041130935
2024-12-11,2733.800048828125,32.5620002746582,7.913447879579452,0.013330075570755717,3.483145972744253,0.006130209866491931,4.430301906835199
2024-12-12,2687.5,31.22800064086914,7.896366672435918,-0.01708120714353356,3.4413151487803044,-0.04183082396394866,4.455051523655614
2024-12-13,2656.0,30.655000686645508,7.884576510596324,-0.011790161839593694,3.422795803613787,-0.018519345166517542,4.4617807069825375
2024-12-16,2651.39990234375,30.69700050354004,7.882843044532792,-0.0017334660635324184,3.4241649463521058,0.0013691427383188959,4.458678098180686
2024-12-17,2644.39990234375,30.572999954223633,7.880199438529968,-0.002643606002823873,3.420117265017385,-0.004047681334720554,4.460082173512583
2024-12-18,2636.5,30.40999984741211,7.877207558970524,-0.0029918795594436887,3.414771496671585,-0.005345768345800028,4.46243606229894
2024-12-19,2592.199951171875,29.0939998626709,7.860262196152717,-0.016945362817807563,3.370531962631084,-0.044239534040501294,4.489730233521633
2024-12-20,2628.699951171875,29.65999984741211,7.874244687814029,0.013982491661312046,3.389799331565218,0.019267368934134055,4.484445356248811
2024-12-23,2612.300048828125,29.88800048828125,7.86798635701028,-0.006258330803748713,3.3974570783834652,0.0076577468182472685,4.470529278626815
2024-12-24,2620.0,29.974000930786133,7.8709295967551425,0.002943239744862325,3.400330370275921,0.002873291892455665,4.470599226479221
2024-12-26,2638.800048828125,30.047000885009766,7.878079565852628,0.0071499690974858865,3.4027628518410413,0.002432481565120437,4.475316714011587
2024-12-27,2617.199951171875,29.655000686645508,7.869860304338956,-0.008219261513672471,3.3896307684451497,-0.01313208339589167,4.480229535893806
2024-12-30,2606.10009765625,29.106000900268555,7.865610167406165,-0.004250136932791193,3.3709443694218204,-0.018686399023329248,4.494665797984345
