Date,gold,silver
2000-08-30,273.8999938964844,4.929999828338623
2000-08-31,278.29998779296875,5.002999782562256
2000-09-01,277.0,5.004000186920166
2000-09-05,275.79998779296875,4.998000144958496
2000-09-06,274.20001220703125,4.982999801635742
2000-09-07,274.0,4.934999942779541
2000-09-08,273.29998779296875,4.922999858856201
2000-09-11,273.1000061035156,4.885000228881836
2000-09-12,272.8999938964844,4.908999919891357
2000-09-13,272.79998779296875,4.892000198364258
2000-09-14,272.3999938964844,4.888000011444092
2000-09-15,272.29998779296875,4.868000030517578
2000-09-18,271.3999938964844,4.875999927520752
2000-09-19,271.8999938964844,4.882999897003174
2000-09-20,269.0,4.829999923706055
2000-09-21,270.29998779296875,4.872000217437744
2000-09-22,271.79998779296875,4.909999847412109
2000-09-25,274.1000061035156,4.914999961853027
2000-09-26,273.8999938964844,4.931000232696533
2000-09-27,278.3999938964844,4.9679999351501465
2000-09-28,275.6000061035156,4.953000068664551
2000-09-29,273.6000061035156,4.89900016784668
2000-10-02,273.1000061035156,4.906000137329102
2000-10-03,271.6000061035156,4.913000106811523
2000-10-04,270.29998779296875,4.874000072479248
2000-10-05,270.6000061035156,4.888999938964844
2000-10-06,269.29998779296875,4.882999897003174
2000-10-09,270.1000061035156,4.885000228881836
2000-10-10,272.3999938964844,4.918000221252441
2000-10-11,270.5,4.869999885559082
2000-10-12,276.3999938964844,4.922999858856201
2000-10-13,272.3999938964844,4.882999897003174
2000-10-16,271.5,4.88100004196167
2000-10-17,271.1000061035156,4.8429999351501465
2000-10-18,270.29998779296875,4.853000164031982
2000-10-19,270.1000061035156,4.828000068664551
2000-10-20,271.20001220703125,4.828000068664551
2000-10-23,270.1000061035156,4.785999774932861
2000-10-24,270.1000061035156,4.798999786376953
2000-10-25,266.20001220703125,4.763999938964844
2000-10-26,264.8999938964844,4.730999946594238
2000-10-27,264.3999938964844,4.745999813079834
2000-10-30,264.29998779296875,4.748000144958496
2000-10-31,264.8999938964844,4.754000186920166
2000-11-01,263.8999938964844,4.77400016784668
2000-11-02,264.3999938964844,4.710999965667725
2000-11-03,264.6000061035156,4.741000175476074
2000-11-06,264.5,4.761000156402588
2000-11-07,264.29998779296875,4.7210001945495605
2000-11-08,265.0,4.738999843597412
2000-11-09,265.79998779296875,4.749000072479248
2000-11-10,264.5,4.706999778747559
2000-11-13,264.29998779296875,4.671999931335449
2000-11-14,264.8999938964844,4.678999900817871
2000-11-15,265.1000061035156,4.671999931335449
2000-11-16,265.79998779296875,4.659999847412109
2000-11-17,265.70001220703125,4.644999980926514
2000-11-20,266.29998779296875,4.642000198364258
2000-11-21,265.70001220703125,4.626999855041504
2000-11-22,266.29998779296875,4.625
2000-11-27,270.1000061035156,4.695000171661377
2000-11-28,269.79998779296875,4.697999954223633
2000-11-29,266.3999938964844,4.614999771118164
2000-11-30,270.1000061035156,4.673999786376953
2000-12-01,268.70001220703125,4.639999866485596
2000-12-04,270.70001220703125,4.714000225067139
2000-12-05,270.3999938964844,4.703999996185303
2000-12-06,274.29998779296875,4.754000186920166
2000-12-07,273.20001220703125,4.723999977111816
2000-12-08,272.20001220703125,4.6479997634887695
2000-12-11,270.20001220703125,4.656000137329102
2000-12-12,270.29998779296875,4.659999847412109
2000-12-13,268.6000061035156,4.623000144958496
2000-12-14,269.0,4.5980000495910645
2000-12-15,270.3999938964844,4.563000202178955
2000-12-18,269.70001220703125,4.574999809265137
2000-12-19,269.70001220703125,4.585000038146973
2000-12-20,272.5,4.5960001945495605
2000-12-21,273.70001220703125,4.598999977111816
2000-12-22,273.70001220703125,4.611000061035156
2000-12-26,274.1000061035156,4.623000144958496
2000-12-27,275.20001220703125,4.583000183105469
2000-12-28,271.70001220703125,4.586999893188477
2000-12-29,272.0,4.585000038146973
2001-01-02,268.3999938964844,4.545000076293945
2001-01-03,268.0,4.489999771118164
2001-01-04,267.29998779296875,4.5320000648498535
2001-01-05,268.0,4.554999828338623
2001-01-08,268.0,4.545000076293945
2001-01-09,267.5,4.550000190734863
2001-01-10,264.70001220703125,4.534999847412109
2001-01-11,264.0,4.557000160217285
2001-01-12,263.8999938964844,4.622000217437744
2001-01-16,263.29998779296875,4.677000045776367
2001-01-17,263.20001220703125,4.710000038146973
2001-01-18,264.20001220703125,4.794000148773193
2001-01-19,264.29998779296875,4.749000072479248
2001-01-22,266.3999938964844,4.77400016784668
2001-01-23,266.1000061035156,4.776000022888184
2001-01-24,264.29998779296875,4.76800012588501
2001-01-25,264.5,4.784999847412109
2001-01-26,262.79998779296875,4.804999828338623
2001-01-29,262.79998779296875,4.802999973297119
2001-01-30,265.5,4.796000003814697
2001-01-31,265.6000061035156,4.790999889373779
2001-02-01,268.5,4.789999961853027
2001-02-02,267.1000061035156,4.76800012588501
2001-02-05,265.20001220703125,4.677999973297119
2001-02-06,263.29998779296875,4.6529998779296875
2001-02-07,262.79998779296875,4.611000061035156
2001-02-08,260.1000061035156,4.559999942779541
2001-02-09,259.8999938964844,4.552999973297119
2001-02-12,260.70001220703125,4.552999973297119
2001-02-13,260.29998779296875,4.552999973297119
2001-02-14,259.3999938964844,4.579999923706055
2001-02-15,255.10000610351562,4.513000011444092
2001-02-16,258.20001220703125,4.48799991607666
2001-02-20,256.1000061035156,4.418000221252441
2001-02-21,258.20001220703125,4.406000137329102
2001-02-22,258.5,4.413000106811523
2001-02-23,260.8999938964844,4.431000232696533
2001-02-26,265.79998779296875,4.442999839782715
2001-02-27,267.3999938964844,4.414000034332275
2001-02-28,266.79998779296875,4.4720001220703125
2001-03-01,265.20001220703125,4.394999980926514
2001-03-02,262.1000061035156,4.419000148773193
2001-03-05,262.5,4.415999889373779
2001-03-06,259.8999938964844,4.4079999923706055
2001-03-07,261.3999938964844,4.427999973297119
2001-03-08,265.3999938964844,4.47599983215332
2001-03-09,270.79998779296875,4.48799991607666
2001-03-12,271.6000061035156,4.408999919891357
2001-03-13,266.79998779296875,4.419000148773193
2001-03-14,262.5,4.427999973297119
2001-03-15,260.0,4.324999809265137
2001-03-16,258.1000061035156,4.288000106811523
2001-03-19,259.79998779296875,4.295000076293945
2001-03-20,260.5,4.328000068664551
2001-03-21,261.8999938964844,4.322999954223633
2001-03-22,261.1000061035156,4.334000110626221
2001-03-23,261.5,4.3420000076293945
2001-03-26,261.8999938964844,4.359000205993652
2001-03-27,261.0,4.414000034332275
2001-03-28,259.70001220703125,4.354000091552734
2001-03-29,258.79998779296875,4.317999839782715
2001-03-30,257.8999938964844,4.2779998779296875
2001-04-02,255.60000610351562,4.297999858856201
2001-04-03,256.79998779296875,4.296000003814697
2001-04-04,258.3999938964844,4.322999954223633
2001-04-05,258.1000061035156,4.341000080108643
2001-04-06,260.0,4.321000099182129
2001-04-09,258.29998779296875,4.301000118255615
2001-04-10,257.29998779296875,4.310999870300293
2001-04-11,258.70001220703125,4.353000164031982
2001-04-12,260.1000061035156,4.357999801635742
2001-04-16,263.29998779296875,4.432000160217285
2001-04-17,261.1000061035156,4.360000133514404
2001-04-18,261.29998779296875,4.35699987411499
2001-04-19,265.29998779296875,4.419000148773193
2001-04-20,264.79998779296875,4.434999942779541
2001-04-23,263.70001220703125,4.434999942779541
2001-04-24,264.1000061035156,4.447999954223633
2001-04-25,262.3999938964844,4.364999771118164
2001-04-26,264.3999938964844,4.376999855041504
2001-04-27,263.8999938964844,4.35699987411499
2001-04-30,264.0,4.320000171661377
2001-05-01,264.3999938964844,4.349999904632568
2001-05-02,265.3999938964844,4.360000133514404
2001-05-03,266.29998779296875,4.329999923706055
2001-05-04,266.1000061035156,4.327000141143799
2001-05-07,266.1000061035156,4.294000148773193
2001-05-08,265.1000061035156,4.303999900817871
2001-05-09,270.0,4.386000156402588
2001-05-10,269.1000061035156,4.322999954223633
2001-05-11,267.8999938964844,4.309999942779541
2001-05-14,268.29998779296875,4.331999778747559
2001-05-15,268.1000061035156,4.295000076293945
2001-05-16,272.0,4.438000202178955
2001-05-17,273.6000061035156,4.46999979019165
2001-05-18,287.3999938964844,4.552000045776367
2001-05-21,285.3999938964844,4.526000022888184
2001-05-22,285.1000061035156,4.544000148773193
2001-05-23,283.6000061035156,4.559999942779541
2001-05-24,279.1000061035156,4.603000164031982
2001-05-25,277.8999938964844,4.563000202178955
2001-05-29,273.79998779296875,4.5229997634887695
2001-05-30,265.70001220703125,4.422999858856201
2001-05-31,265.29998779296875,4.395999908447266
2001-06-01,266.3999938964844,4.408999919891357
2001-06-04,264.8999938964844,4.321000099182129
2001-06-05,265.70001220703125,4.328999996185303
2001-06-06,265.70001220703125,4.328000068664551
2001-06-07,266.0,4.322999954223633
2001-06-08,273.3999938964844,4.357999801635742
2001-06-11,267.8999938964844,4.326000213623047
2001-06-12,271.5,4.364999771118164
2001-06-13,272.0,4.40500020980835
2001-06-14,275.29998779296875,4.460000038146973
2001-06-15,271.20001220703125,4.39300012588501
2001-06-18,272.3999938964844,4.414999961853027
2001-06-19,273.3999938964844,4.39300012588501
2001-06-20,272.3999938964844,4.3379998207092285
2001-06-21,272.6000061035156,4.315999984741211
2001-06-22,272.29998779296875,4.298999786376953
2001-06-25,273.70001220703125,4.294000148773193
2001-06-26,276.20001220703125,4.343999862670898
2001-06-27,272.1000061035156,4.304999828338623
2001-06-28,269.29998779296875,4.293000221252441
2001-06-29,270.6000061035156,4.291999816894531
2001-07-02,269.3999938964844,4.2769999504089355
2001-07-03,267.6000061035156,4.243000030517578
2001-07-05,265.1000061035156,4.208000183105469
2001-07-06,265.8999938964844,4.235000133514404
2001-07-09,266.5,4.2129998207092285
2001-07-10,266.20001220703125,4.235000133514404
2001-07-11,268.29998779296875,4.23199987411499
2001-07-12,266.6000061035156,4.241000175476074
2001-07-13,267.1000061035156,4.2820000648498535
2001-07-16,266.8999938964844,4.186999797821045
2001-07-17,268.1000061035156,4.224999904632568
2001-07-18,270.3999938964844,4.264999866485596
2001-07-19,269.3999938964844,4.2179999351501465
2001-07-20,269.8999938964844,4.218999862670898
2001-07-23,268.79998779296875,4.238999843597412
2001-07-24,269.70001220703125,4.239999771118164
2001-07-25,267.70001220703125,4.2129998207092285
2001-07-26,266.20001220703125,4.2220001220703125
2001-07-27,267.3999938964844,4.202000141143799
2001-07-30,264.6000061035156,4.190000057220459
2001-07-31,266.20001220703125,4.210000038146973
2001-08-01,267.3999938964844,4.2170000076293945
2001-08-02,267.3999938964844,4.21999979019165
2001-08-03,267.8999938964844,4.2129998207092285
2001-08-06,267.1000061035156,4.177999973297119
2001-08-07,267.20001220703125,4.1579999923706055
2001-08-08,267.8999938964844,4.138000011444092
2001-08-09,273.3999938964844,4.204999923706055
2001-08-10,273.8999938964844,4.135000228881836
2001-08-13,275.70001220703125,4.136000156402588
2001-08-14,276.29998779296875,4.190999984741211
2001-08-15,275.70001220703125,4.144000053405762
2001-08-16,275.20001220703125,4.190000057220459
2001-08-17,279.29998779296875,4.256999969482422
2001-08-20,276.1000061035156,4.144999980926514
2001-08-21,275.0,4.184999942779541
2001-08-22,274.8999938964844,4.202000141143799
2001-08-23,275.29998779296875,4.214000225067139
2001-08-24,272.5,4.182000160217285
2001-08-27,272.6000061035156,4.193999767303467
2001-08-28,272.29998779296875,4.179999828338623
2001-08-29,273.70001220703125,4.182000160217285
2001-08-30,275.3999938964844,4.156000137329102
2001-08-31,274.3999938964844,4.1620001792907715
2001-09-04,271.6000061035156,4.142000198364258
2001-09-05,272.0,4.14900016784668
2001-09-06,273.0,4.1479997634887695
2001-09-07,273.1000061035156,4.144000053405762
2001-09-10,271.6000061035156,4.156000137329102
2001-09-11,,4.175000190734863
2001-09-14,290.20001220703125,4.293000221252441
2001-09-17,289.79998779296875,4.382999897003174
2001-09-18,288.1000061035156,4.442999839782715
2001-09-19,291.5,4.7179999351501465
2001-09-20,289.0,4.510000228881836
2001-09-21,291.8999938964844,4.5920000076293945
2001-09-24,289.70001220703125,4.570000171661377
2001-09-25,290.5,4.521999835968018
2001-09-26,293.29998779296875,4.599999904632568
2001-09-27,291.70001220703125,4.579999923706055
2001-09-28,292.3999938964844,4.646999835968018
2001-10-01,292.20001220703125,4.638999938964844
2001-10-02,289.8999938964844,4.622000217437744
2001-10-03,290.5,4.60699987411499
2001-10-04,290.5,4.63700008392334
2001-10-05,291.3999938964844,4.664999961853027
2001-10-08,292.3999938964844,4.650000095367432
2001-10-09,288.8999938964844,4.53000020980835
2001-10-10,285.70001220703125,4.418000221252441
2001-10-11,281.79998779296875,4.4029998779296875
2001-10-12,284.8999938964844,4.447999954223633
2001-10-15,282.1000061035156,4.370999813079834
2001-10-16,282.29998779296875,4.322999954223633
2001-10-17,283.3999938964844,4.3480000495910645
2001-10-18,279.20001220703125,4.243000030517578
2001-10-19,280.1000061035156,4.257999897003174
2001-10-22,275.5,4.21999979019165
2001-10-23,276.1000061035156,4.228000164031982
2001-10-24,275.8999938964844,4.203000068664551
2001-10-25,277.79998779296875,4.208000183105469
2001-10-26,277.8999938964844,4.203000068664551
2001-10-29,279.1000061035156,4.230999946594238
2001-10-30,280.6000061035156,4.251999855041504
2001-10-31,279.5,4.214000225067139
2001-11-01,279.70001220703125,4.196000099182129
2001-11-02,279.79998779296875,4.098999977111816
2001-11-05,278.5,4.086999893188477
2001-11-06,279.70001220703125,4.107999801635742
2001-11-07,281.0,4.118000030517578
2001-11-08,276.79998779296875,4.067999839782715
2001-11-09,277.3999938964844,4.070000171661377
2001-11-12,278.29998779296875,4.107999801635742
2001-11-13,277.79998779296875,4.135000228881836
2001-11-14,277.79998779296875,4.138000011444092
2001-11-15,275.1000061035156,4.105999946594238
2001-11-16,274.70001220703125,4.0929999351501465
2001-11-19,272.70001220703125,4.056000232696533
2001-11-20,273.0,4.047999858856201
2001-11-21,272.8999938964844,4.0329999923706055
2001-11-26,272.29998779296875,4.026000022888184
2001-11-27,273.20001220703125,4.038000106811523
2001-11-28,274.1000061035156,4.11299991607666
2001-11-29,273.5,4.063000202178955
2001-11-30,273.8999938964844,4.127999782562256
2001-12-03,276.8999938964844,4.199999809265137
2001-12-04,275.3999938964844,4.127999782562256
2001-12-05,273.70001220703125,4.176000118255615
2001-12-06,274.20001220703125,4.2170000076293945
2001-12-07,273.8999938964844,4.25
2001-12-10,272.20001220703125,4.224999904632568
2001-12-11,272.20001220703125,4.256999969482422
2001-12-12,273.79998779296875,4.244999885559082
2001-12-13,273.8999938964844,4.264999866485596
2001-12-14,278.0,4.35699987411499
2001-12-17,277.70001220703125,4.360000133514404
2001-12-18,280.3999938964844,4.414999961853027
2001-12-19,275.5,4.302999973297119
2001-12-20,276.0,4.39300012588501
2001-12-21,278.0,4.465000152587891
2001-12-26,279.70001220703125,4.535999774932861
2001-12-27,277.3999938964844,4.460999965667725
2001-12-28,276.5,4.488999843597412
2001-12-31,278.70001220703125,4.578999996185303
2002-01-02,278.8999938964844,4.526000022888184
2002-01-03,278.20001220703125,4.598999977111816
2002-01-04,278.8999938964844,4.642000198364258
2002-01-07,278.6000061035156,4.659999847412109
2002-01-08,278.8999938964844,4.632999897003174
2002-01-09,283.3999938964844,4.703000068664551
2002-01-10,287.1000061035156,4.692999839782715
2002-01-11,287.3999938964844,4.690999984741211
2002-01-14,285.3999938964844,4.507999897003174
2002-01-15,284.3999938964844,4.547999858856201
2002-01-16,287.29998779296875,4.554999828338623
2002-01-17,284.3999938964844,4.438000202178955
2002-01-18,283.1000061035156,4.3379998207092285
2002-01-22,281.5,4.281000137329102
2002-01-23,278.6000061035156,4.252999782562256
2002-01-24,278.1000061035156,4.265999794006348
2002-01-25,278.79998779296875,4.297999858856201
2002-01-28,278.29998779296875,4.243000030517578
2002-01-29,281.3999938964844,4.288000106811523
2002-01-30,281.8999938964844,4.285999774932861
2002-01-31,282.1000061035156,4.216000080108643
2002-02-01,286.0,4.306000232696533
2002-02-04,289.29998779296875,4.288000106811523
2002-02-05,298.20001220703125,4.39300012588501
2002-02-06,297.5,4.361000061035156
2002-02-07,299.70001220703125,4.3420000076293945
2002-02-08,303.5,4.452000141143799
2002-02-11,300.1000061035156,4.4120001792907715
2002-02-12,300.70001220703125,4.48199987411499
2002-02-13,299.3999938964844,4.501999855041504
2002-02-14,299.70001220703125,4.5269999504089355
2002-02-15,298.3999938964844,4.534999847412109
2002-02-19,293.20001220703125,4.4670000076293945
2002-02-20,292.29998779296875,4.396999835968018
2002-02-21,293.20001220703125,4.416999816894531
2002-02-22,293.20001220703125,4.394999980926514
2002-02-25,292.70001220703125,4.364999771118164
2002-02-26,298.0,4.420000076293945
2002-02-27,296.29998779296875,4.423999786376953
2002-02-28,296.70001220703125,4.497000217437744
2002-03-01,298.0,4.548999786376953
2002-03-04,296.70001220703125,4.586999893188477
2002-03-05,294.0,4.540999889373779
2002-03-06,293.5,4.515999794006348
2002-03-07,290.1000061035156,4.466000080108643
2002-03-08,290.1000061035156,4.492000102996826
2002-03-11,291.1000061035156,4.4720001220703125
2002-03-12,293.6000061035156,4.485000133514404
2002-03-13,293.6000061035156,4.517000198364258
2002-03-14,291.0,4.488999843597412
2002-03-15,289.8999938964844,4.48199987411499
2002-03-18,292.1000061035156,4.492000102996826
2002-03-19,292.79998779296875,4.51200008392334
2002-03-20,292.1000061035156,4.521999835968018
2002-03-21,292.79998779296875,4.499000072479248
2002-03-22,297.29998779296875,4.531000137329102
2002-03-25,297.3999938964844,4.572000026702881
2002-03-26,296.6000061035156,4.578999996185303
2002-03-27,302.20001220703125,4.671000003814697
2002-03-28,302.6000061035156,4.640999794006348
2002-04-01,303.20001220703125,4.690999984741211
2002-04-02,305.8999938964844,4.73799991607666
2002-04-03,302.6000061035156,4.6579999923706055
2002-04-04,301.1000061035156,4.616000175476074
2002-04-05,300.1000061035156,4.571000099182129
2002-04-08,300.5,4.560999870300293
2002-04-09,298.79998779296875,4.548999786376953
2002-04-10,301.70001220703125,4.61899995803833
2002-04-11,302.20001220703125,4.578000068664551
2002-04-12,302.1000061035156,4.5879998207092285
2002-04-15,300.0,4.445000171661377
2002-04-16,298.79998779296875,4.400000095367432
2002-04-17,302.1000061035156,4.445000171661377
2002-04-18,304.5,4.493000030517578
2002-04-19,302.29998779296875,4.498000144958496
2002-04-22,303.0,4.538000106811523
2002-04-23,304.0,4.565000057220459
2002-04-24,304.29998779296875,4.557000160217285
2002-04-25,308.1000061035156,4.614999771118164
2002-04-26,311.6000061035156,4.646999835968018
2002-04-29,311.20001220703125,4.636000156402588
2002-04-30,308.8999938964844,4.5320000648498535
2002-05-01,309.1000061035156,4.5289998054504395
2002-05-02,308.29998779296875,4.543000221252441
2002-05-03,312.20001220703125,4.5970001220703125
2002-05-06,311.20001220703125,4.5960001945495605
2002-05-07,311.6000061035156,4.618000030517578
2002-05-08,308.20001220703125,4.572000026702881
2002-05-09,309.5,4.614999771118164
2002-05-10,311.0,4.6579999923706055
2002-05-13,310.6000061035156,4.5960001945495605
2002-05-14,307.29998779296875,4.5960001945495605
2002-05-15,308.70001220703125,4.625999927520752
2002-05-16,309.79998779296875,4.638999938964844
2002-05-17,310.6000061035156,4.6539998054504395
2002-05-20,315.70001220703125,4.769000053405762
2002-05-21,315.79998779296875,4.834000110626221
2002-05-22,318.0,4.824999809265137
2002-05-23,322.5,4.896999835968018
2002-05-24,320.3999938964844,4.85699987411499
2002-05-28,323.8999938964844,4.869999885559082
2002-05-29,325.3999938964844,4.933000087738037
2002-05-30,325.5,4.968999862670898
2002-05-31,326.5,5.026000022888184
2002-06-03,326.70001220703125,5.067999839782715
2002-06-04,327.79998779296875,5.11299991607666
2002-06-05,321.20001220703125,4.933000087738037
2002-06-06,324.8999938964844,4.986000061035156
2002-06-07,324.6000061035156,4.9710001945495605
2002-06-10,318.70001220703125,4.9029998779296875
2002-06-11,319.70001220703125,4.873000144958496
2002-06-12,320.29998779296875,4.909999847412109
2002-06-13,317.70001220703125,4.827000141143799
2002-06-14,319.1000061035156,4.8470001220703125
2002-06-17,317.3999938964844,4.820000171661377
2002-06-18,319.20001220703125,4.8420000076293945
2002-06-19,319.79998779296875,4.839000225067139
2002-06-20,323.20001220703125,4.867000102996826
2002-06-21,324.6000061035156,4.8520002365112305
2002-06-24,324.29998779296875,4.863999843597412
2002-06-25,320.20001220703125,4.828999996185303
2002-06-26,320.5,4.848999977111816
2002-06-27,319.20001220703125,4.875999927520752
2002-06-28,313.5,4.833000183105469
2002-07-01,314.0,4.867000102996826
2002-07-02,312.79998779296875,4.929999828338623
2002-07-03,310.8999938964844,4.934999942779541
2002-07-08,312.1000061035156,4.960000038146973
2002-07-09,316.1000061035156,5.038000106811523
2002-07-10,314.70001220703125,5.03000020980835
2002-07-11,317.20001220703125,5.072000026702881
2002-07-12,315.6000061035156,5.046000003814697
2002-07-15,319.6000061035156,5.10099983215332
2002-07-16,317.20001220703125,5.01800012588501
2002-07-17,317.3999938964844,4.989999771118164
2002-07-18,317.0,4.989999771118164
2002-07-19,323.8999938964844,5.063000202178955
2002-07-22,323.6000061035156,5.0329999923706055
2002-07-23,312.70001220703125,4.874000072479248
2002-07-24,311.5,4.854000091552734
2002-07-25,309.79998779296875,4.85099983215332
2002-07-26,303.3999938964844,4.660999774932861
2002-07-29,302.5,4.636000156402588
2002-07-30,303.70001220703125,4.65500020980835
2002-07-31,303.20001220703125,4.59499979019165
2002-08-01,304.0,4.579999923706055
2002-08-02,307.0,4.590000152587891
2002-08-05,307.79998779296875,4.630000114440918
2002-08-06,305.5,4.610000133514404
2002-08-07,314.29998779296875,4.671999931335449
2002-08-08,310.3999938964844,4.635000228881836
2002-08-09,314.20001220703125,4.666999816894531
2002-08-12,314.1000061035156,4.590000152587891
2002-08-13,314.20001220703125,4.577000141143799
2002-08-14,311.79998779296875,4.454999923706055
2002-08-15,314.29998779296875,4.480000019073486
2002-08-16,313.70001220703125,4.489999771118164
2002-08-19,306.0,4.4019999504089355
2002-08-20,308.70001220703125,4.434000015258789
2002-08-21,307.6000061035156,4.416999816894531
2002-08-22,306.6000061035156,4.461999893188477
2002-08-23,306.70001220703125,4.420000076293945
2002-08-26,309.3999938964844,4.434999942779541
2002-08-27,312.29998779296875,4.5
2002-08-28,309.3999938964844,4.494999885559082
2002-08-29,312.8999938964844,4.5269999504089355
2002-08-30,312.3999938964844,4.436999797821045
2002-09-03,313.3999938964844,4.453999996185303
2002-09-04,314.8999938964844,4.465000152587891
2002-09-05,318.20001220703125,4.514999866485596
2002-09-06,319.8999938964844,4.51200008392334
2002-09-09,321.29998779296875,4.578999996185303
2002-09-10,317.8999938964844,4.557000160217285
2002-09-11,316.6000061035156,4.541999816894531
2002-09-12,318.8999938964844,4.586999893188477
2002-09-13,316.6000061035156,4.553999900817871
2002-09-16,317.1000061035156,4.548999786376953
2002-09-17,317.0,4.577000141143799
2002-09-18,320.6000061035156,4.61899995803833
2002-09-19,322.6000061035156,4.638999938964844
2002-09-20,321.8999938964844,4.629000186920166
2002-09-23,323.0,4.626999855041504
2002-09-24,325.8999938964844,4.64900016784668
2002-09-25,322.20001220703125,4.578999996185303
2002-09-26,320.29998779296875,4.505000114440918
2002-09-27,319.70001220703125,4.486999988555908
2002-09-30,323.8999938964844,4.53000020980835
2002-10-01,320.8999938964844,4.46999979019165
2002-10-02,321.5,4.46999979019165
2002-10-03,321.1000061035156,4.46999979019165
2002-10-04,322.1000061035156,4.474999904632568
2002-10-07,321.8999938964844,4.438000202178955
2002-10-08,318.20001220703125,4.361000061035156
2002-10-09,319.6000061035156,4.3379998207092285
2002-10-10,316.5,4.2729997634887695
2002-10-11,316.29998779296875,4.308000087738037
2002-10-14,317.79998779296875,4.297999858856201
2002-10-15,312.6000061035156,4.310999870300293
2002-10-16,314.0,4.357999801635742
2002-10-17,311.6000061035156,4.333000183105469
2002-10-18,312.70001220703125,4.3520002365112305
2002-10-21,310.8999938964844,4.343999862670898
2002-10-22,313.0,4.4039998054504395
2002-10-23,312.0,4.39900016784668
2002-10-24,310.70001220703125,4.354000091552734
2002-10-25,313.3999938964844,4.39900016784668
2002-10-28,315.20001220703125,4.4039998054504395
2002-10-29,317.70001220703125,4.501999855041504
2002-10-30,316.5,4.479000091552734
2002-10-31,318.0,4.499000072479248
2002-11-01,318.79998779296875,4.484000205993652
2002-11-04,318.29998779296875,4.480999946594238
2002-11-05,318.20001220703125,4.488999843597412
2002-11-06,317.5,4.4770002365112305
2002-11-07,320.5,4.544000148773193
2002-11-08,321.29998779296875,4.526000022888184
2002-11-11,321.20001220703125,4.565999984741211
2002-11-12,324.5,4.593999862670898
2002-11-13,318.70001220703125,4.553999900817871
2002-11-14,317.8999938964844,4.556000232696533
2002-11-15,320.70001220703125,4.572999954223633
2002-11-18,319.20001220703125,4.534999847412109
2002-11-19,318.6000061035156,4.545000076293945
2002-11-20,317.3999938964844,4.5329999923706055
2002-11-21,317.3999938964844,4.466000080108643
2002-11-22,320.70001220703125,4.540999889373779
2002-11-25,317.79998779296875,4.4710001945495605
2002-11-26,317.70001220703125,4.433000087738037
2002-11-27,316.79998779296875,4.414000034332275
2002-12-02,317.6000061035156,4.421999931335449
2002-12-03,320.20001220703125,4.5320000648498535
2002-12-04,322.20001220703125,4.559000015258789
2002-12-05,324.79998779296875,4.622000217437744
2002-12-06,326.29998779296875,4.631999969482422
2002-12-09,325.79998779296875,4.599999904632568
2002-12-10,323.5,4.607999801635742
2002-12-11,324.79998779296875,4.633999824523926
2002-12-12,331.3999938964844,4.74399995803833
2002-12-13,333.20001220703125,4.703999996185303
2002-12-16,337.0,4.702000141143799
2002-12-17,337.3999938964844,4.639999866485596
2002-12-18,342.1000061035156,4.664999961853027
2002-12-19,345.8999938964844,4.724999904632568
2002-12-20,340.5,4.630000114440918
2002-12-23,345.1000061035156,4.6529998779296875
2002-12-24,346.79998779296875,4.6570000648498535
2002-12-26,348.8999938964844,4.699999809265137
2002-12-27,349.20001220703125,4.711999893188477
2002-12-30,343.3999938964844,4.6620001792907715
2002-12-31,347.6000061035156,4.801000118255615
2003-01-02,346.1000061035156,4.811999797821045
2003-01-03,351.20001220703125,4.892000198364258
2003-01-06,351.70001220703125,4.89900016784668
2003-01-07,347.29998779296875,4.803999900817871
2003-01-08,353.8999938964844,4.855999946594238
2003-01-09,353.29998779296875,4.843999862670898
2003-01-10,354.5,4.859000205993652
2003-01-13,354.70001220703125,4.828000068664551
2003-01-14,352.0,4.752999782562256
2003-01-15,350.70001220703125,4.76800012588501
2003-01-16,357.70001220703125,4.822999954223633
2003-01-17,356.6000061035156,4.797999858856201
2003-01-21,357.29998779296875,4.808000087738037
2003-01-22,359.70001220703125,4.835999965667725
2003-01-23,364.5,4.775000095367432
2003-01-24,368.20001220703125,4.875
2003-01-27,369.3999938964844,4.824999809265137
2003-01-28,370.0,4.864999771118164
2003-01-29,366.29998779296875,4.800000190734863
2003-01-30,368.6000061035156,4.86299991607666
2003-01-31,368.29998779296875,4.853000164031982
2003-02-03,370.79998779296875,4.828000068664551
2003-02-04,379.0,4.910999774932861
2003-02-05,376.3999938964844,4.761000156402588
2003-02-06,370.1000061035156,4.672999858856201
2003-02-07,369.8999938964844,4.645999908447266
2003-02-10,363.70001220703125,4.5960001945495605
2003-02-11,362.5,4.565999984741211
2003-02-12,352.6000061035156,4.502999782562256
2003-02-13,357.3999938964844,4.5289998054504395
2003-02-14,351.8999938964844,4.531000137329102
2003-02-18,344.20001220703125,4.551000118255615
2003-02-19,349.8999938964844,4.623000144958496
2003-02-20,353.1000061035156,4.659999847412109
2003-02-21,351.79998779296875,4.663000106811523
2003-02-24,356.29998779296875,4.7129998207092285
2003-02-25,352.29998779296875,4.639999866485596
2003-02-26,354.0,4.65500020980835
2003-02-27,346.1000061035156,4.560999870300293
2003-02-28,350.20001220703125,4.585000038146973
2003-03-03,349.20001220703125,4.6570000648498535
2003-03-04,353.20001220703125,4.6570000648498535
2003-03-05,353.1000061035156,4.622000217437744
2003-03-06,356.79998779296875,4.660999774932861
2003-03-07,350.79998779296875,4.676000118255615
2003-03-10,354.70001220703125,4.668000221252441
2003-03-11,350.5,4.677999973297119
2003-03-12,346.5,4.623000144958496
2003-03-13,335.8999938964844,4.5279998779296875
2003-03-14,336.5,4.5269999504089355
2003-03-17,337.1000061035156,4.439000129699707
2003-03-18,337.6000061035156,4.452000141143799
2003-03-19,336.1000061035156,4.408999919891357
2003-03-20,332.8999938964844,4.4079999923706055
2003-03-21,326.0,4.3460001945495605
2003-03-24,329.5,4.359000205993652
2003-03-25,328.3999938964844,4.386000156402588
2003-03-26,330.29998779296875,4.390999794006348
2003-03-27,328.70001220703125,4.386000156402588
2003-03-28,328.70001220703125,4.428999900817871
2003-03-31,335.8999938964844,4.460999965667725
2003-04-01,334.29998779296875,4.433000087738037
2003-04-02,329.6000061035156,4.3979997634887695
2003-04-03,324.8999938964844,4.408999919891357
2003-04-04,325.29998779296875,4.410999774932861
2003-04-07,321.5,4.419000148773193
2003-04-08,322.20001220703125,4.473999977111816
2003-04-09,325.6000061035156,4.479000091552734
2003-04-10,326.70001220703125,4.486000061035156
2003-04-11,327.8999938964844,4.488999843597412
2003-04-14,324.20001220703125,4.533999919891357
2003-04-15,324.8999938964844,4.519000053405762
2003-04-16,325.79998779296875,4.480999946594238
2003-04-17,327.20001220703125,4.466000080108643
2003-04-21,333.5,4.531000137329102
2003-04-22,334.3999938964844,4.5929999351501465
2003-04-23,331.5,4.623000144958496
2003-04-24,334.79998779296875,4.64300012588501
2003-04-25,333.3999938964844,4.630000114440918
2003-04-28,334.5,4.578000068664551
2003-04-29,333.70001220703125,4.547999858856201
2003-04-30,339.1000061035156,4.638000011444092
2003-05-01,342.1000061035156,4.761000156402588
2003-05-02,341.0,4.783999919891357
2003-05-05,342.29998779296875,4.802000045776367
2003-05-06,342.5,4.7870001792907715
2003-05-07,341.8999938964844,4.729000091552734
2003-05-08,348.3999938964844,4.789000034332275
2003-05-09,348.6000061035156,4.7870001792907715
2003-05-12,351.6000061035156,4.861000061035156
2003-05-13,350.0,4.814000129699707
2003-05-14,352.29998779296875,4.863999843597412
2003-05-15,352.6000061035156,4.771999835968018
2003-05-16,354.70001220703125,4.7820000648498535
2003-05-19,364.20001220703125,4.811999797821045
2003-05-20,366.29998779296875,4.763999938964844
2003-05-21,372.0,4.7170000076293945
2003-05-22,368.1000061035156,4.6539998054504395
2003-05-23,368.79998779296875,4.638999938964844
2003-05-27,367.79998779296875,4.61899995803833
2003-05-28,365.20001220703125,4.633999824523926
2003-05-29,369.6000061035156,4.567999839782715
2003-05-30,364.5,4.526000022888184
2003-06-02,366.0,4.500999927520752
2003-06-03,365.20001220703125,4.504000186920166
2003-06-04,362.6000061035156,4.49399995803833
2003-06-05,368.6000061035156,4.49399995803833
2003-06-06,363.70001220703125,4.538000106811523
2003-06-09,361.79998779296875,4.511000156402588
2003-06-10,352.20001220703125,4.4629998207092285
2003-06-11,355.5,4.493000030517578
2003-06-12,353.29998779296875,4.5
2003-06-13,356.6000061035156,4.570000171661377
2003-06-16,359.0,4.60699987411499
2003-06-17,363.20001220703125,4.605000019073486
2003-06-18,357.20001220703125,4.554999828338623
2003-06-19,361.29998779296875,4.566999912261963
2003-06-20,356.29998779296875,4.525000095367432
2003-06-23,353.0,4.554999828338623
2003-06-24,346.29998779296875,4.51200008392334
2003-06-25,349.29998779296875,4.561999797821045
2003-06-26,343.8999938964844,4.519999980926514
2003-06-27,345.20001220703125,4.505000114440918
2003-06-30,346.0,4.557000160217285
2003-07-01,351.3999938964844,4.573999881744385
2003-07-02,351.29998779296875,4.633999824523926
2003-07-03,351.0,4.682000160217285
2003-07-07,348.1000061035156,4.728000164031982
2003-07-08,344.1000061035156,4.736000061035156
2003-07-09,343.6000061035156,4.815999984741211
2003-07-10,344.29998779296875,4.808000087738037
2003-07-11,344.79998779296875,4.797999858856201
2003-07-14,347.70001220703125,4.789999961853027
2003-07-15,342.1000061035156,4.651000022888184
2003-07-16,343.1000061035156,4.656000137329102
2003-07-17,344.20001220703125,4.670000076293945
2003-07-18,347.20001220703125,4.723999977111816
2003-07-21,350.8999938964844,4.74399995803833
2003-07-22,350.6000061035156,4.783999919891357
2003-07-23,358.6000061035156,5.064000129699707
2003-07-24,362.20001220703125,5.105000019073486
2003-07-25,362.70001220703125,5.070000171661377
2003-07-28,364.79998779296875,5.190000057220459
2003-07-29,361.70001220703125,5.1620001792907715
2003-07-30,356.20001220703125,5.056000232696533
2003-07-31,354.0,5.116000175476074
2003-08-01,346.1000061035156,5.0929999351501465
2003-08-04,349.20001220703125,5.015999794006348
2003-08-05,349.6000061035156,4.935999870300293
2003-08-06,350.79998779296875,4.966000080108643
2003-08-07,352.5,5.033999919891357
2003-08-08,356.29998779296875,4.98799991607666
2003-08-11,361.70001220703125,4.995999813079834
2003-08-12,358.5,4.857999801635742
2003-08-13,362.1000061035156,5.026000022888184
2003-08-14,366.0,5.031000137329102
2003-08-15,363.20001220703125,4.922999858856201
2003-08-18,358.3999938964844,4.922999858856201
2003-08-19,361.6000061035156,4.991000175476074
2003-08-20,365.6000061035156,5.01800012588501
2003-08-21,360.6000061035156,4.940999984741211
2003-08-22,363.1000061035156,4.993000030517578
2003-08-25,361.29998779296875,4.98799991607666
2003-08-26,365.79998779296875,4.998000144958496
2003-08-27,373.5,5.126999855041504
2003-08-28,370.5,5.127999782562256
2003-08-29,375.70001220703125,5.109000205993652
2003-09-02,373.20001220703125,4.98799991607666
2003-09-03,373.8999938964844,5.059999942779541
2003-09-04,372.8999938964844,5.015999794006348
2003-09-05,377.6000061035156,5.129000186920166
2003-09-08,375.1000061035156,5.089000225067139
2003-09-09,381.70001220703125,5.247000217437744
2003-09-10,380.0,5.247000217437744
2003-09-11,379.70001220703125,5.327000141143799
2003-09-12,375.79998779296875,5.198999881744385
2003-09-15,374.5,5.192999839782715
2003-09-16,373.5,5.2129998207092285
2003-09-17,376.20001220703125,5.2789998054504395
2003-09-18,376.6000061035156,5.255000114440918
2003-09-19,381.79998779296875,5.2820000648498535
2003-09-22,387.20001220703125,5.264999866485596
2003-09-23,385.8999938964844,5.235000133514404
2003-09-24,387.5,5.302000045776367
2003-09-25,385.0,5.214000225067139
2003-09-26,380.79998779296875,5.13700008392334
2003-09-29,382.3999938964844,5.070000171661377
2003-09-30,385.3999938964844,5.13700008392334
2003-10-01,384.29998779296875,5.099999904632568
2003-10-02,383.1000061035156,5.09499979019165
2003-10-03,369.3999938964844,4.829999923706055
2003-10-06,372.70001220703125,4.809999942779541
2003-10-07,377.20001220703125,4.875
2003-10-08,375.3999938964844,4.864999771118164
2003-10-09,369.20001220703125,4.836999893188477
2003-10-10,373.6000061035156,4.90500020980835
2003-10-13,375.20001220703125,4.974999904632568
2003-10-14,375.70001220703125,4.927000045776367
2003-10-15,372.6000061035156,4.941999912261963
2003-10-16,372.70001220703125,4.916999816894531
2003-10-17,371.79998779296875,4.934999942779541
2003-10-20,374.0,5.0
2003-10-21,381.70001220703125,5.063000202178955
2003-10-22,386.5,5.130000114440918
2003-10-23,384.70001220703125,5.166999816894531
2003-10-24,388.8999938964844,5.159999847412109
2003-10-27,387.8999938964844,5.186999797821045
2003-10-28,383.20001220703125,5.0920000076293945
2003-10-29,386.79998779296875,5.138999938964844
2003-10-30,384.29998779296875,5.129000186920166
2003-10-31,384.5,5.059000015258789
2003-11-03,377.0,4.921000003814697
2003-11-04,379.8999938964844,5.02400016784668
2003-11-05,382.6000061035156,4.979000091552734
2003-11-06,380.6000061035156,4.951000213623047
2003-11-07,383.29998779296875,5.052000045776367
2003-11-10,386.6000061035156,5.085999965667725
2003-11-11,388.1000061035156,5.063000202178955
2003-11-12,394.8999938964844,5.330999851226807
2003-11-13,394.1000061035156,5.290999889373779
2003-11-14,397.79998779296875,5.410999774932861
2003-11-17,391.5,5.2230000495910645
2003-11-18,397.6000061035156,5.36299991607666
2003-11-19,394.8999938964844,5.265999794006348
2003-11-20,393.70001220703125,5.257999897003174
2003-11-21,396.0,5.290999889373779
2003-11-24,391.5,5.241000175476074
2003-11-25,391.1000061035156,5.297999858856201
2003-11-26,396.79998779296875,5.355000019073486
2003-12-01,402.70001220703125,5.445000171661377
2003-12-02,403.70001220703125,5.495999813079834
2003-12-03,403.8999938964844,5.4679999351501465
2003-12-04,403.29998779296875,5.452000141143799
2003-12-05,406.3999938964844,5.4720001220703125
2003-12-08,406.6000061035156,5.539999961853027
2003-12-09,408.20001220703125,5.635000228881836
2003-12-10,406.20001220703125,5.599999904632568
2003-12-11,404.6000061035156,5.578999996185303
2003-12-12,409.3999938964844,5.622000217437744
2003-12-15,409.20001220703125,5.638999938964844
2003-12-16,407.70001220703125,5.629000186920166
2003-12-17,412.0,5.691999912261963
2003-12-18,410.3999938964844,5.711999893188477
2003-12-19,409.20001220703125,5.7220001220703125
2003-12-22,410.6000061035156,5.709000110626221
2003-12-23,411.0,5.735000133514404
2003-12-24,412.29998779296875,5.78000020980835
2003-12-29,414.79998779296875,5.916999816894531
2003-12-30,416.8999938964844,5.982999801635742
2003-12-31,415.70001220703125,5.953000068664551
2004-01-05,424.3999938964844,6.232999801635742
2004-01-06,422.79998779296875,6.315999984741211
2004-01-07,421.8999938964844,6.250999927520752
2004-01-08,424.0,6.261000156402588
2004-01-09,426.3999938964844,6.485000133514404
2004-01-12,426.29998779296875,6.605000019073486
2004-01-13,423.70001220703125,6.586999893188477
2004-01-14,421.70001220703125,6.421999931335449
2004-01-15,408.3999938964844,6.204999923706055
2004-01-16,406.70001220703125,6.322000026702881
2004-01-20,412.70001220703125,6.315000057220459
2004-01-21,411.1000061035156,6.199999809265137
2004-01-22,410.0,6.3420000076293945
2004-01-23,407.8999938964844,6.355000019073486
2004-01-26,406.6000061035156,6.307000160217285
2004-01-27,410.0,6.550000190734863
2004-01-28,414.5,6.625
2004-01-29,398.5,6.22599983215332
2004-01-30,402.20001220703125,6.245999813079834
2004-02-02,398.70001220703125,6.039999961853027
2004-02-03,399.20001220703125,6.120999813079834
2004-02-04,401.0,6.144999980926514
2004-02-05,398.1000061035156,6.119999885559082
2004-02-06,403.6000061035156,6.275000095367432
2004-02-09,406.79998779296875,6.425000190734863
2004-02-10,406.3999938964844,6.385000228881836
2004-02-11,410.20001220703125,6.554999828338623
2004-02-12,413.70001220703125,6.617000102996826
2004-02-13,410.29998779296875,6.578999996185303
2004-02-17,416.0,6.7769999504089355
2004-02-18,412.29998779296875,6.697000026702881
2004-02-19,409.79998779296875,6.65500020980835
2004-02-20,397.5,6.53000020980835
2004-02-23,399.0,6.486999988555908
2004-02-24,404.5,6.61899995803833
2004-02-25,395.79998779296875,6.5320000648498535
2004-02-26,395.79998779296875,6.708000183105469
2004-02-27,396.3999938964844,6.696000099182129
2004-03-01,399.29998779296875,6.927999973297119
2004-03-02,393.5,6.710000038146973
2004-03-03,392.3999938964844,6.743000030517578
2004-03-04,392.8999938964844,6.758999824523926
2004-03-05,401.29998779296875,6.980999946594238
2004-03-08,400.6000061035156,6.973999977111816
2004-03-09,404.20001220703125,7.165999889373779
2004-03-10,400.0,7.171000003814697
2004-03-11,400.70001220703125,7.181000232696533
2004-03-12,395.29998779296875,7.051000118255615
2004-03-15,399.3999938964844,7.127999782562256
2004-03-16,402.3999938964844,7.15500020980835
2004-03-17,406.8999938964844,7.248000144958496
2004-03-18,411.1000061035156,7.453000068664551
2004-03-19,412.5,7.551000118255615
2004-03-22,417.3999938964844,7.618000030517578
2004-03-23,419.79998779296875,7.697999954223633
2004-03-24,417.20001220703125,7.639999866485596
2004-03-25,416.70001220703125,7.5920000076293945
2004-03-26,422.1000061035156,7.706999778747559
2004-03-29,417.1000061035156,7.614999771118164
2004-03-30,421.70001220703125,7.765999794006348
2004-03-31,427.29998779296875,7.935999870300293
2004-04-01,427.79998779296875,8.138999938964844
2004-04-02,421.6000061035156,8.145999908447266
2004-04-05,415.3999938964844,8.107999801635742
2004-04-06,418.8999938964844,8.211000442504883
2004-04-07,422.79998779296875,8.1850004196167
2004-04-08,419.8999938964844,8.085000038146973
2004-04-12,420.1000061035156,8.024999618530273
2004-04-13,407.0,7.445000171661377
2004-04-14,399.79998779296875,7.0
2004-04-15,397.70001220703125,7.072999954223633
2004-04-16,401.0,7.139999866485596
2004-04-19,400.6000061035156,7.204999923706055
2004-04-20,397.70001220703125,6.940000057220459
2004-04-21,390.79998779296875,6.164999961853027
2004-04-22,393.29998779296875,6.0229997634887695
2004-04-23,395.1000061035156,6.1579999923706055
2004-04-26,396.0,6.168000221252441
2004-04-27,398.6000061035156,6.230000019073486
2004-04-28,385.3999938964844,5.867000102996826
2004-04-29,386.6000061035156,5.820000171661377
2004-04-30,387.0,6.078000068664551
2004-05-03,387.0,6.015999794006348
2004-05-04,391.3999938964844,6.0370001792907715
2004-05-05,393.3999938964844,6.104000091552734
2004-05-06,388.0,5.818999767303467
2004-05-07,378.70001220703125,5.589000225067139
2004-05-10,378.29998779296875,5.75600004196167
2004-05-11,376.8999938964844,5.513999938964844
2004-05-12,377.3999938964844,5.556000232696533
2004-05-13,374.79998779296875,5.60699987411499
2004-05-14,377.0,5.7210001945495605
2004-05-17,379.5,5.668000221252441
2004-05-18,375.79998779296875,5.672999858856201
2004-05-19,382.8999938964844,5.920000076293945
2004-05-20,378.3999938964844,5.7729997634887695
2004-05-21,384.79998779296875,5.86299991607666
2004-05-24,385.6000061035156,5.989999771118164
2004-05-25,388.29998779296875,6.078000068664551
2004-05-26,388.29998779296875,6.047999858856201
2004-05-27,394.8999938964844,6.190000057220459
2004-05-28,394.0,6.105000019073486
2004-06-01,394.6000061035156,6.050000190734863
2004-06-02,390.70001220703125,5.833000183105469
2004-06-03,388.1000061035156,5.728000164031982
2004-06-04,390.8999938964844,5.802999973297119
2004-06-07,393.79998779296875,5.894000053405762
2004-06-08,391.0,5.763999938964844
2004-06-09,384.5,5.627999782562256
2004-06-10,385.8999938964844,5.744999885559082
2004-06-14,383.6000061035156,5.65500020980835
2004-06-15,388.1000061035156,5.73199987411499
2004-06-16,384.6000061035156,5.7220001220703125
2004-06-17,388.8999938964844,5.921999931335449
2004-06-18,395.1000061035156,5.980999946594238
2004-06-21,394.0,5.857999801635742
2004-06-22,395.0,5.864999771118164
2004-06-23,395.0,5.873000144958496
2004-06-24,403.1000061035156,6.172999858856201
2004-06-25,402.8999938964844,6.125
2004-06-28,401.0,5.896999835968018
2004-06-29,392.5,5.853000164031982
2004-06-30,392.6000061035156,5.776000022888184
2004-07-01,396.0,5.934999942779541
2004-07-02,398.29998779296875,5.998000144958496
2004-07-06,392.6000061035156,5.964000225067139
2004-07-07,402.29998779296875,6.110000133514404
2004-07-08,407.79998779296875,6.420000076293945
2004-07-09,407.5,6.460999965667725
2004-07-12,408.1000061035156,6.5279998779296875
2004-07-13,402.0,6.377999782562256
2004-07-14,405.3999938964844,6.5980000495910645
2004-07-15,404.20001220703125,6.6519999504089355
2004-07-16,406.6000061035156,6.711999893188477
2004-07-19,405.6000061035156,6.586999893188477
2004-07-20,401.8999938964844,6.598999977111816
2004-07-21,397.1000061035156,6.396999835968018
2004-07-22,395.20001220703125,6.418000221252441
2004-07-23,390.5,6.334000110626221
2004-07-26,390.29998779296875,6.234000205993652
2004-07-27,387.0,6.236999988555908
2004-07-28,389.0,6.36299991607666
2004-07-29,387.0,6.34499979019165
2004-07-30,391.0,6.550000190734863
2004-08-02,391.70001220703125,6.610000133514404
2004-08-03,394.0,6.675000190734863
2004-08-04,392.20001220703125,6.7270002365112305
2004-08-05,392.29998779296875,6.739999771118164
2004-08-06,399.79998779296875,6.767000198364258
2004-08-09,400.70001220703125,6.729000091552734
2004-08-10,400.0,6.714000225067139
2004-08-11,395.5,6.519000053405762
2004-08-12,394.29998779296875,6.548999786376953
2004-08-13,398.8999938964844,6.617000102996826
2004-08-16,402.8999938964844,6.730000019073486
2004-08-17,404.3999938964844,6.7230000495910645
2004-08-18,404.29998779296875,6.829999923706055
2004-08-19,407.1000061035156,6.815000057220459
2004-08-20,413.20001220703125,6.866000175476074
2004-08-23,410.5,6.741000175476074
2004-08-24,403.0,6.573999881744385
2004-08-25,407.8999938964844,6.610000133514404
2004-08-26,407.3999938964844,6.675000190734863
2004-08-27,403.29998779296875,6.5879998207092285
2004-08-30,407.79998779296875,6.704999923706055
2004-08-31,410.3999938964844,6.770999908447266
2004-09-01,408.79998779296875,6.793000221252441
2004-09-02,406.0,6.76800012588501
2004-09-03,400.5,6.552999973297119
2004-09-07,397.3999938964844,6.198999881744385
2004-09-08,399.3999938964844,6.177999973297119
2004-09-09,398.5,6.1539998054504395
2004-09-10,401.8999938964844,6.132999897003174
2004-09-13,404.1000061035156,6.183000087738037
2004-09-14,405.70001220703125,6.198999881744385
2004-09-15,405.0,6.270999908447266
2004-09-16,404.70001220703125,6.289000034332275
2004-09-17,405.79998779296875,6.258999824523926
2004-09-20,405.29998779296875,6.251999855041504
2004-09-21,408.29998779296875,6.3460001945495605
2004-09-22,407.20001220703125,6.35099983215332
2004-09-23,410.8999938964844,6.446000099182129
2004-09-24,408.1000061035156,6.40500020980835
2004-09-27,409.1000061035156,6.5289998054504395
2004-09-28,412.5,6.5920000076293945
2004-09-29,413.0,6.672999858856201
2004-09-30,418.70001220703125,6.915999889373779
2004-10-01,419.5,6.918000221252441
2004-10-04,414.0,6.739999771118164
2004-10-05,418.20001220703125,7.078999996185303
2004-10-06,418.3999938964844,7.2220001220703125
2004-10-07,418.0,7.193999767303467
2004-10-08,423.1000061035156,7.2729997634887695
2004-10-11,422.0,7.230000019073486
2004-10-12,415.1000061035156,7.0329999923706055
2004-10-13,413.20001220703125,6.877999782562256
2004-10-14,418.1000061035156,7.035999774932861
2004-10-15,418.70001220703125,7.091000080108643
2004-10-18,416.20001220703125,6.9679999351501465
2004-10-19,420.29998779296875,7.176000118255615
2004-10-20,423.5,7.333000183105469
2004-10-21,424.3999938964844,7.290999889373779
2004-10-22,424.6000061035156,7.314000129699707
2004-10-25,429.0,7.361000061035156
2004-10-26,426.79998779296875,7.321000099182129
2004-10-27,424.79998779296875,7.186999797821045
2004-10-28,425.1000061035156,7.186999797821045
2004-10-29,428.5,7.291999816894531
2004-11-01,427.29998779296875,7.316999912261963
2004-11-02,420.0,7.006999969482422
2004-11-03,424.6000061035156,7.144999980926514
2004-11-04,430.1000061035156,7.370999813079834
2004-11-05,433.6000061035156,7.493000030517578
2004-11-08,432.70001220703125,7.4770002365112305
2004-11-09,435.70001220703125,7.525000095367432
2004-11-10,434.0,7.4120001792907715
2004-11-11,434.8999938964844,7.46999979019165
2004-11-12,437.8999938964844,7.614999771118164
2004-11-15,437.0,7.566999912261963
2004-11-16,440.20001220703125,7.589000225067139
2004-11-17,444.79998779296875,7.6620001792907715
2004-11-18,442.6000061035156,7.548999786376953
2004-11-19,446.79998779296875,7.5970001220703125
2004-11-22,448.79998779296875,7.568999767303467
2004-11-23,447.79998779296875,7.552999973297119
2004-11-24,449.29998779296875,7.611999988555908
2004-11-29,453.70001220703125,7.769999980926514
2004-11-30,451.29998779296875,7.7230000495910645
2004-12-01,454.0,8.026000022888184
2004-12-02,450.3999938964844,7.9079999923706055
2004-12-03,456.0,7.995999813079834
2004-12-06,454.20001220703125,7.915999889373779
2004-12-07,452.0,7.8379998207092285
2004-12-08,437.20001220703125,7.1020002365112305
2004-12-09,435.79998779296875,6.760000228881836
2004-12-10,433.8999938964844,6.705999851226807
2004-12-13,438.8999938964844,6.793000221252441
2004-12-14,435.8999938964844,6.7179999351501465
2004-12-15,440.79998779296875,6.8429999351501465
2004-12-16,436.8999938964844,6.690000057220459
2004-12-17,441.6000061035156,6.765999794006348
2004-12-20,442.3999938964844,6.829999923706055
2004-12-21,441.79998779296875,6.894999980926514
2004-12-22,440.29998779296875,6.802999973297119
2004-12-23,441.8999938964844,6.882999897003174
2004-12-27,445.20001220703125,6.9730000495910645
2004-12-28,444.29998779296875,7.026000022888184
2004-12-29,436.0,6.796999931335449
2004-12-30,437.5,6.807000160217285
2005-01-03,428.70001220703125,6.4770002365112305
2005-01-04,428.5,6.427000045776367
2005-01-05,426.6000061035156,6.51200008392334
2005-01-06,421.0,6.433000087738037
2005-01-07,418.8999938964844,6.428999900817871
2005-01-10,419.1000061035156,6.431000232696533
2005-01-11,421.8999938964844,6.623000144958496
2005-01-12,426.1000061035156,6.728000164031982
2005-01-13,424.5,6.730000019073486
2005-01-14,422.70001220703125,6.579999923706055
2005-01-18,423.20001220703125,6.639999866485596
2005-01-19,423.0,6.610000133514404
2005-01-20,422.3999938964844,6.543000221252441
2005-01-21,426.70001220703125,6.796999931335449
2005-01-24,426.8999938964844,6.84499979019165
2005-01-25,422.0,6.670000076293945
2005-01-26,426.8999938964844,6.793000221252441
2005-01-27,426.29998779296875,6.808000087738037
2005-01-28,425.79998779296875,6.784999847412109
2005-01-31,421.79998779296875,6.736999988555908
2005-02-01,420.79998779296875,6.71999979019165
2005-02-02,421.1000061035156,6.739999771118164
2005-02-03,416.6000061035156,6.666999816894531
2005-02-04,414.0,6.625
2005-02-07,413.6000061035156,6.545000076293945
2005-02-08,412.6000061035156,6.546999931335449
2005-02-09,412.8999938964844,6.580999851226807
2005-02-10,417.20001220703125,6.955999851226807
2005-02-11,420.5,7.201000213623047
2005-02-14,425.79998779296875,7.333000183105469
2005-02-15,425.8999938964844,7.353000164031982
2005-02-16,425.5,7.248000144958496
2005-02-17,427.29998779296875,7.364999771118164
2005-02-18,427.1000061035156,7.413000106811523
2005-02-22,434.5,7.517000198364258
2005-02-23,434.8999938964844,7.440999984741211
2005-02-24,434.5,7.38100004196167
2005-02-25,434.8999938964844,7.290999889373779
2005-02-28,436.5,7.359000205993652
2005-03-01,432.8999938964844,7.229000091552734
2005-03-02,432.79998779296875,7.307000160217285
2005-03-03,429.8999938964844,7.229000091552734
2005-03-04,434.20001220703125,7.348999977111816
2005-03-07,435.0,7.359000205993652
2005-03-08,440.29998779296875,7.501999855041504
2005-03-09,442.1000061035156,7.604000091552734
2005-03-10,442.79998779296875,7.492000102996826
2005-03-11,446.20001220703125,7.534999847412109
2005-03-14,441.1000061035156,7.380000114440918
2005-03-15,440.8999938964844,7.376999855041504
2005-03-16,443.70001220703125,7.425000190734863
2005-03-17,438.70001220703125,7.385000228881836
2005-03-18,439.29998779296875,7.376999855041504
2005-03-21,431.1000061035156,7.0970001220703125
2005-03-22,431.29998779296875,7.070000171661377
2005-03-23,425.20001220703125,6.9770002365112305
2005-03-24,424.70001220703125,6.933000087738037
2005-03-28,425.8999938964844,6.909999847412109
2005-03-29,426.0,7.01200008392334
2005-03-31,428.70001220703125,7.190999984741211
2005-04-01,425.8999938964844,6.989999771118164
2005-04-04,423.8999938964844,7.019999980926514
2005-04-05,424.5,7.039000034332275
2005-04-06,427.1000061035156,7.116000175476074
2005-04-07,426.5,7.071000099182129
2005-04-08,426.8999938964844,7.160999774932861
2005-04-11,428.6000061035156,7.250999927520752
2005-04-12,427.6000061035156,7.151000022888184
2005-04-13,429.29998779296875,7.2210001945495605
2005-04-14,424.0,7.056000232696533
2005-04-15,424.8999938964844,7.01800012588501
2005-04-18,427.5,7.040999889373779
2005-04-19,432.8999938964844,7.245999813079834
2005-04-20,435.29998779296875,7.333000183105469
2005-04-21,433.0,7.2129998207092285
2005-04-22,434.29998779296875,7.270999908447266
2005-04-25,434.6000061035156,7.25600004196167
2005-04-26,437.8999938964844,7.250999927520752
2005-04-27,433.0,7.133999824523926
2005-04-29,435.0,6.9019999504089355
2005-05-02,429.5,6.840000152587891
2005-05-03,426.70001220703125,6.85099983215332
2005-05-04,429.0,6.98199987411499
2005-05-05,429.79998779296875,7.050000190734863
2005-05-06,426.1000061035156,6.952000141143799
2005-05-09,426.20001220703125,7.066999912261963
2005-05-10,427.20001220703125,7.099999904632568
2005-05-11,427.20001220703125,7.079999923706055
2005-05-12,421.6000061035156,6.947999954223633
2005-05-13,420.20001220703125,6.925000190734863
2005-05-16,418.8999938964844,6.934999942779541
2005-05-17,419.3999938964844,7.025000095367432
2005-05-18,421.5,7.184999942779541
2005-05-19,420.5,7.119999885559082
2005-05-20,417.3999938964844,6.934999942779541
2005-05-23,416.6000061035156,6.949999809265137
2005-05-24,417.5,6.98799991607666
2005-05-25,418.79998779296875,7.123000144958496
2005-05-26,418.0,7.1519999504089355
2005-05-27,419.79998779296875,7.302000045776367
2005-05-31,416.29998779296875,7.443999767303467
2005-06-01,415.29998779296875,7.507999897003174
2005-06-02,422.70001220703125,7.526000022888184
2005-06-03,423.70001220703125,7.489999771118164
2005-06-06,426.5,7.520999908447266
2005-06-07,424.79998779296875,7.428999900817871
2005-06-08,424.70001220703125,7.458000183105469
2005-06-09,424.20001220703125,7.257999897003174
2005-06-10,427.3999938964844,7.276000022888184
2005-06-13,429.29998779296875,7.252999782562256
2005-06-14,427.5,7.269000053405762
2005-06-15,429.1000061035156,7.320000171661377
2005-06-16,436.20001220703125,7.360000133514404
2005-06-17,438.29998779296875,7.329999923706055
2005-06-20,438.3999938964844,7.296999931335449
2005-06-21,438.8999938964844,7.2870001792907715
2005-06-22,438.1000061035156,7.252999782562256
2005-06-23,441.70001220703125,7.269999980926514
2005-06-24,440.5,7.2779998779296875
2005-06-27,440.29998779296875,7.239999771118164
2005-06-28,436.3999938964844,7.0960001945495605
2005-06-30,435.8999938964844,7.0279998779296875
2005-07-01,427.79998779296875,6.85099983215332
2005-07-05,422.8999938964844,6.829999923706055
2005-07-06,423.5,6.915999889373779
2005-07-07,423.29998779296875,6.948999881744385
2005-07-08,422.8999938964844,6.99399995803833
2005-07-11,425.5,7.068999767303467
2005-07-12,426.29998779296875,7.047999858856201
2005-07-13,423.8999938964844,7.0329999923706055
2005-07-14,419.6000061035156,6.960999965667725
2005-07-15,420.70001220703125,6.955999851226807
2005-07-18,420.5,6.973999977111816
2005-07-19,419.70001220703125,6.953999996185303
2005-07-20,421.70001220703125,7.038000106811523
2005-07-21,425.3999938964844,7.105999946594238
2005-07-22,424.70001220703125,7.085999965667725
2005-07-25,425.70001220703125,7.11299991607666
2005-07-26,423.3999938964844,6.993000030517578
2005-07-27,424.70001220703125,7.014999866485596
2005-07-28,427.29998779296875,7.173999786376953
2005-07-29,429.8999938964844,7.23799991607666
2005-08-01,431.8999938964844,7.281000137329102
2005-08-02,431.8999938964844,7.23799991607666
2005-08-03,436.8999938964844,7.283999919891357
2005-08-04,437.8999938964844,7.230000019073486
2005-08-05,437.20001220703125,7.13700008392334
2005-08-08,434.70001220703125,6.995999813079834
2005-08-09,434.20001220703125,7.015999794006348
2005-08-10,436.5,7.060999870300293
2005-08-11,445.5,7.169000148773193
2005-08-12,445.8999938964844,7.076000213623047
2005-08-15,442.20001220703125,6.953000068664551
2005-08-16,446.1000061035156,7.0329999923706055
2005-08-17,439.8999938964844,6.985000133514404
2005-08-18,439.5,6.989999771118164
2005-08-19,437.20001220703125,7.0
2005-08-22,438.1000061035156,7.053999900817871
2005-08-23,439.3999938964844,6.961999893188477
2005-08-24,437.29998779296875,6.918000221252441
2005-08-25,438.3999938964844,6.828000068664551
2005-08-26,437.3999938964844,6.739999771118164
2005-08-29,437.0,6.730000019073486
2005-08-30,431.20001220703125,6.690999984741211
2005-08-31,433.79998779296875,6.781000137329102
2005-09-01,442.29998779296875,6.966000080108643
2005-09-02,444.20001220703125,7.0
2005-09-06,444.3999938964844,7.031000137329102
2005-09-07,444.8999938964844,7.051000118255615
2005-09-08,446.70001220703125,6.966000080108643
2005-09-09,449.0,7.002999782562256
2005-09-12,449.70001220703125,6.998000144958496
2005-09-13,446.1000061035156,6.942999839782715
2005-09-14,449.79998779296875,6.986000061035156
2005-09-15,455.5,7.019000053405762
2005-09-16,459.5,7.229000091552734
2005-09-19,466.70001220703125,7.3379998207092285
2005-09-20,466.20001220703125,7.315000057220459
2005-09-21,468.8999938964844,7.355000019073486
2005-09-22,466.6000061035156,7.353000164031982
2005-09-23,463.5,7.2729997634887695
2005-09-26,465.8999938964844,7.307000160217285
2005-09-27,462.6000061035156,7.270999908447266
2005-09-28,469.70001220703125,7.3470001220703125
2005-09-29,472.20001220703125,7.493000030517578
2005-09-30,469.0,7.458000183105469
2005-10-03,466.1000061035156,7.4029998779296875
2005-10-04,466.1000061035156,7.375
2005-10-05,466.1000061035156,7.427999973297119
2005-10-06,471.8999938964844,7.547999858856201
2005-10-07,474.70001220703125,7.724999904632568
2005-10-10,475.1000061035156,7.798999786376953
2005-10-11,477.1000061035156,7.824999809265137
2005-10-12,473.8999938964844,7.788000106811523
2005-10-13,471.1000061035156,7.684999942779541
2005-10-14,469.20001220703125,7.814000129699707
2005-10-17,474.1000061035156,7.827000141143799
2005-10-18,472.1000061035156,7.788000106811523
2005-10-19,463.5,7.59499979019165
2005-10-20,461.0,7.61299991607666
2005-10-21,467.0,7.65500020980835
2005-10-24,465.0,7.668000221252441
2005-10-25,472.79998779296875,7.7870001792907715
2005-10-26,471.20001220703125,7.824999809265137
2005-10-27,473.79998779296875,7.802000045776367
2005-10-28,473.0,7.789999961853027
2005-10-31,465.1000061035156,7.550000190734863
2005-11-01,458.79998779296875,7.441999912261963
2005-11-02,462.79998779296875,7.5320000648498535
2005-11-03,460.1000061035156,7.5970001220703125
2005-11-04,456.29998779296875,7.546999931335449
2005-11-07,459.0,7.578999996185303
2005-11-08,460.8999938964844,7.60099983215332
2005-11-09,466.29998779296875,7.6539998054504395
2005-11-10,466.6000061035156,7.684000015258789
2005-11-11,468.29998779296875,7.738999843597412
2005-11-14,468.20001220703125,7.763999938964844
2005-11-15,468.1000061035156,7.769999980926514
2005-11-16,478.29998779296875,7.986000061035156
2005-11-17,486.20001220703125,8.086999893188477
2005-11-18,485.6000061035156,8.053000450134277
2005-11-21,489.0,8.121000289916992
2005-11-22,492.6000061035156,8.164999961853027
2005-11-23,492.1000061035156,8.125
2005-11-28,498.29998779296875,8.348999977111816
2005-11-29,499.1000061035156,8.295999526977539
2005-11-30,494.6000061035156,8.279999732971191
2005-12-01,502.5,8.49899959564209
2005-12-02,503.29998779296875,8.543999671936035
2005-12-05,508.8999938964844,8.631999969482422
2005-12-06,510.20001220703125,8.692000389099121
2005-12-07,514.2999877929688,8.777999877929688
2005-12-08,519.2999877929688,8.894000053405762
2005-12-09,527.0,9.0
2005-12-12,528.4000244140625,8.791999816894531
2005-12-13,521.0,8.496999740600586
2005-12-14,506.5,8.376999855041504
2005-12-15,503.8999938964844,8.548999786376953
2005-12-16,503.3999938964844,8.520999908447266
2005-12-19,503.6000061035156,8.567000389099121
2005-12-20,494.6000061035156,8.312000274658203
2005-12-21,493.0,8.352999687194824
2005-12-22,502.70001220703125,8.501999855041504
2005-12-23,503.0,8.569000244140625
2005-12-27,508.0,8.741999626159668
2005-12-28,514.2000122070312,8.864999771118164
2005-12-29,515.7000122070312,8.812000274658203
2005-12-30,517.0999755859375,8.819999694824219
2006-01-03,530.7000122070312,9.086999893188477
2006-01-04,533.9000244140625,9.10200023651123
2006-01-05,526.2999877929688,8.809000015258789
2006-01-06,539.7000122070312,9.112000465393066
2006-01-09,549.0999755859375,9.222000122070312
2006-01-10,544.2999877929688,8.956999778747559
2006-01-11,548.7999877929688,9.006999969482422
2006-01-12,548.2999877929688,9.006999969482422
2006-01-13,556.0999755859375,9.112000465393066
2006-01-17,553.4000244140625,9.020000457763672
2006-01-18,543.7000122070312,8.819999694824219
2006-01-19,558.4000244140625,9.057999610900879
2006-01-20,553.5,8.880000114440918
2006-01-23,558.2999877929688,9.026000022888184
2006-01-24,557.7000122070312,9.182999610900879
2006-01-25,562.2000122070312,9.46500015258789
2006-01-26,559.7000122070312,9.564000129699707
2006-01-27,558.7000122070312,9.565999984741211
2006-01-30,565.7999877929688,9.739999771118164
2006-01-31,570.7999877929688,9.850000381469727
2006-02-01,569.4000244140625,9.760000228881836
2006-02-02,572.5,9.843999862670898
2006-02-03,567.4000244140625,9.729999542236328
2006-02-06,570.2000122070312,9.727999687194824
2006-02-07,551.0,9.380000114440918
2006-02-08,550.0999755859375,9.414999961853027
2006-02-09,564.5,9.637999534606934
2006-02-10,550.2000122070312,9.359999656677246
2006-02-13,539.0,9.100000381469727
2006-02-14,545.9000244140625,9.29699993133545
2006-02-15,539.7000122070312,9.199000358581543
2006-02-16,546.0,9.357999801635742
2006-02-17,551.7999877929688,9.407999992370605
2006-02-21,553.9000244140625,9.53600025177002
2006-02-22,553.9000244140625,9.567000389099121
2006-02-23,548.4000244140625,9.461999893188477
2006-02-24,558.7999877929688,9.732999801635742
2006-02-27,554.7000122070312,9.60200023651123
2006-02-28,561.5999755859375,9.720000267028809
2006-03-01,563.5,9.710000038146973
2006-03-02,568.2000122070312,10.128000259399414
2006-03-03,566.0,10.16100025177002
2006-03-06,554.9000244140625,9.95300006866455
2006-03-07,552.7000122070312,10.03499984741211
2006-03-08,542.5,9.777000427246094
2006-03-09,545.5,9.902999877929688
2006-03-10,539.9000244140625,9.895000457763672
2006-03-13,546.0999755859375,10.093000411987305
2006-03-14,551.7000122070312,10.182000160217285
2006-03-15,553.0999755859375,10.286999702453613
2006-03-16,554.4000244140625,10.281000137329102
2006-03-17,554.0999755859375,10.305999755859375
2006-03-20,555.2000122070312,10.307000160217285
2006-03-21,552.4000244140625,10.515999794006348
2006-03-22,550.9000244140625,10.446000099182129
2006-03-23,550.0999755859375,10.642999649047852
2006-03-24,560.0,10.687999725341797
2006-03-27,567.0,10.847999572753906
2006-03-28,566.5999755859375,10.826000213623047
2006-03-29,573.0,11.072999954223633
2006-03-30,586.7000122070312,11.618000030517578
2006-03-31,581.7999877929688,11.479999542236328
2006-04-03,589.4000244140625,11.722999572753906
2006-04-04,586.0,11.687999725341797
2006-04-05,587.9000244140625,11.664999961853027
2006-04-06,595.2000122070312,12.006999969482422
2006-04-07,588.4000244140625,12.03499984741211
2006-04-10,597.5999755859375,12.529000282287598
2006-04-11,595.2000122070312,12.572999954223633
2006-04-12,597.5,12.63599967956543
2006-04-13,596.5,12.82800006866455
2006-04-17,615.4000244140625,13.34000015258789
2006-04-18,620.0,13.760000228881836
2006-04-19,632.5999755859375,14.49899959564209
2006-04-20,619.7999877929688,12.510000228881836
2006-04-21,632.2000122070312,12.96500015258789
2006-04-24,620.5999755859375,11.772000312805176
2006-04-25,631.0,12.555000305175781
2006-04-26,638.7999877929688,12.8100004196167
2006-04-27,633.2999877929688,12.470000267028809
2006-04-28,651.7999877929688,13.510000228881836
2006-05-01,657.5,13.85200023651123
2006-05-02,664.7000122070312,14.109999656677246
2006-05-03,665.9000244140625,13.704000473022461
2006-05-04,674.2000122070312,13.734999656677246
2006-05-05,682.2000122070312,13.791999816894531
2006-05-08,677.7999877929688,13.677000045776367
2006-05-09,699.4000244140625,14.37399959564209
2006-05-10,703.7000122070312,14.190999984741211
2006-05-11,719.7999877929688,14.845999717712402
2006-05-12,710.2999877929688,14.145999908447266
2006-05-15,683.5999755859375,13.246000289916992
2006-05-16,691.5,13.45199966430664
2006-05-17,690.5,13.156999588012695
2006-05-18,679.5999755859375,12.437000274658203
2006-05-19,656.7000122070312,12.277000427246094
2006-05-22,657.0,12.354999542236328
2006-05-23,673.0,13.100000381469727
2006-05-24,637.0,12.449999809265137
2006-05-25,648.4000244140625,12.539999961853027
2006-05-26,650.9000244140625,12.675000190734863
2006-05-30,653.9000244140625,13.012999534606934
2006-05-31,642.5,12.39799976348877
2006-06-01,627.5999755859375,11.850000381469727
2006-06-02,635.5,12.03499984741211
2006-06-05,643.2000122070312,12.244999885559082
2006-06-06,629.4000244140625,11.805000305175781
2006-06-07,627.4000244140625,11.857000350952148
2006-06-08,609.0999755859375,11.041999816894531
2006-06-09,608.2000122070312,11.177000045776367
2006-06-12,606.7999877929688,11.03499984741211
2006-06-13,562.5,9.595000267028809
2006-06-14,562.2999877929688,9.706999778747559
2006-06-15,566.5,9.949999809265137
2006-06-16,578.0,10.109999656677246
2006-06-19,568.7999877929688,9.949000358581543
2006-06-20,576.9000244140625,10.25
2006-06-21,587.5,10.399999618530273
2006-06-22,582.2000122070312,10.194999694824219
2006-06-23,584.7999877929688,10.270999908447266
2006-06-26,584.7999877929688,10.229000091552734
2006-06-27,581.5999755859375,10.1850004196167
2006-06-28,578.2999877929688,10.14799976348877
2006-06-29,586.5,10.333000183105469
2006-06-30,613.5,10.90999984741211
2006-07-03,,10.833000183105469
2006-07-05,627.2999877929688,11.335000038146973
2006-07-06,634.0999755859375,11.506999969482422
2006-07-07,632.7999877929688,11.324999809265137
2006-07-10,624.0999755859375,11.029999732971191
2006-07-11,641.2000122070312,11.470000267028809
2006-07-12,649.4000244140625,11.475000381469727
2006-07-13,652.9000244140625,11.404999732971191
2006-07-14,666.5999755859375,11.449999809265137
2006-07-17,650.5999755859375,11.010000228881836
2006-07-18,628.2999877929688,10.454999923706055
2006-07-19,641.5999755859375,11.055000305175781
2006-07-20,631.7000122070312,11.005000114440918
2006-07-21,619.5999755859375,10.78499984741211
2006-07-24,612.7000122070312,10.869999885559082
2006-07-25,617.5999755859375,10.895000457763672
2006-07-26,621.5999755859375,11.029999732971191
2006-07-27,632.4000244140625,11.34000015258789
2006-07-28,634.7999877929688,11.319999694824219
2006-07-31,634.2000122070312,11.324999809265137
2006-08-01,646.2999877929688,11.694999694824219
2006-08-02,651.5999755859375,12.20300006866455
2006-08-03,644.9000244140625,12.045000076293945
2006-08-04,644.0,12.4399995803833
2006-08-07,647.7999877929688,12.222999572753906
2006-08-08,645.7000122070312,12.220000267028809
2006-08-09,650.5,12.529999732971191
2006-08-10,634.9000244140625,12.069999694824219
2006-08-11,633.5,11.852999687194824
2006-08-14,628.5,12.128000259399414
2006-08-15,622.5,12.055999755859375
2006-08-16,628.7000122070312,12.258999824523926
2006-08-17,615.4000244140625,11.972999572753906
2006-08-18,612.0999755859375,12.010000228881836
2006-08-21,625.7000122070312,12.324999809265137
2006-08-22,624.5999755859375,12.244999885559082
2006-08-23,623.7000122070312,12.498000144958496
2006-08-24,619.5,12.29699993133545
2006-08-25,622.0,12.359000205993652
2006-08-28,615.2999877929688,12.013999938964844
2006-08-29,610.7000122070312,12.142000198364258
2006-08-30,617.7000122070312,12.498000144958496
2006-08-31,625.9000244140625,12.899999618530273
2006-09-01,624.4000244140625,12.970000267028809
2006-09-04,624.4000244140625,12.914999961853027
2006-09-05,638.5,13.005000114440918
2006-09-06,633.5,13.0649995803833
2006-09-07,617.0,12.562999725341797
2006-09-08,609.5999755859375,12.163000106811523
2006-09-11,590.0,11.107999801635742
2006-09-12,586.9000244140625,11.024999618530273
2006-09-13,589.0999755859375,11.085000038146973
2006-09-14,579.2999877929688,10.835000038146973
2006-09-15,576.4000244140625,10.760000228881836
2006-09-18,586.2000122070312,11.175000190734863
2006-09-19,576.7999877929688,10.829999923706055
2006-09-20,580.0,11.027000427246094
2006-09-21,582.2000122070312,11.13700008392334
2006-09-22,589.4000244140625,11.20199966430664
2006-09-25,589.9000244140625,11.217000007629395
2006-09-26,591.2000122070312,11.395000457763672
2006-09-27,597.2999877929688,11.600000381469727
2006-09-28,605.0,11.645000457763672
2006-09-29,598.5999755859375,11.449999809265137
2006-10-02,597.7000122070312,11.550000190734863
2006-10-03,576.2999877929688,10.954999923706055
2006-10-04,562.0,10.704999923706055
2006-10-05,571.0,10.979999542236328
2006-10-06,572.4000244140625,11.085000038146973
2006-10-09,578.4000244140625,11.329999923706055
2006-10-10,571.9000244140625,11.135000228881836
2006-10-11,572.2999877929688,11.244999885559082
2006-10-12,576.2999877929688,11.295000076293945
2006-10-13,588.7999877929688,11.597999572753906
2006-10-16,594.7000122070312,11.82800006866455
2006-10-17,589.7000122070312,11.697999954223633
2006-10-18,588.9000244140625,11.743000030517578
2006-10-19,599.0,12.085000038146973
2006-10-20,593.0,11.890000343322754
2006-10-23,579.7000122070312,11.600000381469727
2006-10-24,584.4000244140625,11.779999732971191
2006-10-25,587.5999755859375,11.819999694824219
2006-10-26,596.7999877929688,12.170000076293945
2006-10-27,598.2000122070312,12.015000343322754
2006-10-30,604.7000122070312,12.194999694824219
2006-10-31,604.0999755859375,12.211999893188477
2006-11-01,616.5999755859375,12.416999816894531
2006-11-02,625.4000244140625,12.597999572753906
2006-11-03,626.9000244140625,12.585000038146973
2006-11-06,625.7999877929688,12.713000297546387
2006-11-07,625.7000122070312,12.628000259399414
2006-11-08,616.4000244140625,12.506999969482422
2006-11-09,635.0,13.010000228881836
2006-11-10,628.4000244140625,13.07699966430664
2006-11-13,624.2000122070312,12.854999542236328
2006-11-14,623.7999877929688,12.861000061035156
2006-11-15,622.5,12.916999816894531
2006-11-16,620.5999755859375,12.92199993133545
2006-11-17,621.5,12.779000282287598
2006-11-20,621.2000122070312,12.720999717712402
2006-11-21,628.2000122070312,13.071999549865723
2006-11-22,628.7000122070312,13.029999732971191
2006-11-24,628.7000122070312,
2006-11-27,,13.484999656677246
2006-11-28,637.2000122070312,13.619999885559082
2006-11-29,635.5,13.565999984741211
2006-11-30,646.9000244140625,13.925000190734863
2006-12-01,644.7000122070312,14.005999565124512
2006-12-04,645.2000122070312,14.060999870300293
2006-12-05,642.2999877929688,13.845000267028809
2006-12-06,630.5,13.614999771118164
2006-12-07,631.9000244140625,13.861000061035156
2006-12-08,626.0999755859375,13.718999862670898
2006-12-11,630.0,13.850000381469727
2006-12-12,627.0,13.812999725341797
2006-12-13,627.9000244140625,13.746999740600586
2006-12-14,626.5999755859375,13.78499984741211
2006-12-15,615.0,12.822999954223633
2006-12-18,614.0,12.381999969482422
2006-12-19,621.5999755859375,12.569999694824219
2006-12-20,620.5999755859375,12.510000228881836
2006-12-21,618.2000122070312,12.357999801635742
2006-12-22,619.0999755859375,12.508000373840332
2006-12-26,623.7000122070312,12.602999687194824
2006-12-27,627.2000122070312,12.803000450134277
2006-12-28,634.0999755859375,12.822999954223633
2006-12-29,635.2000122070312,12.817999839782715
2007-01-02,635.2000122070312,12.817999839782715
2007-01-03,627.0999755859375,12.555000305175781
2007-01-04,623.9000244140625,12.72700023651123
2007-01-05,604.9000244140625,12.130000114440918
2007-01-08,607.5,12.260000228881836
2007-01-09,613.0999755859375,12.498000144958496
2007-01-10,611.5999755859375,12.350000381469727
2007-01-11,612.4000244140625,12.375
2007-01-12,625.5,12.79800033569336
2007-01-16,624.5999755859375,12.539999961853027
2007-01-17,632.0999755859375,12.812999725341797
2007-01-18,627.0999755859375,12.607999801635742
2007-01-19,635.5,12.845000267028809
2007-01-22,633.2999877929688,12.925000190734863
2007-01-23,645.2000122070312,13.1850004196167
2007-01-24,647.5999755859375,13.201000213623047
2007-01-25,647.7999877929688,13.42199993133545
2007-01-26,644.5,13.3100004196167
2007-01-29,643.0999755859375,13.1899995803833
2007-01-30,644.2000122070312,13.319000244140625
2007-01-31,652.0,13.513999938964844
2007-02-01,657.4000244140625,13.67199993133545
2007-02-02,646.2000122070312,13.32699966430664
2007-02-05,650.9000244140625,13.515000343322754
2007-02-06,653.5999755859375,13.630000114440918
2007-02-07,652.2999877929688,13.666999816894531
2007-02-08,658.0,13.732000350952148
2007-02-09,667.5,13.878999710083008
2007-02-12,662.5999755859375,13.678999900817871
2007-02-13,663.9000244140625,13.880999565124512
2007-02-14,667.4000244140625,13.932999610900879
2007-02-15,667.2999877929688,13.9399995803833
2007-02-16,668.7999877929688,13.970000267028809
2007-02-20,657.0999755859375,13.812000274658203
2007-02-21,680.2000122070312,14.258000373840332
2007-02-22,679.4000244140625,14.241000175476074
2007-02-23,683.0999755859375,14.58899974822998
2007-02-26,686.5,14.6899995803833
2007-02-27,683.9000244140625,14.545000076293945
2007-02-28,669.4000244140625,14.100000381469727
2007-03-01,662.2999877929688,13.529999732971191
2007-03-02,641.5,12.845000267028809
2007-03-05,636.7000122070312,12.640000343322754
2007-03-06,643.7999877929688,12.876999855041504
2007-03-07,650.5999755859375,13.0
2007-03-08,653.4000244140625,13.017000198364258
2007-03-09,650.0,12.869999885559082
2007-03-12,648.4000244140625,12.984999656677246
2007-03-13,647.5999755859375,12.86299991607666
2007-03-14,640.9000244140625,12.739999771118164
2007-03-15,645.7000122070312,12.987000465393066
2007-03-16,652.5999755859375,13.126999855041504
2007-03-19,653.0999755859375,13.147000312805176
2007-03-20,657.9000244140625,13.28499984741211
2007-03-21,659.0,13.237000465393066
2007-03-22,663.4000244140625,13.402999877929688
2007-03-23,656.7000122070312,13.152000427246094
2007-03-26,663.4000244140625,13.34000015258789
2007-03-27,662.0999755859375,13.210000038146973
2007-03-28,666.5,13.38700008392334
2007-03-29,661.5,13.277999877929688
2007-03-30,663.0,13.390000343322754
2007-04-02,665.7000122070312,13.293000221252441
2007-04-03,664.0,13.375
2007-04-04,672.0999755859375,13.569999694824219
2007-04-05,674.2000122070312,13.694000244140625
2007-04-09,671.9000244140625,13.765999794006348
2007-04-10,676.5,13.887999534606934
2007-04-11,676.7999877929688,13.850000381469727
2007-04-12,675.0999755859375,13.819999694824219
2007-04-13,685.4000244140625,14.057999610900879
2007-04-16,690.0999755859375,14.050000190734863
2007-04-17,688.2000122070312,13.991999626159668
2007-04-18,689.0999755859375,13.949000358581543
2007-04-19,684.2999877929688,13.715999603271484
2007-04-20,692.0,13.937999725341797
2007-04-23,690.5999755859375,14.032999992370605
2007-04-24,684.2000122070312,13.769000053405762
2007-04-25,684.0999755859375,13.751999855041504
2007-04-26,674.9000244140625,13.319999694824219
2007-04-27,678.7000122070312,13.442999839782715
2007-04-30,680.5,13.444999694824219
2007-05-01,674.4000244140625,13.244999885559082
2007-05-02,672.2999877929688,13.21399974822998
2007-05-03,681.7999877929688,13.392999649047852
2007-05-04,687.2000122070312,13.414999961853027
2007-05-07,688.0,13.527000427246094
2007-05-08,685.0999755859375,13.48900032043457
2007-05-09,680.2999877929688,13.361000061035156
2007-05-10,665.0999755859375,13.039999961853027
2007-05-11,670.5999755859375,13.210000038146973
2007-05-14,668.5,13.142000198364258
2007-05-15,673.0,13.22599983215332
2007-05-16,660.2000122070312,12.843000411987305
2007-05-17,656.2000122070312,12.805999755859375
2007-05-18,661.0,12.925999641418457
2007-05-21,662.9000244140625,13.057000160217285
2007-05-22,659.0999755859375,12.918999671936035
2007-05-23,661.9000244140625,13.03499984741211
2007-05-24,653.0,12.85200023651123
2007-05-25,655.0999755859375,12.9350004196167
2007-05-29,657.0999755859375,13.157999992370605
2007-05-30,653.0999755859375,13.154999732971191
2007-05-31,661.0,13.409000396728516
2007-06-01,671.2000122070312,13.680999755859375
2007-06-04,670.7000122070312,13.685999870300293
2007-06-05,669.5999755859375,13.756999969482422
2007-06-06,669.2999877929688,13.663999557495117
2007-06-07,660.0999755859375,13.4350004196167
2007-06-08,645.5,12.99899959564209
2007-06-11,654.2999877929688,13.237000465393066
2007-06-12,648.5,13.055000305175781
2007-06-13,648.2000122070312,13.027000427246094
2007-06-14,651.5999755859375,13.135000228881836
2007-06-15,654.5,13.234000205993652
2007-06-18,655.7999877929688,13.211000442504883
2007-06-19,660.7000122070312,13.303000450134277
2007-06-20,656.0999755859375,13.227999687194824
2007-06-21,650.5999755859375,13.074999809265137
2007-06-22,653.5,13.008000373840332
2007-06-25,651.2999877929688,12.866000175476074
2007-06-26,642.0999755859375,12.270000457763672
2007-06-27,641.7000122070312,12.210000038146973
2007-06-28,647.5,12.378999710083008
2007-06-29,648.0999755859375,12.352999687194824
2007-07-02,656.5,12.621999740600586
2007-07-03,652.9000244140625,12.569000244140625
2007-07-05,648.4000244140625,12.468999862670898
2007-07-06,652.7000122070312,12.64799976348877
2007-07-09,660.5,12.71399974822998
2007-07-10,662.5,12.866999626159668
2007-07-11,660.2999877929688,12.869000434875488
2007-07-12,666.7000122070312,13.07800006866455
2007-07-13,665.7999877929688,13.01099967956543
2007-07-16,665.0,12.968000411987305
2007-07-17,664.7000122070312,12.92300033569336
2007-07-18,672.5999755859375,13.197999954223633
2007-07-19,677.2000122070312,13.28499984741211
2007-07-20,683.9000244140625,13.3149995803833
2007-07-23,680.7999877929688,13.244000434875488
2007-07-24,684.2000122070312,13.359000205993652
2007-07-25,673.2999877929688,13.067999839782715
2007-07-26,662.5,12.878000259399414
2007-07-27,660.0,12.642999649047852
2007-07-30,664.0999755859375,12.833999633789062
2007-07-31,666.9000244140625,12.949999809265137
2007-08-01,663.5999755859375,12.887999534606934
2007-08-02,664.5999755859375,12.9350004196167
2007-08-03,672.5,13.100000381469727
2007-08-06,671.5,12.97700023651123
2007-08-07,670.5999755859375,13.041000366210938
2007-08-08,674.5,13.118000030517578
2007-08-09,661.4000244140625,12.654999732971191
2007-08-10,670.2999877929688,12.824999809265137
2007-08-13,669.7000122070312,12.812000274658203
2007-08-14,668.5999755859375,12.706999778747559
2007-08-15,668.9000244140625,12.517999649047852
2007-08-16,648.2999877929688,11.46500015258789
2007-08-17,656.9000244140625,11.772000312805176
2007-08-20,656.7000122070312,11.708999633789062
2007-08-21,656.7000122070312,11.48900032043457
2007-08-22,659.0999755859375,11.545999526977539
2007-08-23,658.9000244140625,11.623000144958496
2007-08-24,668.0,11.925000190734863
2007-08-27,666.7999877929688,11.751999855041504
2007-08-28,664.4000244140625,11.753999710083008
2007-08-29,666.2999877929688,11.836999893188477
2007-08-30,665.0,11.791000366210938
2007-08-31,673.0,12.062999725341797
2007-09-04,682.5,12.281000137329102
2007-09-05,681.7000122070312,12.1899995803833
2007-09-06,695.5999755859375,12.364999771118164
2007-09-07,700.7999877929688,12.592000007629395
2007-09-10,703.2999877929688,12.531999588012695
2007-09-11,712.2000122070312,12.666999816894531
2007-09-12,711.9000244140625,12.625
2007-09-13,709.5,12.513999938964844
2007-09-14,709.5999755859375,12.543999671936035
2007-09-17,715.7999877929688,12.73900032043457
2007-09-18,715.7999877929688,12.767000198364258
2007-09-19,722.0,12.956000328063965
2007-09-20,732.4000244140625,13.321000099182129
2007-09-21,731.4000244140625,13.473999977111816
2007-09-24,732.0999755859375,13.496999740600586
2007-09-25,731.5999755859375,13.482000350952148
2007-09-26,728.2999877929688,13.416000366210938
2007-09-27,732.7000122070312,13.517000198364258
2007-09-28,742.7999877929688,13.793999671936035
2007-10-01,747.2000122070312,13.729000091552734
2007-10-02,729.7999877929688,13.32699966430664
2007-10-03,729.2999877929688,13.348999977111816
2007-10-04,737.7999877929688,13.388999938964844
2007-10-05,741.2999877929688,13.378999710083008
2007-10-08,732.7999877929688,13.25
2007-10-09,737.4000244140625,13.475000381469727
2007-10-10,740.4000244140625,13.562000274658203
2007-10-11,751.2999877929688,13.883000373840332
2007-10-12,748.7000122070312,13.803000450134277
2007-10-15,757.0999755859375,13.756999969482422
2007-10-16,757.0,13.562000274658203
2007-10-17,757.5,13.656000137329102
2007-10-18,764.0999755859375,13.711000442504883
2007-10-19,764.0,13.553000450134277
2007-10-22,755.7999877929688,13.475000381469727
2007-10-23,759.0,13.571999549865723
2007-10-24,761.5999755859375,13.515000343322754
2007-10-25,767.2999877929688,13.835000038146973
2007-10-26,783.9000244140625,14.211999893188477
2007-10-29,789.0999755859375,14.364999771118164
2007-10-30,784.2999877929688,14.267000198364258
2007-10-31,792.0,14.376999855041504
2007-11-01,790.7000122070312,14.270000457763672
2007-11-02,805.7000122070312,14.545999526977539
2007-11-05,808.0999755859375,14.732000350952148
2007-11-06,820.7999877929688,15.32699966430664
2007-11-07,831.0,15.272000312805176
2007-11-08,835.2000122070312,15.467000007629395
2007-11-09,832.5,15.49899959564209
2007-11-12,805.7999877929688,14.718999862670898
2007-11-13,797.2000122070312,14.571000099182129
2007-11-14,813.0,15.029000282287598
2007-11-15,785.9000244140625,14.45199966430664
2007-11-16,785.7000122070312,14.482999801635742
2007-11-19,776.7999877929688,14.13599967956543
2007-11-20,790.2999877929688,14.477999687194824
2007-11-21,797.5999755859375,14.399999618530273
2007-11-23,824.0,14.71500015258789
2007-11-26,826.0,14.817000389099121
2007-11-27,813.7000122070312,14.473999977111816
2007-11-28,800.0999755859375,14.329000473022461
2007-11-29,795.2999877929688,14.237000465393066
2007-11-30,782.2000122070312,13.963000297546387
2007-12-03,788.2999877929688,14.01099967956543
2007-12-04,801.2999877929688,14.270999908447266
2007-12-05,797.5,14.270000457763672
2007-12-06,801.2000122070312,14.4399995803833
2007-12-07,794.4000244140625,14.324999809265137
2007-12-10,807.7000122070312,14.673999786376953
2007-12-11,811.4000244140625,14.694999694824219
2007-12-12,813.5,14.654999732971191
2007-12-13,799.0,14.071999549865723
2007-12-14,793.2999877929688,13.826000213623047
2007-12-17,794.7999877929688,13.826000213623047
2007-12-18,803.0,14.013999938964844
2007-12-19,801.0999755859375,14.072999954223633
2007-12-20,799.2000122070312,14.196000099182129
2007-12-21,811.5999755859375,14.345999717712402
2007-12-24,812.7999877929688,14.520000457763672
2007-12-26,826.0,14.694999694824219
2007-12-27,828.5999755859375,14.678000450134277
2007-12-28,839.5999755859375,14.770000457763672
2007-12-31,834.9000244140625,14.79699993133545
2008-01-02,857.0,15.166999816894531
2008-01-03,866.4000244140625,15.381999969482422
2008-01-04,863.0999755859375,15.345999717712402
2008-01-07,859.5999755859375,15.180000305175781
2008-01-08,878.0,15.706999778747559
2008-01-09,879.5,15.734000205993652
2008-01-10,891.7000122070312,16.17300033569336
2008-01-11,896.0999755859375,16.273000717163086
2008-01-14,901.5999755859375,16.325000762939453
2008-01-15,901.0,16.204999923706055
2008-01-16,880.5999755859375,15.807000160217285
2008-01-17,879.5,15.930000305175781
2008-01-18,880.7999877929688,16.13800048828125
2008-01-22,889.5999755859375,16.030000686645508
2008-01-23,882.5,15.902000427246094
2008-01-24,905.5,16.273000717163086
2008-01-25,910.5,16.42799949645996
2008-01-28,927.0999755859375,16.690000534057617
2008-01-29,925.0999755859375,16.7450008392334
2008-01-30,920.5999755859375,16.711000442504883
2008-01-31,922.7000122070312,16.947999954223633
2008-02-01,908.7000122070312,16.823999404907227
2008-02-04,904.9000244140625,16.739999771118164
2008-02-05,885.9000244140625,16.30299949645996
2008-02-06,900.7000122070312,16.507999420166016
2008-02-07,906.0999755859375,16.735000610351562
2008-02-08,918.4000244140625,17.075000762939453
2008-02-11,922.9000244140625,17.433000564575195
2008-02-12,907.4000244140625,17.218000411987305
2008-02-13,906.5,17.326000213623047
2008-02-14,907.4000244140625,17.229999542236328
2008-02-15,902.7999877929688,17.097999572753906
2008-02-19,926.5999755859375,17.489999771118164
2008-02-20,934.5999755859375,17.7450008392334
2008-02-21,946.0999755859375,17.940000534057617
2008-02-22,944.7000122070312,18.024999618530273
2008-02-25,937.5999755859375,18.079999923706055
2008-02-26,946.0999755859375,18.711999893188477
2008-02-27,958.2000122070312,19.20199966430664
2008-02-28,964.5,19.6299991607666
2008-02-29,972.0999755859375,19.808000564575195
2008-03-03,981.5,20.072999954223633
2008-03-04,963.9000244140625,19.738000869750977
2008-03-05,986.2000122070312,20.684999465942383
2008-03-06,975.0,20.131000518798828
2008-03-07,972.2000122070312,20.158000946044922
2008-03-10,969.9000244140625,19.697999954223633
2008-03-11,974.2000122070312,19.676000595092773
2008-03-12,978.7999877929688,19.910999298095703
2008-03-13,992.2999877929688,20.339000701904297
2008-03-14,998.2000122070312,20.573999404907227
2008-03-17,1001.4000244140625,20.222000122070312
2008-03-18,1003.2000122070312,19.889999389648438
2008-03-19,944.7000122070312,18.395000457763672
2008-03-20,919.5999755859375,16.80500030517578
2008-03-24,918.2999877929688,17.066999435424805
2008-03-25,934.5999755859375,17.761999130249023
2008-03-26,949.0,18.34600067138672
2008-03-27,948.7999877929688,18.51300048828125
2008-03-28,930.5999755859375,17.899999618530273
2008-03-31,916.2000122070312,17.274999618530273
2008-04-01,882.9000244140625,16.854999542236328
2008-04-02,895.2000122070312,17.14699935913086
2008-04-03,905.0,17.44700050354004
2008-04-04,909.0,17.722000122070312
2008-04-07,922.7000122070312,18.086999893188477
2008-04-08,914.0,17.674999237060547
2008-04-09,933.5999755859375,18.170000076293945
2008-04-10,928.2999877929688,18.01300048828125
2008-04-11,923.5999755859375,17.667999267578125
2008-04-14,925.4000244140625,17.76799964904785
2008-04-15,928.7000122070312,17.829999923706055
2008-04-16,945.0999755859375,18.30500030517578
2008-04-17,939.7999877929688,18.28700065612793
2008-04-18,912.2000122070312,17.802000045776367
2008-04-21,914.7000122070312,17.341999053955078
2008-04-22,922.2999877929688,17.697999954223633
2008-04-23,906.2000122070312,17.155000686645508
2008-04-24,886.7999877929688,16.652000427246094
2008-04-25,887.2000122070312,16.84600067138672
2008-04-28,892.9000244140625,17.01099967956543
2008-04-29,874.2000122070312,16.540000915527344
2008-04-30,862.7999877929688,16.50200080871582
2008-05-01,848.9000244140625,16.121000289916992
2008-05-02,856.0999755859375,16.381000518798828
2008-05-05,872.2999877929688,16.746000289916992
2008-05-06,876.0,16.780000686645508
2008-05-07,869.5999755859375,16.617000579833984
2008-05-08,880.5999755859375,16.79400062561035
2008-05-09,884.5,16.843000411987305
2008-05-12,883.7000122070312,17.158000946044922
2008-05-13,868.5,16.76300048828125
2008-05-14,865.4000244140625,16.549999237060547
2008-05-15,879.0,16.62700080871582
2008-05-16,899.0,16.90399932861328
2008-05-19,905.0,16.974000930786133
2008-05-20,919.5,17.67099952697754
2008-05-21,928.0,17.99799919128418
2008-05-22,917.9000244140625,17.975000381469727
2008-05-23,925.5999755859375,18.240999221801758
2008-05-27,907.7000122070312,17.424999237060547
2008-05-28,900.5,17.3799991607666
2008-05-29,877.2000122070312,16.476999282836914
2008-05-30,887.2999877929688,16.82699966430664
2008-06-02,892.9000244140625,16.874000549316406
2008-06-03,881.5999755859375,16.798999786376953
2008-06-04,879.9000244140625,16.9060001373291
2008-06-05,871.7999877929688,17.136999130249023
2008-06-06,895.4000244140625,17.39699935913086
2008-06-09,894.7000122070312,17.18000030517578
2008-06-10,867.9000244140625,16.60700035095215
2008-06-11,879.7000122070312,16.82900047302246
2008-06-12,869.2000122070312,16.46299934387207
2008-06-13,870.2999877929688,16.540000915527344
2008-06-16,883.5999755859375,17.214000701904297
2008-06-17,884.2999877929688,17.05900001525879
2008-06-18,890.9000244140625,17.325000762939453
2008-06-19,901.7000122070312,17.457000732421875
2008-06-20,901.2999877929688,17.386999130249023
2008-06-23,884.7999877929688,16.781999588012695
2008-06-24,889.2000122070312,16.62700080871582
2008-06-25,880.0,16.499000549316406
2008-06-26,913.0999755859375,17.12299919128418
2008-06-27,929.2999877929688,17.6200008392334
2008-06-30,926.2000122070312,17.420000076293945
2008-07-01,942.5,18.200000762939453
2008-07-02,944.7999877929688,18.336999893188477
2008-07-03,931.9000244140625,18.28499984741211
2008-07-07,927.2999877929688,17.83799934387207
2008-07-08,921.9000244140625,17.8799991607666
2008-07-09,927.2999877929688,18.100000381469727
2008-07-10,940.9000244140625,18.2450008392334
2008-07-11,959.5,18.7450008392334
2008-07-14,972.7000122070312,19.174999237060547
2008-07-15,977.7000122070312,18.94099998474121
2008-07-16,961.7999877929688,18.735000610351562
2008-07-17,970.0,18.66699981689453
2008-07-18,957.2999877929688,18.135000228881836
2008-07-21,963.0999755859375,18.36199951171875
2008-07-22,948.0,17.94499969482422
2008-07-23,922.4000244140625,17.399999618530273
2008-07-24,922.0,17.246000289916992
2008-07-25,926.5999755859375,17.325000762939453
2008-07-28,927.5999755859375,17.41699981689453
2008-07-29,916.4000244140625,17.329999923706055
2008-07-30,902.9000244140625,17.422000885009766
2008-07-31,913.9000244140625,17.75
2008-08-01,909.0,17.481000900268555
2008-08-04,900.0999755859375,17.10300064086914
2008-08-05,878.5999755859375,16.53700065612793
2008-08-06,875.5999755859375,16.472000122070312
2008-08-07,870.7000122070312,16.226999282836914
2008-08-08,857.7999877929688,15.303000450134277
2008-08-11,821.5,14.595000267028809
2008-08-12,808.2000122070312,14.461999893188477
2008-08-13,825.0,14.824000358581543
2008-08-14,808.2000122070312,14.21399974822998
2008-08-15,786.0,12.800999641418457
2008-08-18,799.7000122070312,13.086999893188477
2008-08-19,811.0999755859375,13.093000411987305
2008-08-20,810.2999877929688,13.029000282287598
2008-08-21,833.0,13.718999862670898
2008-08-22,827.4000244140625,13.470000267028809
2008-08-25,819.7999877929688,13.364999771118164
2008-08-26,822.2000122070312,13.571999549865723
2008-08-27,828.0999755859375,13.468000411987305
2008-08-28,830.9000244140625,13.604000091552734
2008-08-29,829.2999877929688,13.607000350952148
2008-09-02,805.0,13.050000190734863
2008-09-03,802.7000122070312,12.859999656677246
2008-09-04,797.9000244140625,12.855999946594238
2008-09-05,797.5999755859375,12.244999885559082
2008-09-08,797.5,11.989999771118164
2008-09-09,787.0999755859375,11.640000343322754
2008-09-10,757.9000244140625,10.817000389099121
2008-09-11,741.2999877929688,10.489999771118164
2008-09-12,760.2999877929688,10.734999656677246
2008-09-15,783.0999755859375,11.074999809265137
2008-09-16,776.5,10.461999893188477
2008-09-17,846.5999755859375,11.619999885559082
2008-09-18,892.7000122070312,12.64799976348877
2008-09-19,860.5999755859375,12.425000190734863
2008-09-22,903.9000244140625,13.399999618530273
2008-09-23,885.5,13.119999885559082
2008-09-24,889.0,13.383999824523926
2008-09-25,877.7000122070312,13.222000122070312
2008-09-26,882.9000244140625,13.458000183105469
2008-09-29,888.2000122070312,12.980999946594238
2008-09-30,874.2000122070312,12.230999946594238
2008-10-01,880.7000122070312,12.720000267028809
2008-10-02,839.0,11.0649995803833
2008-10-03,828.9000244140625,11.270000457763672
2008-10-06,862.7000122070312,11.229999542236328
2008-10-07,878.4000244140625,11.324999809265137
2008-10-08,903.0999755859375,11.717000007629395
2008-10-09,883.0999755859375,11.819999694824219
2008-10-10,855.4000244140625,10.545000076293945
2008-10-13,838.9000244140625,10.737000465393066
2008-10-14,836.2999877929688,11.017999649047852
2008-10-15,835.5,10.142000198364258
2008-10-16,801.5,9.607000350952148
2008-10-17,785.0999755859375,9.3100004196167
2008-10-20,787.5999755859375,9.664999961853027
2008-10-21,766.0999755859375,10.050000190734863
2008-10-22,733.2999877929688,9.45199966430664
2008-10-23,713.2999877929688,9.5
2008-10-24,729.0999755859375,9.295000076293945
2008-10-27,741.7000122070312,9.194999694824219
2008-10-28,739.2999877929688,8.789999961853027
2008-10-29,752.7999877929688,9.805000305175781
2008-10-30,737.2000122070312,9.78499984741211
2008-10-31,716.7999877929688,9.729999542236328
2008-11-03,725.4000244140625,9.75
2008-11-04,756.0,10.130000114440918
2008-11-05,741.2999877929688,10.454999923706055
2008-11-06,731.2000122070312,10.055000305175781
2008-11-07,733.2000122070312,9.963000297546387
2008-11-10,745.5999755859375,10.220000267028809
2008-11-11,732.0,9.805000305175781
2008-11-12,717.7000122070312,9.479999542236328
2008-11-13,704.9000244140625,8.800000190734863
2008-11-14,742.4000244140625,9.489999771118164
2008-11-17,741.9000244140625,9.329999923706055
2008-11-18,732.5999755859375,9.550000190734863
2008-11-19,735.9000244140625,9.3100004196167
2008-11-20,748.5999755859375,9.024999618530273
2008-11-21,791.7000122070312,9.479999542236328
2008-11-24,819.4000244140625,10.354999542236328
2008-11-25,818.4000244140625,10.270000457763672
2008-11-26,808.5,10.220000267028809
2008-11-28,816.2000122070312,10.1850004196167
2008-12-01,774.5999755859375,9.350000381469727
2008-12-02,781.2999877929688,9.59000015258789
2008-12-03,768.7999877929688,9.564000129699707
2008-12-04,763.7999877929688,9.491000175476074
2008-12-05,750.5,9.401000022888184
2008-12-08,767.4000244140625,9.9399995803833
2008-12-09,772.4000244140625,9.8149995803833
2008-12-10,807.0999755859375,10.164999961853027
2008-12-11,824.9000244140625,10.390000343322754
2008-12-12,818.9000244140625,10.199000358581543
2008-12-15,835.4000244140625,10.58899974822998
2008-12-16,841.7000122070312,10.673999786376953
2008-12-17,867.5,11.388999938964844
2008-12-18,859.5999755859375,11.08899974822998
2008-12-19,836.4000244140625,10.819000244140625
2008-12-22,846.2000122070312,10.829000473022461
2008-12-23,837.2000122070312,10.232999801635742
2008-12-24,847.0999755859375,10.322999954223633
2008-12-26,870.4000244140625,10.503000259399414
2008-12-29,874.5999755859375,10.782999992370605
2008-12-30,869.2999877929688,10.954999923706055
2008-12-31,883.5999755859375,11.270000457763672
2009-01-02,878.7999877929688,11.46500015258789
2009-01-05,857.2000122070312,11.244999885559082
2009-01-06,865.4000244140625,11.420000076293945
2009-01-07,841.0999755859375,11.079999923706055
2009-01-08,853.9000244140625,11.071999549865723
2009-01-09,854.2999877929688,11.295000076293945
2009-01-12,820.2999877929688,10.725000381469727
2009-01-13,820.0999755859375,10.654999732971191
2009-01-14,808.2000122070312,10.45199966430664
2009-01-15,806.7000122070312,10.420000076293945
2009-01-16,839.2999877929688,11.194999694824219
2009-01-20,854.5999755859375,11.157999992370605
2009-01-21,849.5999755859375,11.3149995803833
2009-01-22,858.2000122070312,11.357000350952148
2009-01-23,895.2999877929688,11.932000160217285
2009-01-26,908.5,12.10200023651123
2009-01-27,899.2000122070312,12.166999816894531
2009-01-28,888.0999755859375,11.963000297546387
2009-01-29,905.0999755859375,12.140000343322754
2009-01-30,927.2999877929688,12.5600004196167
2009-02-02,906.7000122070312,12.40999984741211
2009-02-03,892.0,12.295000076293945
2009-02-04,901.5999755859375,12.46500015258789
2009-02-05,913.5999755859375,12.744999885559082
2009-02-06,913.9000244140625,13.154999732971191
2009-02-09,892.4000244140625,12.824999809265137
2009-02-10,913.7000122070312,13.125
2009-02-11,943.7999877929688,13.515000343322754
2009-02-12,948.5,13.505000114440918
2009-02-13,941.5,13.619999885559082
2009-02-17,967.0,14.008000373840332
2009-02-18,977.7000122070312,14.288000106811523
2009-02-19,976.0999755859375,13.932999610900879
2009-02-20,1001.7999877929688,14.48799991607666
2009-02-23,994.5999755859375,14.447999954223633
2009-02-24,969.0999755859375,13.993000030517578
2009-02-25,965.7000122070312,13.873000144958496
2009-02-26,941.7999877929688,12.949999809265137
2009-02-27,941.5,13.085000038146973
2009-03-02,939.0,13.050000190734863
2009-03-03,912.9000244140625,12.694999694824219
2009-03-04,906.0,12.899999618530273
2009-03-05,927.0,13.104999542236328
2009-03-06,942.0999755859375,13.322999954223633
2009-03-09,917.7000122070312,12.949999809265137
2009-03-10,895.5999755859375,12.5600004196167
2009-03-11,910.4000244140625,12.8149995803833
2009-03-12,923.7000122070312,12.958000183105469
2009-03-13,929.7999877929688,13.229999542236328
2009-03-16,921.5999755859375,12.904999732971191
2009-03-17,916.4000244140625,12.6850004196167
2009-03-18,888.7000122070312,11.949999809265137
2009-03-19,958.2999877929688,13.5
2009-03-20,955.7999877929688,13.82699966430664
2009-03-23,952.0999755859375,13.862000465393066
2009-03-24,923.2999877929688,13.343999862670898
2009-03-25,935.4000244140625,13.423999786376953
2009-03-26,939.5999755859375,13.607000350952148
2009-03-27,923.0,13.25100040435791
2009-03-30,915.5,13.02299976348877
2009-03-31,922.5999755859375,12.975000381469727
2009-04-01,926.0999755859375,12.96500015258789
2009-04-02,907.4000244140625,13.015000343322754
2009-04-03,895.5999755859375,12.725000381469727
2009-04-06,871.5,12.104999542236328
2009-04-07,882.2000122070312,12.204999923706055
2009-04-08,884.7999877929688,12.335000038146973
2009-04-09,882.2000122070312,12.324999809265137
2009-04-13,894.7000122070312,12.762999534606934
2009-04-14,890.9000244140625,12.760000228881836
2009-04-15,892.7999877929688,12.795000076293945
2009-04-16,879.2999877929688,12.25
2009-04-17,867.4000244140625,11.78499984741211
2009-04-20,887.0,12.100000381469727
2009-04-21,882.0999755859375,12.055000305175781
2009-04-22,891.7999877929688,12.300000190734863
2009-04-23,905.9000244140625,12.75
2009-04-24,913.5999755859375,12.914999961853027
2009-04-27,907.4000244140625,12.949999809265137
2009-04-28,892.7999877929688,12.395000457763672
2009-04-29,899.7999877929688,12.753999710083008
2009-04-30,890.7000122070312,12.305000305175781
2009-05-01,887.5999755859375,12.479999542236328
2009-05-04,901.5999755859375,13.093000411987305
2009-05-05,903.7000122070312,13.402000427246094
2009-05-06,910.5,13.692000389099121
2009-05-07,915.0,14.01200008392334
2009-05-08,914.4000244140625,13.9350004196167
2009-05-11,913.0,13.890000343322754
2009-05-12,923.5,14.194999694824219
2009-05-13,925.5,14.0
2009-05-14,928.0,14.020000457763672
2009-05-15,930.9000244140625,13.989999771118164
2009-05-18,921.2999877929688,13.8100004196167
2009-05-19,926.2999877929688,14.109999656677246
2009-05-20,937.0,14.270000457763672
2009-05-21,950.7999877929688,14.4350004196167
2009-05-22,958.5,14.682999610900879
2009-05-26,953.0999755859375,14.588000297546387
2009-05-27,953.2000122070312,14.852999687194824
2009-05-28,961.5,15.149999618530273
2009-05-29,978.7999877929688,15.600000381469727
2009-06-01,978.5999755859375,15.725000381469727
2009-06-02,983.2000122070312,15.944999694824219
2009-06-03,964.5,15.300000190734863
2009-06-04,981.2000122070312,15.883000373840332
2009-06-05,961.7000122070312,15.37600040435791
2009-06-08,951.7000122070312,14.942999839782715
2009-06-09,954.0,15.128000259399414
2009-06-10,954.0,15.213000297546387
2009-06-11,961.2999877929688,15.480999946594238
2009-06-12,940.0999755859375,14.864999771118164
2009-06-15,926.9000244140625,14.020000457763672
2009-06-16,931.5999755859375,14.119999885559082
2009-06-17,935.4000244140625,14.269000053405762
2009-06-18,934.0,14.229000091552734
2009-06-19,935.5999755859375,14.189000129699707
2009-06-22,920.5999755859375,13.694000244140625
2009-06-23,923.9000244140625,13.833999633789062
2009-06-24,934.0999755859375,13.89900016784668
2009-06-25,939.0999755859375,13.994000434875488
2009-06-26,940.7000122070312,14.116999626159668
2009-06-29,940.4000244140625,13.946999549865723
2009-06-30,927.0999755859375,13.574000358581543
2009-07-01,941.0,13.739999771118164
2009-07-02,930.7000122070312,13.392999649047852
2009-07-06,924.0,13.22700023651123
2009-07-07,928.7999877929688,13.208999633789062
2009-07-08,909.0,12.840999603271484
2009-07-09,915.9000244140625,12.923999786376953
2009-07-10,912.2000122070312,12.63700008392334
2009-07-13,922.2000122070312,12.78499984741211
2009-07-14,922.5,12.854999542236328
2009-07-15,939.0999755859375,13.20300006866455
2009-07-16,935.0999755859375,13.229999542236328
2009-07-17,937.2000122070312,13.39799976348877
2009-07-20,948.5,13.619999885559082
2009-07-21,946.5999755859375,13.472999572753906
2009-07-22,953.0,13.694999694824219
2009-07-23,954.5,13.765000343322754
2009-07-24,952.7999877929688,13.869999885559082
2009-07-27,953.2999877929688,13.984999656677246
2009-07-28,939.0,13.734999656677246
2009-07-29,927.2000122070312,13.253000259399414
2009-07-30,934.9000244140625,13.477999687194824
2009-07-31,953.7000122070312,13.932999610900879
2009-08-03,956.5999755859375,14.244999885559082
2009-08-04,967.5,14.687999725341797
2009-08-05,964.2000122070312,14.753000259399414
2009-08-06,960.7000122070312,14.637999534606934
2009-08-07,957.2999877929688,14.66100025177002
2009-08-10,945.0,14.347999572753906
2009-08-11,945.7999877929688,14.338000297546387
2009-08-12,950.7000122070312,14.57800006866455
2009-08-13,954.7000122070312,14.979999542236328
2009-08-14,947.0,14.71500015258789
2009-08-17,934.2999877929688,13.970999717712402
2009-08-18,937.7000122070312,13.956000328063965
2009-08-19,943.2999877929688,13.871000289916992
2009-08-20,940.2999877929688,13.87600040435791
2009-08-21,953.2000122070312,14.15999984741211
2009-08-24,942.2999877929688,14.190999984741211
2009-08-25,944.5,14.305999755859375
2009-08-26,944.2999877929688,14.25100040435791
2009-08-27,945.5,14.215999603271484
2009-08-28,957.0,14.784000396728516
2009-08-31,951.7000122070312,14.89799976348877
2009-09-01,954.7000122070312,15.03499984741211
2009-09-02,976.5999755859375,15.34000015258789
2009-09-03,995.7999877929688,16.26799964904785
2009-09-04,994.9000244140625,16.26300048828125
2009-09-08,997.9000244140625,16.488000869750977
2009-09-09,995.2999877929688,16.44300079345703
2009-09-10,995.4000244140625,16.649999618530273
2009-09-11,1004.9000244140625,16.676000595092773
2009-09-14,999.9000244140625,16.60099983215332
2009-09-15,1005.0,16.97800064086914
2009-09-16,1018.9000244140625,17.408000946044922
2009-09-17,1012.2999877929688,17.243000030517578
2009-09-18,1009.2000122070312,17.042999267578125
2009-09-21,1003.7000122070312,16.857999801635742
2009-09-22,1014.2000122070312,17.093000411987305
2009-09-23,1013.0,16.88800048828125
2009-09-24,997.5,16.273000717163086
2009-09-25,990.2000122070312,16.038000106811523
2009-09-28,992.5,16.17300033569336
2009-09-29,993.0999755859375,16.1560001373291
2009-09-30,1008.0,16.63599967956543
2009-10-01,999.5,16.417999267578125
2009-10-02,1003.2000122070312,16.20800018310547
2009-10-05,1016.7000122070312,16.51300048828125
2009-10-06,1038.5999755859375,17.273000717163086
2009-10-07,1043.300048828125,17.47800064086914
2009-10-08,1055.4000244140625,17.799999237060547
2009-10-09,1047.800048828125,17.674999237060547
2009-10-12,1056.699951171875,17.80500030517578
2009-10-13,1064.199951171875,17.825000762939453
2009-10-14,1063.9000244140625,17.89299964904785
2009-10-15,1049.800048828125,17.399999618530273
2009-10-16,1050.699951171875,17.405000686645508
2009-10-19,1057.300048828125,17.610000610351562
2009-10-20,1057.800048828125,17.542999267578125
2009-10-21,1063.699951171875,17.809999465942383
2009-10-22,1057.800048828125,17.530000686645508
2009-10-23,1055.5999755859375,17.711000442504883
2009-10-26,1042.0999755859375,17.083999633789062
2009-10-27,1034.699951171875,16.5310001373291
2009-10-28,1029.9000244140625,16.231000900268555
2009-10-29,1046.4000244140625,16.645999908447266
2009-10-30,1039.699951171875,16.246000289916992
2009-11-02,1053.4000244140625,16.430999755859375
2009-11-03,1084.300048828125,17.17099952697754
2009-11-04,1086.699951171875,17.395000457763672
2009-11-05,1088.699951171875,17.399999618530273
2009-11-06,1095.0999755859375,17.364999771118164
2009-11-09,1100.800048828125,17.469999313354492
2009-11-10,1101.9000244140625,17.211999893188477
2009-11-11,1114.0,17.527000427246094
2009-11-12,1106.0,17.2549991607666
2009-11-13,1116.0999755859375,17.3700008392334
2009-11-16,1138.5999755859375,18.389999389648438
2009-11-17,1138.800048828125,18.37700080871582
2009-11-18,1140.699951171875,18.406999588012695
2009-11-19,1141.4000244140625,18.44700050354004
2009-11-20,1146.4000244140625,18.433000564575195
2009-11-23,1164.300048828125,18.60300064086914
2009-11-24,1165.5,18.447999954223633
2009-11-25,1186.9000244140625,18.766000747680664
2009-11-27,1174.199951171875,18.302000045776367
2009-11-30,1181.0999755859375,18.4950008392334
2009-12-01,1199.0999755859375,19.18000030517578
2009-12-02,1212.0,19.295000076293945
2009-12-03,1217.4000244140625,19.101999282836914
2009-12-04,1168.800048828125,18.496000289916992
2009-12-07,1163.4000244140625,18.336000442504883
2009-12-08,1142.800048828125,17.78499984741211
2009-12-09,1120.4000244140625,17.158000946044922
2009-12-10,1125.699951171875,17.17300033569336
2009-12-11,1119.4000244140625,17.083999633789062
2009-12-14,1123.300048828125,17.326000213623047
2009-12-15,1122.4000244140625,17.44099998474121
2009-12-16,1135.5,17.679000854492188
2009-12-17,1106.800048828125,17.18000030517578
2009-12-18,1110.800048828125,17.30500030517578
2009-12-21,1095.4000244140625,17.020000457763672
2009-12-22,1086.0,17.014999389648438
2009-12-23,1093.300048828125,17.174999237060547
2009-12-24,1104.0999755859375,17.42300033569336
2009-12-28,1107.199951171875,17.542999267578125
2009-12-29,1097.0,17.090999603271484
2009-12-30,1091.5,16.77899932861328
2009-12-31,1095.199951171875,16.82200050354004
2010-01-04,1117.699951171875,17.440000534057617
2010-01-05,1118.0999755859375,17.7810001373291
2010-01-06,1135.9000244140625,18.163000106811523
2010-01-07,1133.0999755859375,18.33300018310547
2010-01-08,1138.199951171875,18.45800018310547
2010-01-11,1150.699951171875,18.683000564575195
2010-01-12,1128.9000244140625,18.243000030517578
2010-01-13,1136.4000244140625,18.538000106811523
2010-01-14,1142.5999755859375,18.64299964904785
2010-01-15,1130.0999755859375,18.410999298095703
2010-01-19,1139.699951171875,18.784000396728516
2010-01-20,1112.300048828125,17.865999221801758
2010-01-21,1102.699951171875,17.496000289916992
2010-01-22,1089.199951171875,16.917999267578125
2010-01-25,1095.199951171875,17.131000518798828
2010-01-26,1097.9000244140625,16.84600067138672
2010-01-27,1084.4000244140625,16.42799949645996
2010-01-28,1083.5999755859375,16.20199966430664
2010-01-29,1083.0,16.183000564575195
2010-02-01,1104.300048828125,16.652999877929688
2010-02-02,1117.4000244140625,16.736000061035156
2010-02-03,1111.4000244140625,16.309999465942383
2010-02-04,1062.4000244140625,15.343000411987305
2010-02-05,1052.199951171875,14.822999954223633
2010-02-08,1065.699951171875,15.07800006866455
2010-02-09,1076.699951171875,15.430999755859375
2010-02-10,1075.800048828125,15.302000045776367
2010-02-11,1094.199951171875,15.592000007629395
2010-02-12,1089.5,15.449000358581543
2010-02-16,1119.300048828125,16.149999618530273
2010-02-17,1119.5,16.097999572753906
2010-02-18,1118.0,16.059999465942383
2010-02-19,1121.300048828125,16.413000106811523
2010-02-22,1112.5999755859375,16.222000122070312
2010-02-23,1102.699951171875,15.887999534606934
2010-02-24,1096.5,15.9399995803833
2010-02-25,1107.800048828125,16.110000610351562
2010-02-26,1118.300048828125,16.5
2010-03-01,1117.800048828125,16.448999404907227
2010-03-02,1136.9000244140625,17.04400062561035
2010-03-03,1142.699951171875,17.30900001525879
2010-03-04,1132.5999755859375,17.1560001373291
2010-03-05,1134.800048828125,17.36199951171875
2010-03-08,1123.5999755859375,17.25200080871582
2010-03-09,1122.0,17.31800079345703
2010-03-10,1107.800048828125,16.993999481201172
2010-03-11,1108.0,17.13599967956543
2010-03-12,1101.5,17.02400016784668
2010-03-15,1105.0999755859375,17.08300018310547
2010-03-16,1122.199951171875,17.33300018310547
2010-03-17,1124.0,17.50200080871582
2010-03-18,1127.4000244140625,17.406999588012695
2010-03-19,1107.4000244140625,17.017000198364258
2010-03-22,1099.300048828125,16.920000076293945
2010-03-23,1103.5,17.011999130249023
2010-03-24,1088.5999755859375,16.625999450683594
2010-03-25,1092.699951171875,16.726999282836914
2010-03-26,1104.199951171875,16.893999099731445
2010-03-29,1110.300048828125,17.37299919128418
2010-03-30,1104.5,17.31599998474121
2010-03-31,1113.300048828125,17.511999130249023
2010-04-01,1125.0999755859375,17.875999450683594
2010-04-05,1132.9000244140625,18.104000091552734
2010-04-06,1135.0999755859375,17.91699981689453
2010-04-07,1152.300048828125,18.184999465942383
2010-04-08,1152.199951171875,18.115999221801758
2010-04-09,1161.0999755859375,18.34000015258789
2010-04-12,1161.5999755859375,18.402999877929688
2010-04-13,1152.800048828125,18.238000869750977
2010-04-14,1159.0,18.40399932861328
2010-04-15,1159.699951171875,18.423999786376953
2010-04-16,1136.300048828125,17.66900062561035
2010-04-19,1135.199951171875,17.725000381469727
2010-04-20,1138.5999755859375,17.815000534057617
2010-04-21,1148.199951171875,18.072999954223633
2010-04-22,1142.300048828125,18.006000518798828
2010-04-23,1153.0999755859375,18.18899917602539
2010-04-26,1153.5,18.333999633789062
2010-04-27,1161.699951171875,18.115999221801758
2010-04-28,1171.300048828125,18.10700035095215
2010-04-29,1168.4000244140625,18.548999786376953
2010-04-30,1180.0999755859375,18.611000061035156
2010-05-03,1182.699951171875,18.812999725341797
2010-05-04,1168.5999755859375,17.81800079345703
2010-05-05,1174.5999755859375,17.51099967956543
2010-05-06,1196.9000244140625,17.493000030517578
2010-05-07,1210.0,18.429000854492188
2010-05-10,1200.4000244140625,18.530000686645508
2010-05-11,1219.9000244140625,19.27199935913086
2010-05-12,1242.699951171875,19.639999389648438
2010-05-13,1228.800048828125,19.47599983215332
2010-05-14,1227.4000244140625,19.20199966430664
2010-05-17,1227.699951171875,18.834999084472656
2010-05-18,1214.300048828125,18.854999542236328
2010-05-19,1192.5999755859375,18.090999603271484
2010-05-20,1187.800048828125,17.694000244140625
2010-05-21,1175.699951171875,17.631000518798828
2010-05-24,1193.800048828125,17.98200035095215
2010-05-25,1197.800048828125,17.76300048828125
2010-05-26,1213.300048828125,18.29199981689453
2010-05-27,1211.9000244140625,18.457000732421875
2010-05-28,1212.199951171875,18.410999298095703
2010-06-01,1224.800048828125,18.540000915527344
2010-06-02,1220.5999755859375,18.304000854492188
2010-06-03,1208.300048828125,17.920000076293945
2010-06-04,1216.199951171875,17.290000915527344
2010-06-07,1239.300048828125,18.152999877929688
2010-06-08,1244.0,18.468000411987305
2010-06-09,1228.5,18.18000030517578
2010-06-10,1220.800048828125,18.341999053955078
2010-06-11,1228.9000244140625,18.222000122070312
2010-06-14,1223.300048828125,18.402000427246094
2010-06-15,1233.199951171875,18.569000244140625
2010-06-16,1229.300048828125,18.43199920654297
2010-06-17,1247.5,18.767000198364258
2010-06-18,1257.199951171875,19.174999237060547
2010-06-21,1239.699951171875,18.802000045776367
2010-06-22,1239.9000244140625,18.895999908447266
2010-06-23,1234.0999755859375,18.45400047302246
2010-06-24,1245.5,18.731000900268555
2010-06-25,1255.800048828125,19.104999542236328
2010-06-28,1238.199951171875,18.67300033569336
2010-06-29,1242.0,18.5939998626709
2010-06-30,1245.5,18.67099952697754
2010-07-01,1206.300048828125,17.760000228881836
2010-07-02,1207.4000244140625,17.697999954223633
2010-07-06,1194.800048828125,17.83300018310547
2010-07-07,1198.5999755859375,17.979000091552734
2010-07-08,1195.800048828125,17.851999282836914
2010-07-09,1209.5999755859375,18.05299949645996
2010-07-12,1198.5,17.89699935913086
2010-07-13,1213.300048828125,18.23699951171875
2010-07-14,1206.800048828125,18.27400016784668
2010-07-15,1208.0999755859375,18.34600067138672
2010-07-16,1188.0,17.773000717163086
2010-07-19,1181.699951171875,17.534000396728516
2010-07-20,1191.5,17.684999465942383
2010-07-21,1191.5999755859375,17.79800033569336
2010-07-22,1195.5,18.114999771118164
2010-07-23,1187.699951171875,18.09600067138672
2010-07-26,1183.0,18.19499969482422
2010-07-27,1158.0,17.621000289916992
2010-07-28,1160.4000244140625,17.42300033569336
2010-07-29,1168.4000244140625,17.60099983215332
2010-07-30,1181.699951171875,17.98699951171875
2010-08-02,1183.4000244140625,18.402999877929688
2010-08-03,1185.199951171875,18.406999588012695
2010-08-04,1193.699951171875,18.26300048828125
2010-08-05,1197.199951171875,18.308000564575195
2010-08-06,1203.4000244140625,18.458999633789062
2010-08-09,1200.699951171875,18.229000091552734
2010-08-10,1196.199951171875,18.145999908447266
2010-08-11,1197.5,17.889999389648438
2010-08-12,1214.800048828125,18.05299949645996
2010-08-13,1214.9000244140625,18.097000122070312
2010-08-16,1224.5,18.417999267578125
2010-08-17,1226.5999755859375,18.586000442504883
2010-08-18,1229.699951171875,18.389999389648438
2010-08-19,1233.800048828125,18.31800079345703
2010-08-20,1227.199951171875,17.98200035095215
2010-08-23,1226.9000244140625,17.982999801635742
2010-08-24,1231.800048828125,18.368999481201172
2010-08-25,1239.5,19.02199935913086
2010-08-26,1235.4000244140625,18.97800064086914
2010-08-27,1236.0,19.038999557495117
2010-08-30,1237.0999755859375,19.038000106811523
2010-08-31,1248.300048828125,19.398000717163086
2010-09-01,1246.300048828125,19.358999252319336
2010-09-02,1251.5,19.63800048828125
2010-09-03,1249.199951171875,19.915000915527344
2010-09-07,1257.300048828125,19.882999420166016
2010-09-08,1255.5999755859375,19.97800064086914
2010-09-09,1248.9000244140625,19.81399917602539
2010-09-10,1244.5,19.802000045776367
2010-09-13,1245.0999755859375,20.110000610351562
2010-09-14,1269.699951171875,20.400999069213867
2010-09-15,1266.699951171875,20.54199981689453
2010-09-16,1271.9000244140625,20.7450008392334
2010-09-17,1275.5999755859375,20.790000915527344
2010-09-20,1279.0,20.777000427246094
2010-09-21,1272.4000244140625,20.6200008392334
2010-09-22,1290.199951171875,21.035999298095703
2010-09-23,1294.300048828125,21.194000244140625
2010-09-24,1296.0,21.382999420166016
2010-09-27,1296.699951171875,21.454999923706055
2010-09-28,1306.5999755859375,21.687999725341797
2010-09-29,1308.5,21.929000854492188
2010-09-30,1307.800048828125,21.79800033569336
2010-10-01,1316.0999755859375,22.03700065612793
2010-10-04,1315.4000244140625,22.01300048828125
2010-10-05,1338.9000244140625,22.714000701904297
2010-10-06,1346.4000244140625,23.020000457763672
2010-10-07,1333.9000244140625,22.565000534057617
2010-10-08,1344.199951171875,23.086999893188477
2010-10-11,1353.300048828125,23.33099937438965
2010-10-12,1345.699951171875,23.128999710083008
2010-10-13,1369.5,23.913999557495117
2010-10-14,1376.699951171875,24.41699981689453
2010-10-15,1371.0999755859375,24.27199935913086
2010-10-18,1371.199951171875,24.39699935913086
2010-10-19,1335.0999755859375,23.763999938964844
2010-10-20,1343.300048828125,23.847999572753906
2010-10-21,1324.699951171875,23.12299919128418
2010-10-22,1324.4000244140625,23.125
2010-10-25,1338.300048828125,23.54400062561035
2010-10-26,1338.0,23.823999404907227
2010-10-27,1322.199951171875,23.398000717163086
2010-10-28,1342.0999755859375,23.871000289916992
2010-10-29,1357.0999755859375,24.559999465942383
2010-11-01,1350.199951171875,24.54800033569336
2010-11-02,1356.4000244140625,24.832000732421875
2010-11-03,1337.0999755859375,24.43199920654297
2010-11-04,1382.699951171875,26.038999557495117
2010-11-05,1397.300048828125,26.743999481201172
2010-11-08,1402.800048828125,27.42799949645996
2010-11-09,1409.800048828125,28.902000427246094
2010-11-10,1399.0999755859375,26.861000061035156
2010-11-11,1403.0999755859375,27.400999069213867
2010-11-12,1365.4000244140625,25.937999725341797
2010-11-15,1368.4000244140625,26.08799934387207
2010-11-16,1338.300048828125,25.229000091552734
2010-11-17,1336.800048828125,25.506999969482422
2010-11-18,1352.9000244140625,26.829999923706055
2010-11-19,1352.199951171875,27.174999237060547
2010-11-22,1357.699951171875,27.457000732421875
2010-11-23,1377.5,27.56800079345703
2010-11-24,1372.9000244140625,27.52400016784668
2010-11-26,1362.300048828125,26.69499969482422
2010-11-29,1366.0,27.148000717163086
2010-11-30,1385.0,28.184999465942383
2010-12-01,1387.300048828125,28.38800048828125
2010-12-02,1388.5,28.54199981689453
2010-12-03,1405.4000244140625,29.240999221801758
2010-12-06,1415.300048828125,29.704999923706055
2010-12-07,1408.300048828125,29.74799919128418
2010-12-08,1382.5,28.224000930786133
2010-12-09,1392.0999755859375,28.788999557495117
2010-12-10,1384.300048828125,28.576000213623047
2010-12-13,1397.300048828125,29.599000930786133
2010-12-14,1403.5999755859375,29.759000778198242
2010-12-15,1385.5,29.225000381469727
2010-12-16,1370.4000244140625,28.756999969482422
2010-12-17,1378.5999755859375,29.113000869750977
2010-12-20,1385.5,29.334999084472656
2010-12-21,1388.199951171875,29.375999450683594
2010-12-22,1386.800048828125,29.367000579833984
2010-12-23,1380.0,29.309999465942383
2010-12-27,1382.4000244140625,29.235000610351562
2010-12-28,1405.199951171875,30.297000885009766
2010-12-29,1413.0999755859375,30.679000854492188
2010-12-30,1405.5999755859375,30.488000869750977
2010-12-31,1421.0999755859375,30.90999984741211
2011-01-03,1422.5999755859375,31.09600067138672
2011-01-04,1378.5,29.492000579833984
2011-01-05,1373.4000244140625,29.17300033569336
2011-01-06,1371.4000244140625,29.110000610351562
2011-01-07,1368.5,28.660999298095703
2011-01-10,1373.699951171875,28.85099983215332
2011-01-11,1384.0,29.489999771118164
2011-01-12,1385.699951171875,29.531999588012695
2011-01-13,1386.9000244140625,29.25200080871582
2011-01-14,1360.4000244140625,28.30900001525879
2011-01-18,1368.0999755859375,28.900999069213867
2011-01-19,1370.199951171875,28.79199981689453
2011-01-20,1346.5,27.458999633789062
2011-01-21,1341.0,27.416000366210938
2011-01-24,1344.5,27.31800079345703
2011-01-25,1332.300048828125,26.81100082397461
2011-01-26,1333.0,27.131999969482422
2011-01-27,1318.4000244140625,27.045000076293945
2011-01-28,1340.699951171875,27.93400001525879
2011-01-31,1333.800048828125,28.173999786376953
2011-02-01,1339.5999755859375,28.52400016784668
2011-02-02,1331.5,28.298999786376953
2011-02-03,1352.300048828125,28.732999801635742
2011-02-04,1348.300048828125,29.06399917602539
2011-02-07,1347.5999755859375,29.347999572753906
2011-02-08,1363.4000244140625,30.270999908447266
2011-02-09,1364.800048828125,30.273000717163086
2011-02-10,1361.9000244140625,30.090999603271484
2011-02-11,1359.9000244140625,29.992000579833984
2011-02-14,1364.5999755859375,30.52899932861328
2011-02-15,1373.5999755859375,30.69300079345703
2011-02-16,1374.699951171875,30.6299991607666
2011-02-17,1384.699951171875,31.57200050354004
2011-02-18,1388.199951171875,32.29800033569336
2011-02-22,1400.5,32.86399841308594
2011-02-23,1413.4000244140625,33.301998138427734
2011-02-24,1415.300048828125,33.17900085449219
2011-02-25,1408.699951171875,32.89799880981445
2011-02-28,1409.300048828125,33.80400085449219
2011-03-01,1430.699951171875,34.41600036621094
2011-03-02,1437.199951171875,34.82500076293945
2011-03-03,1416.0,34.3129997253418
2011-03-04,1428.199951171875,35.31700134277344
2011-03-07,1434.0999755859375,35.85499954223633
2011-03-08,1426.9000244140625,35.65299987792969
2011-03-09,1429.300048828125,36.042999267578125
2011-03-10,1412.199951171875,35.06399917602539
2011-03-11,1421.5,35.93299865722656
2011-03-14,1424.5999755859375,35.82500076293945
2011-03-15,1392.5999755859375,34.11600112915039
2011-03-16,1396.0,34.47100067138672
2011-03-17,1404.0,34.2599983215332
2011-03-18,1415.9000244140625,35.060001373291016
2011-03-21,1426.199951171875,36.00199890136719
2011-03-22,1427.5,36.270999908447266
2011-03-23,1437.9000244140625,37.20199966430664
2011-03-24,1434.800048828125,37.38800048828125
2011-03-25,1426.0999755859375,37.05799865722656
2011-03-28,1419.800048828125,37.09700012207031
2011-03-29,1416.0,36.97700119018555
2011-03-30,1423.800048828125,37.500999450683594
2011-03-31,1438.9000244140625,37.87200164794922
2011-04-01,1428.0999755859375,37.73699951171875
2011-04-04,1432.199951171875,38.48400115966797
2011-04-05,1451.800048828125,39.17499923706055
2011-04-06,1457.699951171875,39.38399887084961
2011-04-07,1458.5,39.54199981689453
2011-04-08,1473.4000244140625,40.599998474121094
2011-04-11,1467.4000244140625,40.604000091552734
2011-04-12,1452.9000244140625,40.05799865722656
2011-04-13,1454.9000244140625,40.23500061035156
2011-04-14,1471.699951171875,41.6609992980957
2011-04-15,1485.300048828125,42.566001892089844
2011-04-18,1492.300048828125,42.957000732421875
2011-04-19,1494.5,43.91899871826172
2011-04-20,1498.300048828125,44.46500015258789
2011-04-21,1503.199951171875,46.0620002746582
2011-04-25,1508.5999755859375,47.1510009765625
2011-04-26,1503.0,45.05799865722656
2011-04-27,1516.699951171875,45.9640007019043
2011-04-28,1530.800048828125,47.52000045776367
2011-04-29,1556.0,48.58399963378906
2011-05-02,1556.699951171875,46.077999114990234
2011-05-03,1540.0999755859375,42.57600021362305
2011-05-04,1514.9000244140625,39.382999420166016
2011-05-05,1480.9000244140625,36.23099899291992
2011-05-06,1491.199951171875,35.28300094604492
2011-05-09,1502.9000244140625,37.11000061035156
2011-05-10,1516.5999755859375,38.47999954223633
2011-05-11,1501.0999755859375,35.50899887084961
2011-05-12,1506.5999755859375,34.792999267578125
2011-05-13,1493.4000244140625,35.01100158691406
2011-05-16,1490.4000244140625,34.12900161743164
2011-05-17,1479.800048828125,33.487998962402344
2011-05-18,1495.5999755859375,35.09400177001953
2011-05-19,1492.199951171875,34.926998138427734
2011-05-20,1508.800048828125,35.082000732421875
2011-05-23,1515.300048828125,34.9010009765625
2011-05-24,1523.199951171875,36.12099838256836
2011-05-25,1526.5999755859375,37.63999938964844
2011-05-26,1522.800048828125,37.32600021362305
2011-05-27,1536.300048828125,37.856998443603516
2011-05-31,1535.9000244140625,38.303001403808594
2011-06-01,1542.4000244140625,37.68899917602539
2011-06-02,1532.0,36.20000076293945
2011-06-03,1541.699951171875,36.1870002746582
2011-06-06,1546.5,36.7760009765625
2011-06-07,1543.300048828125,37.040000915527344
2011-06-08,1538.0999755859375,36.61899948120117
2011-06-09,1542.0999755859375,37.42300033569336
2011-06-10,1528.5999755859375,36.32600021362305
2011-06-13,1515.0,34.736000061035156
2011-06-14,1523.800048828125,35.40999984741211
2011-06-15,1525.5999755859375,35.40599822998047
2011-06-16,1529.300048828125,35.553001403808594
2011-06-17,1538.5999755859375,35.73899841308594
2011-06-20,1541.5,36.064998626708984
2011-06-21,1546.0,36.37300109863281
2011-06-22,1552.9000244140625,36.73400115966797
2011-06-23,1520.0999755859375,35.005001068115234
2011-06-24,1500.5,34.64099884033203
2011-06-27,1496.0,33.58000183105469
2011-06-28,1499.699951171875,33.632999420166016
2011-06-29,1509.9000244140625,34.75
2011-06-30,1502.300048828125,34.8120002746582
2011-07-01,1482.300048828125,33.694000244140625
2011-07-05,1512.300048828125,35.402000427246094
2011-07-06,1528.699951171875,35.9109992980957
2011-07-07,1530.199951171875,36.52799987792969
2011-07-08,1541.199951171875,36.5359992980957
2011-07-11,1548.800048828125,35.68899917602539
2011-07-12,1561.9000244140625,35.62900161743164
2011-07-13,1585.199951171875,38.14799880981445
2011-07-14,1589.0,38.68899917602539
2011-07-15,1589.800048828125,39.0629997253418
2011-07-18,1602.0999755859375,40.33300018310547
2011-07-19,1600.9000244140625,40.21099853515625
2011-07-20,1596.699951171875,39.54600143432617
2011-07-21,1586.800048828125,38.9370002746582
2011-07-22,1601.300048828125,40.112998962402344
2011-07-25,1612.0,40.354000091552734
2011-07-26,1616.5999755859375,40.691001892089844
2011-07-27,1615.0,40.553001403808594
2011-07-28,1613.4000244140625,39.77899932861328
2011-07-29,1628.300048828125,40.09199905395508
2011-08-01,1619.0,39.29800033569336
2011-08-02,1641.9000244140625,40.08100128173828
2011-08-03,1663.4000244140625,41.74700164794922
2011-08-04,1656.199951171875,39.417999267578125
2011-08-05,1648.800048828125,38.196998596191406
2011-08-08,1710.199951171875,39.374000549316406
2011-08-09,1740.0,37.87699890136719
2011-08-10,1781.300048828125,39.32500076293945
2011-08-11,1748.800048828125,38.65599822998047
2011-08-12,1740.199951171875,39.10100173950195
2011-08-15,1755.5,39.29800033569336
2011-08-16,1782.4000244140625,39.82099914550781
2011-08-17,1791.199951171875,40.349998474121094
2011-08-18,1818.9000244140625,40.6870002746582
2011-08-19,1848.9000244140625,42.428001403808594
2011-08-22,1888.699951171875,43.32099914550781
2011-08-23,1858.300048828125,42.28099822998047
2011-08-24,1754.0999755859375,39.15700149536133
2011-08-25,1759.800048828125,40.7400016784668
2011-08-26,1794.0999755859375,40.946998596191406
2011-08-29,1788.4000244140625,40.54100036621094
2011-08-30,1826.699951171875,41.39799880981445
2011-08-31,1828.5,41.69900131225586
2011-09-01,1826.0,41.481998443603516
2011-09-02,1873.699951171875,43.02000045776367
2011-09-06,1869.9000244140625,41.81800079345703
2011-09-07,1814.199951171875,41.571998596191406
2011-09-08,1854.4000244140625,42.479000091552734
2011-09-09,1856.4000244140625,41.573001861572266
2011-09-12,1809.9000244140625,40.16400146484375
2011-09-13,1826.800048828125,41.12300109863281
2011-09-14,1823.5,40.46900177001953
2011-09-15,1778.5,39.452999114990234
2011-09-16,1812.0999755859375,40.78099822998047
2011-09-19,1776.4000244140625,39.11000061035156
2011-09-20,1806.5999755859375,40.08100128173828
2011-09-21,1805.5,40.41999816894531
2011-09-22,1739.199951171875,36.53799819946289
2011-09-23,1637.5,30.051000595092773
2011-09-26,1592.5,29.927000045776367
2011-09-27,1650.5999755859375,31.496999740600586
2011-09-28,1616.300048828125,30.084999084472656
2011-09-29,1615.5,30.472000122070312
2011-09-30,1620.4000244140625,30.041000366210938
2011-10-03,1656.0,30.75
2011-10-04,1614.699951171875,29.795000076293945
2011-10-05,1640.300048828125,30.316999435424805
2011-10-06,1651.9000244140625,31.969999313354492
2011-10-07,1634.5,30.95800018310547
2011-10-10,1669.5999755859375,31.944000244140625
2011-10-11,1659.699951171875,31.96299934387207
2011-10-12,1681.300048828125,32.75400161743164
2011-10-13,1667.300048828125,31.632999420166016
2011-10-14,1681.800048828125,32.13999938964844
2011-10-17,1675.5,31.791000366210938
2011-10-18,1651.699951171875,31.801000595092773
2011-10-19,1646.0,31.25200080871582
2011-10-20,1611.9000244140625,30.266000747680664
2011-10-21,1635.0999755859375,31.17300033569336
2011-10-24,1651.5,31.6200008392334
2011-10-25,1699.5999755859375,33.034000396728516
2011-10-26,1722.699951171875,33.29100036621094
2011-10-27,1746.699951171875,35.095001220703125
2011-10-28,1746.199951171875,35.27000045776367
2011-10-31,1724.199951171875,34.33700180053711
2011-11-01,1711.0,32.72200012207031
2011-11-02,1728.699951171875,33.92900085449219
2011-11-03,1764.199951171875,34.487998962402344
2011-11-04,1755.300048828125,34.06999969482422
2011-11-07,1790.300048828125,34.8120002746582
2011-11-08,1798.4000244140625,35.137001037597656
2011-11-09,1790.9000244140625,34.347999572753906
2011-11-10,1758.9000244140625,34.095001220703125
2011-11-11,1787.5,34.67100143432617
2011-11-14,1777.800048828125,34.01300048828125
2011-11-15,1781.699951171875,34.448001861572266
2011-11-16,1773.800048828125,33.81399917602539
2011-11-17,1719.800048828125,31.493000030517578
2011-11-18,1724.699951171875,32.41299819946289
2011-11-21,1678.300048828125,31.113000869750977
2011-11-22,1702.199951171875,32.948001861572266
2011-11-23,1695.699951171875,31.881999969482422
2011-11-25,1685.5,31.011999130249023
2011-11-28,1710.800048828125,32.15999984741211
2011-11-29,1713.4000244140625,31.85300064086914
2011-11-30,1745.5,32.73099899291992
2011-12-01,1735.300048828125,32.69499969482422
2011-12-02,1747.0,32.62099838256836
2011-12-05,1730.699951171875,32.305999755859375
2011-12-06,1727.9000244140625,32.672000885009766
2011-12-07,1740.9000244140625,32.55500030517578
2011-12-08,1709.800048828125,31.466999053955078
2011-12-09,1712.800048828125,32.17300033569336
2011-12-12,1664.199951171875,30.934999465942383
2011-12-13,1659.9000244140625,31.19499969482422
2011-12-14,1584.300048828125,28.881000518798828
2011-12-15,1574.5999755859375,29.225000381469727
2011-12-16,1595.5999755859375,29.614999771118164
2011-12-19,1594.4000244140625,28.82200050354004
2011-12-20,1615.5999755859375,29.496000289916992
2011-12-21,1611.9000244140625,29.197999954223633
2011-12-22,1608.9000244140625,29.000999450683594
2011-12-23,1604.699951171875,29.04599952697754
2011-12-27,1594.199951171875,28.69700050354004
2011-12-28,1562.9000244140625,27.191999435424805
2011-12-29,1539.9000244140625,27.27400016784668
2011-12-30,1565.800048828125,27.875
2012-01-03,1599.699951171875,29.533000946044922
2012-01-04,1611.9000244140625,29.062999725341797
2012-01-05,1619.4000244140625,29.264999389648438
2012-01-06,1616.0999755859375,28.652999877929688
2012-01-09,1607.5,28.749000549316406
2012-01-10,1631.0,29.783000946044922
2012-01-11,1639.199951171875,29.857999801635742
2012-01-12,1647.300048828125,30.091999053955078
2012-01-13,1630.4000244140625,29.493000030517578
2012-01-17,1655.199951171875,30.106000900268555
2012-01-18,1659.5,30.513999938964844
2012-01-19,1654.0999755859375,30.48200035095215
2012-01-20,1663.699951171875,31.64699935913086
2012-01-23,1678.0,32.233001708984375
2012-01-24,1664.199951171875,31.930999755859375
2012-01-25,1699.800048828125,33.09199905395508
2012-01-26,1726.300048828125,33.70199966430664
2012-01-27,1731.800048828125,33.74700164794922
2012-01-30,1731.0,33.49700164794922
2012-01-31,1737.800048828125,33.233001708984375
2012-02-01,1747.0999755859375,33.77799987792969
2012-02-02,1756.800048828125,34.1510009765625
2012-02-03,1737.9000244140625,33.724998474121094
2012-02-06,1722.800048828125,33.72200012207031
2012-02-07,1746.4000244140625,34.165000915527344
2012-02-08,1729.300048828125,33.67300033569336
2012-02-09,1739.0,33.88399887084961
2012-02-10,1723.300048828125,33.57600021362305
2012-02-13,1723.0,33.69599914550781
2012-02-14,1715.9000244140625,33.32600021362305
2012-02-15,1726.300048828125,33.38600158691406
2012-02-16,1726.800048828125,33.354000091552734
2012-02-17,1724.5,33.20000076293945
2012-02-21,1757.0999755859375,34.41299819946289
2012-02-22,1770.0,34.23899841308594
2012-02-23,1784.9000244140625,35.54399871826172
2012-02-24,1775.0999755859375,35.332000732421875
2012-02-27,1773.5999755859375,35.51599884033203
2012-02-28,1787.0,37.13999938964844
2012-02-29,1709.9000244140625,34.58300018310547
2012-03-01,1721.0999755859375,35.611000061035156
2012-03-02,1708.800048828125,34.48099899291992
2012-03-05,1703.0,33.6510009765625
2012-03-06,1671.4000244140625,32.74100112915039
2012-03-07,1683.300048828125,33.542999267578125
2012-03-08,1698.0999755859375,33.78900146484375
2012-03-09,1710.9000244140625,34.17499923706055
2012-03-12,1699.199951171875,33.374000549316406
2012-03-13,1693.699951171875,33.54399871826172
2012-03-14,1642.5,32.14699935913086
2012-03-15,1659.0999755859375,32.69300079345703
2012-03-16,1655.5,32.573001861572266
2012-03-19,1666.9000244140625,32.92599868774414
2012-03-20,1646.699951171875,31.80500030517578
2012-03-21,1650.0,32.19900131225586
2012-03-22,1642.300048828125,31.319000244140625
2012-03-23,1662.300048828125,32.24800109863281
2012-03-26,1685.5,32.72600173950195
2012-03-27,1684.800048828125,32.60100173950195
2012-03-28,1657.9000244140625,31.81599998474121
2012-03-29,1652.199951171875,31.97800064086914
2012-03-30,1669.300048828125,32.46900177001953
2012-04-02,1677.5,33.08300018310547
2012-04-03,1670.0,33.25
2012-04-04,1612.300048828125,31.02899932861328
2012-04-05,1628.5,31.715999603271484
2012-04-09,1642.5,31.51300048828125
2012-04-10,1659.5,31.670000076293945
2012-04-11,1659.0,31.51099967956543
2012-04-12,1679.5,32.51499938964844
2012-04-13,1659.0999755859375,31.3799991607666
2012-04-16,1648.699951171875,31.36400032043457
2012-04-17,1650.300048828125,31.665000915527344
2012-04-18,1638.800048828125,31.47800064086914
2012-04-19,1640.5999755859375,31.770999908447266
2012-04-20,1642.0999755859375,31.643999099731445
2012-04-23,1631.9000244140625,30.524999618530273
2012-04-24,1643.0,30.739999771118164
2012-04-25,1641.4000244140625,30.35099983215332
2012-04-26,1659.5999755859375,31.202999114990234
2012-04-27,1664.0,31.347000122070312
2012-04-30,1663.4000244140625,30.958999633789062
2012-05-01,1661.699951171875,30.87700080871582
2012-05-02,1653.4000244140625,30.591999053955078
2012-05-03,1634.199951171875,29.958999633789062
2012-05-04,1644.699951171875,30.3799991607666
2012-05-07,1638.5999755859375,30.07200050354004
2012-05-08,1604.0,29.413999557495117
2012-05-09,1593.699951171875,29.19700050354004
2012-05-10,1595.0999755859375,29.13599967956543
2012-05-11,1583.5999755859375,28.857999801635742
2012-05-14,1560.5999755859375,28.319000244140625
2012-05-15,1556.800048828125,28.054000854492188
2012-05-16,1536.199951171875,27.170000076293945
2012-05-17,1574.5,27.996000289916992
2012-05-18,1591.5999755859375,28.694000244140625
2012-05-21,1588.4000244140625,28.304000854492188
2012-05-22,1576.300048828125,28.165000915527344
2012-05-23,1548.0999755859375,27.507999420166016
2012-05-24,1557.300048828125,28.142000198364258
2012-05-25,1568.800048828125,28.3700008392334
2012-05-29,1548.5999755859375,27.767000198364258
2012-05-30,1563.4000244140625,27.961999893188477
2012-05-31,1562.5999755859375,27.740999221801758
2012-06-01,1620.5,28.496999740600586
2012-06-04,1612.199951171875,27.992000579833984
2012-06-05,1615.199951171875,28.389999389648438
2012-06-06,1632.800048828125,29.47599983215332
2012-06-07,1586.5999755859375,28.518999099731445
2012-06-08,1590.0999755859375,28.461000442504883
2012-06-11,1595.5,28.606000900268555
2012-06-12,1612.699951171875,28.94300079345703
2012-06-13,1618.0999755859375,28.934999465942383
2012-06-14,1618.4000244140625,28.400999069213867
2012-06-15,1627.0,28.733999252319336
2012-06-18,1625.699951171875,28.665000915527344
2012-06-19,1622.199951171875,28.36199951171875
2012-06-20,1614.800048828125,28.382999420166016
2012-06-21,1564.5,26.83300018310547
2012-06-22,1566.0,26.656999588012695
2012-06-25,1587.5,27.51799964904785
2012-06-26,1574.0,27.03700065612793
2012-06-27,1577.5,26.94099998474121
2012-06-28,1549.699951171875,26.246999740600586
2012-06-29,1603.5,27.579999923706055
2012-07-02,1597.199951171875,27.468000411987305
2012-07-03,1621.300048828125,28.243000030517578
2012-07-05,1608.9000244140625,27.63800048828125
2012-07-06,1578.4000244140625,26.888999938964844
2012-07-09,1588.5999755859375,27.410999298095703
2012-07-10,1579.300048828125,26.85099983215332
2012-07-11,1575.199951171875,26.9950008392334
2012-07-12,1564.9000244140625,27.13599967956543
2012-07-13,1591.5999755859375,27.3439998626709
2012-07-16,1591.199951171875,27.297000885009766
2012-07-17,1589.0999755859375,27.29199981689453
2012-07-18,1570.4000244140625,27.070999145507812
2012-07-19,1580.0999755859375,27.194000244140625
2012-07-20,1582.5,27.27899932861328
2012-07-23,1577.0999755859375,27.018999099731445
2012-07-24,1576.0,26.790000915527344
2012-07-25,1608.0,27.44499969482422
2012-07-26,1615.0,27.430999755859375
2012-07-27,1617.9000244140625,27.47800064086914
2012-07-30,1619.699951171875,28.013999938964844
2012-07-31,1610.5,27.895000457763672
2012-08-01,1603.699951171875,27.517000198364258
2012-08-02,1587.4000244140625,26.981000900268555
2012-08-03,1606.0,27.790000915527344
2012-08-06,1612.9000244140625,27.851999282836914
2012-08-07,1609.699951171875,28.075000762939453
2012-08-08,1612.9000244140625,28.066999435424805
2012-08-09,1617.0999755859375,28.09000015258789
2012-08-10,1619.699951171875,28.05500030517578
2012-08-13,1609.5999755859375,27.760000228881836
2012-08-14,1599.4000244140625,27.756000518798828
2012-08-15,1603.699951171875,27.80500030517578
2012-08-16,1616.0999755859375,28.204999923706055
2012-08-17,1616.300048828125,27.9950008392334
2012-08-20,1620.0999755859375,28.586000442504883
2012-08-21,1639.9000244140625,29.42099952697754
2012-08-22,1637.4000244140625,29.548999786376953
2012-08-23,1669.5999755859375,30.44700050354004
2012-08-24,1669.800048828125,30.606000900268555
2012-08-27,1672.4000244140625,31.038999557495117
2012-08-28,1666.5,30.868999481201172
2012-08-29,1659.800048828125,30.83099937438965
2012-08-30,1653.5,30.367000579833984
2012-08-31,1684.5999755859375,31.3700008392334
2012-09-04,1692.9000244140625,32.347999572753906
2012-09-05,1690.800048828125,32.27199935913086
2012-09-06,1702.5999755859375,32.61899948120117
2012-09-07,1737.5,33.632999420166016
2012-09-10,1728.699951171875,33.57400131225586
2012-09-11,1731.800048828125,33.50899887084961
2012-09-12,1730.5999755859375,33.233001708984375
2012-09-13,1769.0999755859375,34.715999603271484
2012-09-14,1769.800048828125,34.60300064086914
2012-09-17,1767.699951171875,34.29800033569336
2012-09-18,1768.4000244140625,34.64400100708008
2012-09-19,1769.0,34.51900100708008
2012-09-20,1767.699951171875,34.61800003051758
2012-09-21,1775.5,34.56700134277344
2012-09-24,1762.0999755859375,33.92100143432617
2012-09-25,1763.800048828125,33.88600158691406
2012-09-26,1750.5999755859375,33.882999420166016
2012-09-27,1777.5999755859375,34.595001220703125
2012-09-28,1771.0999755859375,34.516998291015625
2012-10-01,1780.5,34.88100051879883
2012-10-02,1772.699951171875,34.604000091552734
2012-10-03,1777.300048828125,34.63100051879883
2012-10-04,1794.0999755859375,35.04100036621094
2012-10-05,1778.5999755859375,34.51599884033203
2012-10-08,1773.5,33.981998443603516
2012-10-09,1763.0,33.95100021362305
2012-10-10,1763.199951171875,34.073001861572266
2012-10-11,1768.800048828125,34.04600143432617
2012-10-12,1758.0,33.632999420166016
2012-10-15,1736.0,32.707000732421875
2012-10-16,1744.699951171875,32.922000885009766
2012-10-17,1751.5,33.196998596191406
2012-10-18,1743.300048828125,32.8380012512207
2012-10-19,1722.800048828125,32.073001861572266
2012-10-22,1725.0999755859375,32.22700119018555
2012-10-23,1708.300048828125,31.76799964904785
2012-10-24,1700.5,31.594999313354492
2012-10-25,1712.0,32.04899978637695
2012-10-26,1710.9000244140625,32.01100158691406
2012-10-31,1717.5,32.28799819946289
2012-11-01,1714.0999755859375,32.22600173950195
2012-11-02,1674.0999755859375,30.834999084472656
2012-11-05,1682.199951171875,31.113000869750977
2012-11-06,1714.0999755859375,32.01900100708008
2012-11-07,1713.199951171875,31.650999069213867
2012-11-08,1725.4000244140625,32.23099899291992
2012-11-09,1730.300048828125,32.59000015258789
2012-11-12,1730.300048828125,32.51300048828125
2012-11-13,1724.199951171875,32.47800064086914
2012-11-14,1729.5,32.87099838256836
2012-11-15,1713.300048828125,32.665000915527344
2012-11-16,1714.300048828125,32.361000061035156
2012-11-19,1734.0,33.180999755859375
2012-11-20,1723.199951171875,32.92300033569336
2012-11-21,1727.9000244140625,33.34400177001953
2012-11-23,1751.300048828125,34.111000061035156
2012-11-26,1749.5,34.13800048828125
2012-11-27,1742.199951171875,33.981998443603516
2012-11-28,1716.5,33.680999755859375
2012-11-29,1727.199951171875,34.347999572753906
2012-11-30,1710.9000244140625,33.20399856567383
2012-12-03,1719.5999755859375,33.680999755859375
2012-12-04,1694.4000244140625,32.73400115966797
2012-12-05,1692.4000244140625,32.882999420166016
2012-12-06,1700.300048828125,33.03900146484375
2012-12-07,1704.0,33.053001403808594
2012-12-10,1713.0,33.29999923706055
2012-12-11,1708.199951171875,32.941001892089844
2012-12-12,1716.5999755859375,33.707000732421875
2012-12-13,1695.5999755859375,32.279998779296875
2012-12-14,1695.800048828125,32.222999572753906
2012-12-17,1697.0,32.20600128173828
2012-12-18,1669.5,31.594999313354492
2012-12-19,1666.5,31.045000076293945
2012-12-20,1644.9000244140625,29.61199951171875
2012-12-21,1659.0999755859375,30.142000198364258
2012-12-24,1658.5999755859375,29.839000701904297
2012-12-26,1659.800048828125,29.982999801635742
2012-12-27,1662.5999755859375,30.18400001525879
2012-12-28,1654.9000244140625,29.920000076293945
2012-12-31,1674.800048828125,30.17300033569336
2013-01-02,1687.9000244140625,30.95199966430664
2013-01-03,1673.699951171875,30.67099952697754
2013-01-04,1648.0999755859375,29.895999908447266
2013-01-07,1645.5,30.031999588012695
2013-01-08,1661.5,30.415000915527344
2013-01-09,1654.800048828125,30.201000213623047
2013-01-10,1677.300048828125,30.875
2013-01-11,1660.0,30.367000579833984
2013-01-14,1668.9000244140625,31.079999923706055
2013-01-15,1683.4000244140625,31.49799919128418
2013-01-16,1682.699951171875,31.513999938964844
2013-01-17,1690.4000244140625,31.785999298095703
2013-01-18,1686.5999755859375,31.902000427246094
2013-01-22,1692.800048828125,32.14699935913086
2013-01-23,1686.300048828125,32.409000396728516
2013-01-24,1669.5,31.69499969482422
2013-01-25,1656.4000244140625,31.18000030517578
2013-01-28,1652.4000244140625,30.756000518798828
2013-01-29,1660.699951171875,31.159000396728516
2013-01-30,1679.9000244140625,32.152000427246094
2013-01-31,1660.5999755859375,31.334999084472656
2013-02-01,1669.4000244140625,31.941999435424805
2013-02-04,1675.300048828125,31.700000762939453
2013-02-05,1672.4000244140625,31.858999252319336
2013-02-06,1677.699951171875,31.861000061035156
2013-02-07,1670.4000244140625,31.386999130249023
2013-02-08,1666.0,31.424999237060547
2013-02-11,1648.199951171875,30.895000457763672
2013-02-12,1648.699951171875,31.003999710083008
2013-02-13,1644.199951171875,30.854000091552734
2013-02-14,1634.699951171875,30.343000411987305
2013-02-15,1608.800048828125,29.839000701904297
2013-02-19,1603.5999755859375,29.413000106811523
2013-02-20,1577.5999755859375,28.614999771118164
2013-02-21,1578.199951171875,28.69499969482422
2013-02-22,1572.4000244140625,28.45599937438965
2013-02-25,1586.199951171875,28.982999801635742
2013-02-26,1615.199951171875,29.256000518798828
2013-02-27,1595.199951171875,28.94300079345703
2013-02-28,1577.699951171875,28.395000457763672
2013-03-01,1571.9000244140625,28.451000213623047
2013-03-04,1572.0999755859375,28.457000732421875
2013-03-05,1574.5999755859375,28.562999725341797
2013-03-06,1574.5999755859375,28.760000228881836
2013-03-07,1574.800048828125,28.767000198364258
2013-03-08,1576.5999755859375,28.909000396728516
2013-03-11,1577.800048828125,28.812000274658203
2013-03-12,1591.5,29.131000518798828
2013-03-13,1588.300048828125,28.922000885009766
2013-03-14,1590.5999755859375,28.77199935913086
2013-03-15,1592.5,28.816999435424805
2013-03-18,1604.5999755859375,28.840999603271484
2013-03-19,1611.300048828125,28.809999465942383
2013-03-20,1607.5,28.783000946044922
2013-03-21,1613.800048828125,29.179000854492188
2013-03-22,1606.199951171875,28.666000366210938
2013-03-25,1604.5999755859375,28.78499984741211
2013-03-26,1595.800048828125,28.643999099731445
2013-03-27,1606.199951171875,28.57699966430664
2013-03-28,1594.800048828125,28.29199981689453
2013-04-01,1600.0,27.913000106811523
2013-04-02,1575.0999755859375,27.216999053955078
2013-04-03,1552.800048828125,26.773000717163086
2013-04-04,1551.800048828125,26.74799919128418
2013-04-05,1575.4000244140625,27.201000213623047
2013-04-08,1572.0,27.1200008392334
2013-04-09,1586.199951171875,27.865999221801758
2013-04-10,1558.300048828125,27.638999938964844
2013-04-11,1564.300048828125,27.684999465942383
2013-04-12,1501.0,26.32200050354004
2013-04-15,1360.5999755859375,23.354999542236328
2013-04-16,1386.800048828125,23.621999740600586
2013-04-17,1382.199951171875,23.301000595092773
2013-04-18,1392.0,23.23900032043457
2013-04-19,1395.300048828125,22.954999923706055
2013-04-22,1421.0,23.31999969482422
2013-04-23,1408.5999755859375,22.812999725341797
2013-04-24,1423.4000244140625,22.82900047302246
2013-04-25,1461.800048828125,24.139999389648438
2013-04-26,1453.5999755859375,23.757999420166016
2013-04-29,1467.4000244140625,24.121999740600586
2013-04-30,1472.199951171875,24.143999099731445
2013-05-01,1446.300048828125,23.30500030517578
2013-05-02,1467.699951171875,23.790000915527344
2013-05-03,1464.300048828125,23.975000381469727
2013-05-06,1468.0999755859375,23.917999267578125
2013-05-07,1449.0,23.770999908447266
2013-05-08,1473.9000244140625,23.892000198364258
2013-05-09,1468.800048828125,23.878999710083008
2013-05-10,1436.800048828125,23.631999969482422
2013-05-13,1434.5,23.670000076293945
2013-05-14,1424.699951171875,23.354999542236328
2013-05-15,1396.5,22.64299964904785
2013-05-16,1387.0999755859375,22.64299964904785
2013-05-17,1364.9000244140625,22.339000701904297
2013-05-20,1384.300048828125,22.56800079345703
2013-05-21,1377.800048828125,22.441999435424805
2013-05-22,1367.5999755859375,22.45800018310547
2013-05-23,1392.0,22.493999481201172
2013-05-24,1386.800048828125,22.48200035095215
2013-05-28,1379.0999755859375,22.18000030517578
2013-05-29,1391.300048828125,22.44499969482422
2013-05-30,1411.5,22.673999786376953
2013-05-31,1392.5999755859375,22.22800064086914
2013-06-03,1411.699951171875,22.71500015258789
2013-06-04,1397.0999755859375,22.399999618530273
2013-06-05,1398.4000244140625,22.46500015258789
2013-06-06,1415.699951171875,22.701000213623047
2013-06-07,1383.0,21.73699951171875
2013-06-10,1386.199951171875,21.92099952697754
2013-06-11,1377.0,21.645000457763672
2013-06-12,1391.800048828125,21.79599952697754
2013-06-13,1377.5999755859375,21.582000732421875
2013-06-14,1387.300048828125,21.952999114990234
2013-06-17,1382.800048828125,21.756999969482422
2013-06-18,1366.5999755859375,21.676000595092773
2013-06-19,1373.5999755859375,21.621999740600586
2013-06-20,1285.9000244140625,19.82200050354004
2013-06-21,1291.5999755859375,19.95800018310547
2013-06-24,1276.800048828125,19.493000030517578
2013-06-25,1274.800048828125,19.525999069213867
2013-06-26,1229.5999755859375,18.586999893188477
2013-06-27,1211.4000244140625,18.533000946044922
2013-06-28,1223.800048828125,19.451000213623047
2013-07-01,1255.9000244140625,19.559999465942383
2013-07-02,1243.5999755859375,19.29800033569336
2013-07-03,1252.0999755859375,19.68899917602539
2013-07-05,1212.9000244140625,18.72599983215332
2013-07-08,1234.9000244140625,19.024999618530273
2013-07-09,1245.9000244140625,19.125
2013-07-10,1247.4000244140625,19.150999069213867
2013-07-11,1280.0999755859375,19.94300079345703
2013-07-12,1277.800048828125,19.77899932861328
2013-07-15,1283.800048828125,19.826000213623047
2013-07-16,1290.800048828125,19.92300033569336
2013-07-17,1277.9000244140625,19.409000396728516
2013-07-18,1284.5999755859375,19.375999450683594
2013-07-19,1293.300048828125,19.447999954223633
2013-07-22,1336.4000244140625,20.49799919128418
2013-07-23,1335.0999755859375,20.246000289916992
2013-07-24,1319.699951171875,20.013999938964844
2013-07-25,1329.0,20.14699935913086
2013-07-26,1321.699951171875,19.764999389648438
2013-07-29,1328.4000244140625,19.854000091552734
2013-07-30,1324.0,19.666000366210938
2013-07-31,1312.4000244140625,19.617000579833984
2013-08-01,1311.0,19.614999771118164
2013-08-02,1310.5999755859375,19.902999877929688
2013-08-05,1302.5999755859375,19.711000442504883
2013-08-06,1283.199951171875,19.514999389648438
2013-08-07,1286.0999755859375,19.49799919128418
2013-08-08,1310.699951171875,20.18400001525879
2013-08-09,1312.9000244140625,20.39900016784668
2013-08-12,1334.699951171875,21.332000732421875
2013-08-13,1321.199951171875,21.336000442504883
2013-08-14,1334.0,21.7810001373291
2013-08-15,1361.5999755859375,22.929000854492188
2013-08-16,1371.699951171875,23.316999435424805
2013-08-19,1366.199951171875,23.160999298095703
2013-08-20,1373.0999755859375,23.06599998474121
2013-08-21,1370.5999755859375,22.95800018310547
2013-08-22,1371.199951171875,23.030000686645508
2013-08-23,1395.699951171875,23.732999801635742
2013-08-26,1393.0,24.007999420166016
2013-08-27,1420.5999755859375,24.64900016784668
2013-08-28,1419.0,24.388999938964844
2013-08-29,1412.9000244140625,24.09000015258789
2013-08-30,1396.0999755859375,23.46299934387207
2013-09-03,1412.0,24.381999969482422
2013-09-04,1389.9000244140625,23.368999481201172
2013-09-05,1373.0999755859375,23.20599937438965
2013-09-06,1386.699951171875,23.841999053955078
2013-09-09,1386.800048828125,23.667999267578125
2013-09-10,1364.0999755859375,22.965999603271484
2013-09-11,1363.9000244140625,23.121000289916992
2013-09-12,1330.4000244140625,22.099000930786133
2013-09-13,1308.4000244140625,21.670000076293945
2013-09-16,1317.9000244140625,21.96299934387207
2013-09-17,1309.5,21.735000610351562
2013-09-18,1307.800048828125,21.513999938964844
2013-09-19,1369.4000244140625,23.242000579833984
2013-09-20,1332.5,21.875999450683594
2013-09-23,1326.9000244140625,21.80500030517578
2013-09-24,1316.0,21.538999557495117
2013-09-25,1335.9000244140625,21.83799934387207
2013-09-26,1323.5999755859375,21.719999313354492
2013-09-27,1338.4000244140625,21.783000946044922
2013-09-30,1326.5,21.6560001373291
2013-10-01,1286.0,21.124000549316406
2013-10-02,1320.5999755859375,21.84600067138672
2013-10-03,1317.4000244140625,21.73900032043457
2013-10-04,1309.699951171875,21.704999923706055
2013-10-07,1324.800048828125,22.339000701904297
2013-10-08,1324.199951171875,22.39699935913086
2013-10-09,1306.9000244140625,21.84600067138672
2013-10-10,1296.5999755859375,21.850000381469727
2013-10-11,1268.0,21.21500015258789
2013-10-14,1276.4000244140625,21.309999465942383
2013-10-15,1273.0,21.145999908447266
2013-10-16,1282.0,21.31999969482422
2013-10-17,1322.699951171875,21.902999877929688
2013-10-18,1314.4000244140625,21.868999481201172
2013-10-21,1315.699951171875,22.232999801635742
2013-10-22,1342.5,22.753999710083008
2013-10-23,1333.9000244140625,22.582000732421875
2013-10-24,1350.199951171875,22.785999298095703
2013-10-25,1352.4000244140625,22.60300064086914
2013-10-28,1352.0,22.49799919128418
2013-10-29,1345.199951171875,22.45199966430664
2013-10-30,1349.0,22.945999145507812
2013-10-31,1323.5999755859375,21.832000732421875
2013-11-01,1313.0999755859375,21.804000854492188
2013-11-04,1314.5999755859375,21.67799949645996
2013-11-05,1308.0,21.61400032043457
2013-11-06,1317.699951171875,21.746000289916992
2013-11-07,1308.4000244140625,21.638999938964844
2013-11-08,1284.5,21.30699920654297
2013-11-11,1281.0,21.27199935913086
2013-11-12,1271.0999755859375,20.76799964904785
2013-11-13,1268.300048828125,20.43199920654297
2013-11-14,1286.199951171875,20.711999893188477
2013-11-15,1287.300048828125,20.716999053955078
2013-11-18,1272.199951171875,20.349000930786133
2013-11-19,1273.4000244140625,20.326000213623047
2013-11-20,1257.9000244140625,20.049999237060547
2013-11-21,1243.5,19.92799949645996
2013-11-22,1244.0,19.856000900268555
2013-11-25,1241.0999755859375,19.8799991607666
2013-11-26,1241.4000244140625,19.84600067138672
2013-11-27,1237.800048828125,19.632999420166016
2013-11-29,1250.5999755859375,19.981000900268555
2013-12-02,1222.300048828125,19.232999801635742
2013-12-03,1221.699951171875,19.01099967956543
2013-12-04,1248.199951171875,19.77400016784668
2013-12-05,1233.199951171875,19.513999938964844
2013-12-06,1230.300048828125,19.46500015258789
2013-12-09,1235.300048828125,19.643999099731445
2013-12-10,1262.4000244140625,20.256000518798828
2013-12-11,1258.5,20.29800033569336
2013-12-12,1226.0,19.402000427246094
2013-12-13,1235.699951171875,19.55900001525879
2013-12-16,1245.5,20.048999786376953
2013-12-17,1231.199951171875,19.79199981689453
2013-12-18,1236.0999755859375,20.013999938964844
2013-12-19,1195.0,19.14299964904785
2013-12-20,1205.0999755859375,19.417999267578125
2013-12-23,1198.4000244140625,19.378000259399414
2013-12-24,1205.0999755859375,19.452999114990234
2013-12-26,1214.0999755859375,19.885000228881836
2013-12-27,1216.0999755859375,20.01300048828125
2013-12-30,1203.0999755859375,19.58099937438965
2013-12-31,1201.9000244140625,19.339000701904297
2014-01-02,1225.0,20.097999572753906
2014-01-03,1238.4000244140625,20.18199920654297
2014-01-06,1237.800048828125,20.07699966430664
2014-01-07,1229.4000244140625,19.764999389648438
2014-01-08,1225.300048828125,19.51799964904785
2014-01-09,1229.300048828125,19.663000106811523
2014-01-10,1246.699951171875,20.201000213623047
2014-01-13,1250.9000244140625,20.361000061035156
2014-01-14,1245.199951171875,20.250999450683594
2014-01-15,1238.0999755859375,20.10300064086914
2014-01-16,1240.0,20.024999618530273
2014-01-17,1251.699951171875,20.267000198364258
2014-01-21,1242.300048828125,19.83799934387207
2014-01-22,1239.0,19.80900001525879
2014-01-23,1262.5999755859375,19.986000061035156
2014-01-24,1264.5,19.743000030517578
2014-01-27,1263.5999755859375,19.770999908447266
2014-01-28,1251.0,19.482999801635742
2014-01-29,1262.199951171875,19.533000946044922
2014-01-30,1242.199951171875,19.111000061035156
2014-01-31,1240.0999755859375,19.104999542236328
2014-02-03,1260.4000244140625,19.388999938964844
2014-02-04,1251.699951171875,19.402000427246094
2014-02-05,1257.300048828125,19.78499984741211
2014-02-06,1257.5999755859375,19.908000946044922
2014-02-07,1263.300048828125,19.920000076293945
2014-02-10,1274.800048828125,20.099000930786133
2014-02-11,1290.0999755859375,20.14299964904785
2014-02-12,1295.300048828125,20.33099937438965
2014-02-13,1300.4000244140625,20.385000228881836
2014-02-14,1319.0,21.410999298095703
2014-02-18,1324.699951171875,21.891000747680664
2014-02-19,1320.5999755859375,21.8439998626709
2014-02-20,1317.0999755859375,21.67799949645996
2014-02-21,1323.9000244140625,21.777000427246094
2014-02-24,1338.300048828125,22.047000885009766
2014-02-25,1343.0,21.959999084472656
2014-02-26,1328.199951171875,21.253999710083008
2014-02-27,1331.5999755859375,21.31399917602539
2014-02-28,1321.4000244140625,21.20400047302246
2014-03-03,1350.0999755859375,21.447999954223633
2014-03-04,1337.800048828125,21.187999725341797
2014-03-05,1340.199951171875,21.23900032043457
2014-03-06,1351.699951171875,21.54199981689453
2014-03-07,1338.0999755859375,20.89699935913086
2014-03-10,1341.4000244140625,20.878999710083008
2014-03-11,1346.5,20.784000396728516
2014-03-12,1370.300048828125,21.327999114990234
2014-03-13,1372.199951171875,21.16900062561035
2014-03-14,1379.0,21.384000778198242
2014-03-17,1372.9000244140625,21.249000549316406
2014-03-18,1359.0,20.836000442504883
2014-03-19,1341.4000244140625,20.799999237060547
2014-03-20,1330.5,20.40399932861328
2014-03-21,1336.0,20.285999298095703
2014-03-24,1311.199951171875,20.042999267578125
2014-03-25,1311.4000244140625,19.954999923706055
2014-03-26,1303.4000244140625,19.759000778198242
2014-03-27,1294.699951171875,19.690000534057617
2014-03-28,1293.800048828125,19.77199935913086
2014-03-31,1283.4000244140625,19.733999252319336
2014-04-01,1279.5999755859375,19.66900062561035
2014-04-02,1290.5,20.0310001373291
2014-04-03,1284.4000244140625,19.785999298095703
2014-04-04,1303.199951171875,19.927000045776367
2014-04-07,1298.0,19.891000747680664
2014-04-08,1308.699951171875,20.04199981689453
2014-04-09,1305.5,19.7549991607666
2014-04-10,1320.0999755859375,20.077999114990234
2014-04-11,1318.699951171875,19.933000564575195
2014-04-14,1327.199951171875,19.999000549316406
2014-04-15,1300.0,19.47800064086914
2014-04-16,1303.0999755859375,19.62299919128418
2014-04-17,1293.4000244140625,19.586000442504883
2014-04-21,1288.0,19.340999603271484
2014-04-22,1280.5999755859375,19.35099983215332
2014-04-23,1284.199951171875,19.43000030517578
2014-04-24,1290.5,19.68199920654297
2014-04-25,1300.699951171875,19.684999465942383
2014-04-28,1298.9000244140625,19.584999084472656
2014-04-29,1296.0,19.488000869750977
2014-04-30,1295.5999755859375,19.118999481201172
2014-05-01,1283.0999755859375,18.98900032043457
2014-05-02,1302.5999755859375,19.492000579833984
2014-05-05,1309.0,19.520000457763672
2014-05-06,1308.300048828125,19.597999572753906
2014-05-07,1288.5999755859375,19.29800033569336
2014-05-08,1287.4000244140625,19.0939998626709
2014-05-09,1287.300048828125,19.07699966430664
2014-05-12,1295.5999755859375,19.5
2014-05-13,1294.5999755859375,19.503999710083008
2014-05-14,1305.699951171875,19.735000610351562
2014-05-15,1293.5,19.44700050354004
2014-05-16,1293.300048828125,19.29199981689453
2014-05-19,1293.699951171875,19.32200050354004
2014-05-20,1294.5,19.367000579833984
2014-05-21,1288.0,19.30699920654297
2014-05-22,1294.9000244140625,19.489999771118164
2014-05-23,1291.5999755859375,19.38800048828125
2014-05-27,1265.4000244140625,19.038999557495117
2014-05-28,1259.300048828125,19.03499984741211
2014-05-29,1256.300048828125,18.982999801635742
2014-05-30,1245.5999755859375,18.652999877929688
2014-06-02,1243.699951171875,18.708999633789062
2014-06-03,1244.300048828125,18.73200035095215
2014-06-04,1244.0,18.766000747680664
2014-06-05,1253.0,19.05500030517578
2014-06-06,1252.0999755859375,18.96299934387207
2014-06-09,1253.5,19.045000076293945
2014-06-10,1259.800048828125,19.14699935913086
2014-06-11,1260.800048828125,19.15399932861328
2014-06-12,1273.5999755859375,19.514999389648438
2014-06-13,1273.699951171875,19.636999130249023
2014-06-16,1274.9000244140625,19.70199966430664
2014-06-17,1271.699951171875,19.72100067138672
2014-06-18,1272.4000244140625,19.767000198364258
2014-06-19,1313.699951171875,20.636999130249023
2014-06-20,1316.199951171875,20.941999435424805
2014-06-23,1318.0,20.909000396728516
2014-06-24,1320.9000244140625,21.038000106811523
2014-06-25,1322.199951171875,21.111000061035156
2014-06-26,1316.0999755859375,21.10300064086914
2014-06-27,1319.0,21.07699966430664
2014-06-30,1321.800048828125,21.006999969482422
2014-07-01,1326.4000244140625,21.066999435424805
2014-07-02,1330.699951171875,21.253999710083008
2014-07-03,1320.4000244140625,21.089000701904297
2014-07-07,1316.5,20.965999603271484
2014-07-08,1316.0,20.966999053955078
2014-07-09,1323.800048828125,21.02199935913086
2014-07-10,1338.699951171875,21.458999633789062
2014-07-11,1337.0,21.410999298095703
2014-07-14,1306.300048828125,20.86400032043457
2014-07-15,1296.9000244140625,20.841999053955078
2014-07-16,1299.5999755859375,20.726999282836914
2014-07-17,1316.699951171875,21.086000442504883
2014-07-18,1309.199951171875,20.83799934387207
2014-07-21,1313.699951171875,20.965999603271484
2014-07-22,1306.0999755859375,20.96500015258789
2014-07-23,1304.5,20.95199966430664
2014-07-24,1290.5999755859375,20.375999450683594
2014-07-25,1303.0999755859375,20.58799934387207
2014-07-28,1303.300048828125,20.525999069213867
2014-07-29,1298.300048828125,20.54599952697754
2014-07-30,1294.9000244140625,20.558000564575195
2014-07-31,1281.300048828125,20.37299919128418
2014-08-01,1293.5999755859375,20.332000732421875
2014-08-04,1287.699951171875,20.194000244140625
2014-08-05,1284.0,19.79400062561035
2014-08-06,1306.699951171875,19.985000610351562
2014-08-07,1310.800048828125,19.951000213623047
2014-08-08,1308.9000244140625,19.902000427246094
2014-08-11,1308.5,20.059999465942383
2014-08-12,1308.800048828125,19.8700008392334
2014-08-13,1312.800048828125,19.809999465942383
2014-08-14,1313.9000244140625,19.871000289916992
2014-08-15,1304.5,19.489999771118164
2014-08-18,1297.699951171875,19.600000381469727
2014-08-19,1295.0999755859375,19.386999130249023
2014-08-20,1293.4000244140625,19.472000122070312
2014-08-21,1273.699951171875,19.389999389648438
2014-08-22,1278.5999755859375,19.361000061035156
2014-08-25,1277.300048828125,19.33799934387207
2014-08-26,1283.800048828125,19.3700008392334
2014-08-27,1281.9000244140625,19.395000457763672
2014-08-28,1288.699951171875,19.534000396728516
2014-08-29,1285.800048828125,19.398000717163086
2014-09-02,1263.699951171875,19.070999145507812
2014-09-03,1268.9000244140625,19.107999801635742
2014-09-04,1265.0999755859375,19.06399917602539
2014-09-05,1265.800048828125,19.082000732421875
2014-09-08,1252.699951171875,18.886999130249023
2014-09-09,1246.800048828125,18.8439998626709
2014-09-10,1243.5,18.856000900268555
2014-09-11,1237.4000244140625,18.533000946044922
2014-09-12,1229.9000244140625,18.54599952697754
2014-09-15,1233.5999755859375,18.555999755859375
2014-09-16,1235.199951171875,18.6560001373291
2014-09-17,1234.4000244140625,18.663000106811523
2014-09-18,1225.699951171875,18.45199966430664
2014-09-19,1215.300048828125,17.7810001373291
2014-09-22,1216.800048828125,17.698999404907227
2014-09-23,1221.0,17.71299934387207
2014-09-24,1218.5999755859375,17.64299964904785
2014-09-25,1221.199951171875,17.378999710083008
2014-09-26,1214.0999755859375,17.476999282836914
2014-09-29,1217.5,17.516000747680664
2014-09-30,1210.5,17.006000518798828
2014-10-01,1214.5999755859375,17.209999084472656
2014-10-02,1214.199951171875,17.000999450683594
2014-10-03,1192.199951171875,16.780000686645508
2014-10-06,1206.699951171875,17.18000030517578
2014-10-07,1211.699951171875,17.19099998474121
2014-10-08,1205.300048828125,17.014999389648438
2014-10-09,1224.5999755859375,17.367000579833984
2014-10-10,1221.0,17.25200080871582
2014-10-13,1229.300048828125,17.29400062561035
2014-10-14,1233.5999755859375,17.35300064086914
2014-10-15,1244.0999755859375,17.415000915527344
2014-10-16,1240.5,17.38800048828125
2014-10-17,1238.300048828125,17.281999588012695
2014-10-20,1244.0,17.304000854492188
2014-10-21,1251.0,17.503999710083008
2014-10-22,1244.800048828125,17.18600082397461
2014-10-23,1228.5,17.11400032043457
2014-10-24,1231.199951171875,17.13599967956543
2014-10-27,1229.0999755859375,17.114999771118164
2014-10-28,1229.199951171875,17.184999465942383
2014-10-29,1224.300048828125,17.2189998626709
2014-10-30,1198.0999755859375,16.391000747680664
2014-10-31,1171.0999755859375,16.07699966430664
2014-11-03,1169.4000244140625,16.174999237060547
2014-11-04,1167.4000244140625,15.927000045776367
2014-11-05,1145.4000244140625,15.418000221252441
2014-11-06,1142.300048828125,15.392000198364258
2014-11-07,1169.5999755859375,15.699000358581543
2014-11-10,1159.5999755859375,15.656999588012695
2014-11-11,1162.800048828125,15.663999557495117
2014-11-12,1158.9000244140625,15.619000434875488
2014-11-13,1161.0999755859375,15.616999626159668
2014-11-14,1185.0,16.309999465942383
2014-11-17,1183.0,16.05299949645996
2014-11-18,1196.699951171875,16.170000076293945
2014-11-19,1193.5999755859375,16.290000915527344
2014-11-20,1190.699951171875,16.132999420166016
2014-11-21,1197.5,16.391000747680664
2014-11-24,1195.5,16.37700080871582
2014-11-25,1197.0999755859375,16.554000854492188
2014-11-26,1196.5999755859375,16.54800033569336
2014-11-28,1175.199951171875,15.48900032043457
2014-12-01,1218.0,16.648000717163086
2014-12-02,1199.199951171875,16.408000946044922
2014-12-03,1208.5,16.358999252319336
2014-12-04,1207.5,16.520000457763672
2014-12-05,1190.0999755859375,16.195999145507812
2014-12-08,1194.699951171875,16.215999603271484
2014-12-09,1231.5,17.08099937438965
2014-12-10,1228.9000244140625,17.132999420166016
2014-12-11,1225.0999755859375,17.05900001525879
2014-12-12,1222.0,17.018999099731445
2014-12-15,1207.199951171875,16.527000427246094
2014-12-16,1193.9000244140625,15.71500015258789
2014-12-17,1194.300048828125,15.890999794006348
2014-12-18,1194.699951171875,15.894000053405762
2014-12-19,1195.9000244140625,15.991000175476074
2014-12-22,1179.699951171875,15.64900016784668
2014-12-23,1177.9000244140625,15.729999542236328
2014-12-24,1173.5,15.67300033569336
2014-12-26,1195.300048828125,16.11199951171875
2014-12-29,1181.699951171875,15.744000434875488
2014-12-30,1200.199951171875,16.239999771118164
2014-12-31,1183.9000244140625,15.5649995803833
2015-01-02,1186.0,15.734000205993652
2015-01-05,1203.9000244140625,16.179000854492188
2015-01-06,1219.300048828125,16.60300064086914
2015-01-07,1210.5999755859375,16.510000228881836
2015-01-08,1208.4000244140625,16.35099983215332
2015-01-09,1216.0,16.38599967956543
2015-01-12,1232.699951171875,16.53499984741211
2015-01-13,1234.300048828125,17.125
2015-01-14,1234.4000244140625,16.95599937438965
2015-01-15,1264.699951171875,17.072999954223633
2015-01-16,1276.9000244140625,17.73900032043457
2015-01-20,1294.199951171875,17.94700050354004
2015-01-21,1293.699951171875,18.179000854492188
2015-01-22,1300.699951171875,18.34600067138672
2015-01-23,1292.5999755859375,18.284000396728516
2015-01-26,1279.4000244140625,17.966999053955078
2015-01-27,1291.699951171875,18.06800079345703
2015-01-28,1285.9000244140625,18.06800079345703
2015-01-29,1254.5999755859375,16.757999420166016
2015-01-30,1278.5,17.191999435424805
2015-02-02,1276.199951171875,17.235000610351562
2015-02-03,1259.699951171875,17.30500030517578
2015-02-04,1263.800048828125,17.378999710083008
2015-02-05,1262.0,17.18000030517578
2015-02-06,1233.9000244140625,16.67799949645996
2015-02-09,1240.800048828125,17.054000854492188
2015-02-10,1231.5999755859375,16.85700035095215
2015-02-11,1219.0,16.7450008392334
2015-02-12,1220.0999755859375,16.777999877929688
2015-02-13,1226.5,17.277999877929688
2015-02-17,1208.0999755859375,16.36199951171875
2015-02-18,1199.699951171875,16.25
2015-02-19,1207.0999755859375,16.371000289916992
2015-02-20,1204.4000244140625,16.26300048828125
2015-02-23,1200.300048828125,16.246999740600586
2015-02-24,1196.9000244140625,16.18199920654297
2015-02-25,1201.0,16.423999786376953
2015-02-26,1209.5999755859375,16.58300018310547
2015-02-27,1212.5999755859375,16.51300048828125
2015-03-02,1207.699951171875,16.406999588012695
2015-03-03,1204.0,16.257999420166016
2015-03-04,1200.5999755859375,16.131999969482422
2015-03-05,1195.9000244140625,16.131999969482422
2015-03-06,1164.0999755859375,15.784000396728516
2015-03-09,1166.4000244140625,15.755000114440918
2015-03-10,1160.0999755859375,15.61299991607666
2015-03-11,1150.699951171875,15.345000267028809
2015-03-12,1152.0999755859375,15.493000030517578
2015-03-13,1152.5999755859375,15.47700023651123
2015-03-16,1153.300048828125,15.60099983215332
2015-03-17,1148.300048828125,15.562000274658203
2015-03-18,1151.4000244140625,15.524999618530273
2015-03-19,1169.0999755859375,16.097999572753906
2015-03-20,1184.800048828125,16.867000579833984
2015-03-23,1188.0,16.871999740600586
2015-03-24,1191.699951171875,16.96299934387207
2015-03-25,1197.300048828125,16.979999542236328
2015-03-26,1205.0999755859375,17.121999740600586
2015-03-27,1199.800048828125,17.052000045776367
2015-03-30,1184.800048828125,16.656999588012695
2015-03-31,1183.0999755859375,16.58099937438965
2015-04-01,1208.0999755859375,17.04400062561035
2015-04-02,1200.9000244140625,16.68600082397461
2015-04-06,1218.5999755859375,17.094999313354492
2015-04-07,1210.5999755859375,16.825000762939453
2015-04-08,1203.0999755859375,16.440000534057617
2015-04-09,1193.5999755859375,16.163999557495117
2015-04-10,1204.5999755859375,16.3700008392334
2015-04-13,1199.300048828125,16.280000686645508
2015-04-14,1192.800048828125,16.150999069213867
2015-04-15,1201.5,16.268999099731445
2015-04-16,1198.0,16.275999069213867
2015-04-17,1202.9000244140625,16.22100067138672
2015-04-20,1193.5,15.883000373840332
2015-04-21,1202.9000244140625,16.00200080871582
2015-04-22,1186.9000244140625,15.791000366210938
2015-04-23,1194.4000244140625,15.824000358581543
2015-04-24,1175.199951171875,15.630999565124512
2015-04-27,1203.300048828125,16.389999389648438
2015-04-28,1214.0,16.586999893188477
2015-04-29,1209.800048828125,16.670000076293945
2015-04-30,1182.4000244140625,16.124000549316406
2015-05-01,1174.5,16.111000061035156
2015-05-04,1186.800048828125,16.417999267578125
2015-05-05,1193.199951171875,16.55699920654297
2015-05-06,1190.300048828125,16.483999252319336
2015-05-07,1182.4000244140625,16.27199935913086
2015-05-08,1189.0999755859375,16.441999435424805
2015-05-11,1183.199951171875,16.29800033569336
2015-05-12,1192.5999755859375,16.510000228881836
2015-05-13,1218.4000244140625,17.207000732421875
2015-05-14,1225.4000244140625,17.448999404907227
2015-05-15,1225.5,17.545000076293945
2015-05-18,1227.800048828125,17.711999893188477
2015-05-19,1206.9000244140625,17.049999237060547
2015-05-20,1208.9000244140625,17.091999053955078
2015-05-21,1204.4000244140625,17.111000061035156
2015-05-22,1204.300048828125,17.030000686645508
2015-05-26,1187.199951171875,16.733999252319336
2015-05-27,1185.9000244140625,16.63800048828125
2015-05-28,1188.0999755859375,16.652999877929688
2015-05-29,1189.4000244140625,16.68400001525879
2015-06-01,1188.300048828125,16.663999557495117
2015-06-02,1194.0999755859375,16.783000946044922
2015-06-03,1184.699951171875,16.464000701904297
2015-06-04,1174.9000244140625,16.089000701904297
2015-06-05,1167.800048828125,15.970999717712402
2015-06-08,1173.199951171875,15.951000213623047
2015-06-09,1177.300048828125,15.949000358581543
2015-06-10,1186.0999755859375,15.95199966430664
2015-06-11,1179.9000244140625,15.95300006866455
2015-06-12,1178.800048828125,15.817999839782715
2015-06-15,1185.300048828125,16.076000213623047
2015-06-16,1180.5,15.958000183105469
2015-06-17,1176.4000244140625,15.9399995803833
2015-06-18,1201.5,16.148000717163086
2015-06-19,1201.5,16.104000091552734
2015-06-22,1183.699951171875,16.136999130249023
2015-06-23,1176.199951171875,15.732000350952148
2015-06-24,1172.5999755859375,15.847999572753906
2015-06-25,1171.5,15.805000305175781
2015-06-26,1172.9000244140625,15.734999656677246
2015-06-29,1178.5,15.663999557495117
2015-06-30,1171.5,15.550999641418457
2015-07-01,1169.0,15.552000045776367
2015-07-02,1163.0,15.536999702453613
2015-07-06,1172.9000244140625,15.72599983215332
2015-07-07,1152.4000244140625,14.949999809265137
2015-07-08,1163.300048828125,15.147000312805176
2015-07-09,1159.0,15.345000267028809
2015-07-10,1157.699951171875,15.468000411987305
2015-07-13,1155.199951171875,15.435999870300293
2015-07-14,1153.300048828125,15.295000076293945
2015-07-15,1147.199951171875,15.027999877929688
2015-07-16,1143.800048828125,14.96399974822998
2015-07-17,1131.800048828125,14.819999694824219
2015-07-20,1106.699951171875,14.744999885559082
2015-07-21,1103.4000244140625,14.769000053405762
2015-07-22,1091.4000244140625,14.71399974822998
2015-07-23,1094.0,14.682999610900879
2015-07-24,1085.5999755859375,14.47700023651123
2015-07-27,1096.5,14.593999862670898
2015-07-28,1096.300048828125,14.630999565124512
2015-07-29,1092.699951171875,14.734000205993652
2015-07-30,1088.4000244140625,14.690999984741211
2015-07-31,1094.9000244140625,14.746000289916992
2015-08-03,1089.4000244140625,14.515999794006348
2015-08-04,1090.699951171875,14.550000190734863
2015-08-05,1085.699951171875,14.545999526977539
2015-08-06,1090.199951171875,14.670000076293945
2015-08-07,1094.0999755859375,14.815999984741211
2015-08-10,1104.199951171875,15.288999557495117
2015-08-11,1107.5999755859375,15.281000137329102
2015-08-12,1123.199951171875,15.472999572753906
2015-08-13,1115.699951171875,15.395999908447266
2015-08-14,1112.9000244140625,15.210000038146973
2015-08-17,1118.5999755859375,15.295000076293945
2015-08-18,1117.0999755859375,14.786999702453613
2015-08-19,1128.0999755859375,15.175999641418457
2015-08-20,1153.0,15.517000198364258
2015-08-21,1159.5999755859375,15.300999641418457
2015-08-24,1153.4000244140625,14.76200008392334
2015-08-25,1138.199951171875,14.609999656677246
2015-08-26,1124.5999755859375,14.045000076293945
2015-08-27,1122.4000244140625,14.420999526977539
2015-08-28,1133.0999755859375,14.53499984741211
2015-08-31,1131.5999755859375,14.57699966430664
2015-09-01,1138.699951171875,14.61299991607666
2015-09-02,1132.5,14.66100025177002
2015-09-03,1123.699951171875,14.70199966430664
2015-09-04,1120.5999755859375,14.543999671936035
2015-09-08,1120.4000244140625,14.75
2015-09-09,1102.199951171875,14.567999839782715
2015-09-10,1109.5,14.633999824523926
2015-09-11,1103.5,14.489999771118164
2015-09-14,1107.699951171875,14.357000350952148
2015-09-15,1102.800048828125,14.319000244140625
2015-09-16,1119.199951171875,14.878000259399414
2015-09-17,1117.300048828125,14.975000381469727
2015-09-18,1138.0999755859375,15.154000282287598
2015-09-21,1133.0999755859375,15.215999603271484
2015-09-22,1125.0,14.75
2015-09-23,1131.5999755859375,14.779999732971191
2015-09-24,1153.800048828125,15.125
2015-09-25,1146.0,15.105999946594238
2015-09-28,1132.0,14.538000106811523
2015-09-29,1127.0999755859375,14.569000244140625
2015-09-30,1115.5,14.512999534606934
2015-10-01,1114.199951171875,14.505999565124512
2015-10-02,1137.0999755859375,15.256999969482422
2015-10-05,1138.0999755859375,15.70199966430664
2015-10-06,1146.800048828125,15.979000091552734
2015-10-07,1149.0,16.08799934387207
2015-10-08,1144.699951171875,15.760000228881836
2015-10-09,1156.300048828125,15.809000015258789
2015-10-12,1164.9000244140625,15.854999542236328
2015-10-13,1165.800048828125,15.897000312805176
2015-10-14,1180.0999755859375,16.101999282836914
2015-10-15,1187.9000244140625,16.152000427246094
2015-10-16,1183.5999755859375,16.101999282836914
2015-10-19,1173.300048828125,15.829000473022461
2015-10-20,1178.0,15.904999732971191
2015-10-21,1167.5999755859375,15.696000099182129
2015-10-22,1166.5999755859375,15.822999954223633
2015-10-23,1163.300048828125,15.817999839782715
2015-10-26,1167.0,15.899999618530273
2015-10-27,1166.800048828125,15.857999801635742
2015-10-28,1177.0999755859375,16.288000106811523
2015-10-29,1147.199951171875,15.543999671936035
2015-10-30,1141.5,15.565999984741211
2015-11-02,1135.800048828125,15.413000106811523
2015-11-03,1114.199951171875,15.244000434875488
2015-11-04,1106.5,15.062999725341797
2015-11-05,1104.4000244140625,14.98799991607666
2015-11-06,1087.5999755859375,14.696000099182129
2015-11-09,1087.9000244140625,14.418000221252441
2015-11-10,1088.199951171875,14.355999946594238
2015-11-11,1084.699951171875,14.26200008392334
2015-11-12,1080.800048828125,14.223999977111816
2015-11-13,1080.800048828125,14.20300006866455
2015-11-16,1083.699951171875,14.220999717712402
2015-11-17,1068.699951171875,14.170000076293945
2015-11-18,1068.800048828125,14.079999923706055
2015-11-19,1078.0,14.241999626159668
2015-11-20,1076.4000244140625,14.105999946594238
2015-11-23,1066.800048828125,14.041999816894531
2015-11-24,1074.300048828125,14.168999671936035
2015-11-25,1070.5,14.168000221252441
2015-11-27,1056.199951171875,14.008000373840332
2015-11-30,1065.800048828125,14.050000190734863
2015-12-01,1063.800048828125,14.055000305175781
2015-12-02,1054.199951171875,13.979000091552734
2015-12-03,1061.699951171875,14.053000450134277
2015-12-04,1084.5,14.505000114440918
2015-12-07,1076.4000244140625,14.307000160217285
2015-12-08,1076.300048828125,14.090999603271484
2015-12-09,1077.5999755859375,14.163999557495117
2015-12-10,1073.0999755859375,14.085000038146973
2015-12-11,1076.9000244140625,13.859000205993652
2015-12-14,1064.699951171875,13.666000366210938
2015-12-15,1062.9000244140625,13.739999771118164
2015-12-16,1078.0,14.218000411987305
2015-12-17,1050.800048828125,13.682999610900879
2015-12-18,1066.199951171875,14.079999923706055
2015-12-21,1081.9000244140625,14.300999641418457
2015-12-22,1074.800048828125,14.302000045776367
2015-12-23,1069.4000244140625,14.277000427246094
2015-12-24,1077.199951171875,14.369000434875488
2015-12-28,1070.5,13.873000144958496
2015-12-29,1077.5,13.916999816894531
2015-12-30,1060.0999755859375,13.814000129699707
2015-12-31,1060.300048828125,13.774999618530273
2016-01-04,1075.0999755859375,13.817000389099121
2016-01-05,1078.4000244140625,13.949000358581543
2016-01-06,1091.9000244140625,13.956999778747559
2016-01-07,1107.699951171875,14.335000038146973
2016-01-08,1097.800048828125,13.907999992370605
2016-01-11,1096.5,13.854999542236328
2016-01-12,1085.5999755859375,13.739999771118164
2016-01-13,1087.5,14.145000457763672
2016-01-14,1073.9000244140625,13.737000465393066
2016-01-15,1091.5,13.883999824523926
2016-01-19,1089.9000244140625,14.109999656677246
2016-01-20,1107.0999755859375,14.147000312805176
2016-01-21,1099.0999755859375,14.083000183105469
2016-01-22,1097.199951171875,14.043000221252441
2016-01-25,1106.199951171875,14.239999771118164
2016-01-26,1121.699951171875,14.543999671936035
2016-01-27,1116.0999755859375,14.4399995803833
2016-01-28,1115.5999755859375,14.215999603271484
2016-01-29,1116.4000244140625,14.229000091552734
2016-02-01,1127.9000244140625,14.329000473022461
2016-02-02,1127.300048828125,14.276000022888184
2016-02-03,1141.300048828125,14.720000267028809
2016-02-04,1157.5999755859375,14.836000442504883
2016-02-05,1157.800048828125,14.763999938964844
2016-02-08,1197.9000244140625,15.416000366210938
2016-02-09,1198.699951171875,15.444000244140625
2016-02-10,1194.699951171875,15.277000427246094
2016-02-11,1247.9000244140625,15.788999557495117
2016-02-12,1239.0999755859375,15.78499984741211
2016-02-16,1207.9000244140625,15.329000473022461
2016-02-17,1211.0999755859375,15.371999740600586
2016-02-18,1226.0999755859375,15.427000045776367
2016-02-19,1230.4000244140625,15.368000030517578
2016-02-22,1209.5,15.178999900817871
2016-02-23,1222.300048828125,15.234999656677246
2016-02-24,1238.699951171875,15.291999816894531
2016-02-25,1238.199951171875,15.164999961853027
2016-02-26,1219.800048828125,14.689000129699707
2016-02-29,1233.9000244140625,14.895999908447266
2016-03-01,1230.300048828125,14.732999801635742
2016-03-02,1241.0999755859375,15.003000259399414
2016-03-03,1257.4000244140625,15.130999565124512
2016-03-04,1269.9000244140625,15.680999755859375
2016-03-07,1263.199951171875,15.623000144958496
2016-03-08,1262.0999755859375,15.383999824523926
2016-03-09,1256.5999755859375,15.354999542236328
2016-03-10,1272.0,15.545999526977539
2016-03-11,1258.699951171875,15.607000350952148
2016-03-14,1244.4000244140625,15.517999649047852
2016-03-15,1230.4000244140625,15.255000114440918
2016-03-16,1229.300048828125,15.21399974822998
2016-03-17,1264.5,16.02199935913086
2016-03-18,1253.800048828125,15.805999755859375
2016-03-21,1243.800048828125,15.840999603271484
2016-03-22,1248.199951171875,15.876999855041504
2016-03-23,1223.699951171875,15.262999534606934
2016-03-24,1221.4000244140625,15.190999984741211
2016-03-28,1219.9000244140625,15.194000244140625
2016-03-29,1235.5999755859375,15.237000465393066
2016-03-30,1226.9000244140625,15.206000328063965
2016-03-31,1234.199951171875,15.460000038146973
2016-04-01,1222.199951171875,15.041999816894531
2016-04-04,1218.0,14.942000389099121
2016-04-05,1228.4000244140625,15.11400032043457
2016-04-06,1222.5,15.052000045776367
2016-04-07,1236.199951171875,15.156000137329102
2016-04-08,1242.5,15.381999969482422
2016-04-11,1256.699951171875,15.973999977111816
2016-04-12,1259.4000244140625,16.219999313354492
2016-04-13,1246.800048828125,16.322999954223633
2016-04-14,1225.0,16.16900062561035
2016-04-15,1233.0999755859375,16.30900001525879
2016-04-18,1233.5999755859375,16.249000549316406
2016-04-19,1253.0,16.968000411987305
2016-04-20,1253.199951171875,17.131000518798828
2016-04-21,1249.0,17.086000442504883
2016-04-22,1228.699951171875,16.895999908447266
2016-04-25,1238.9000244140625,17.0049991607666
2016-04-26,1242.199951171875,17.106000900268555
2016-04-27,1249.199951171875,17.285999298095703
2016-04-28,1265.5,17.55299949645996
2016-04-29,1289.199951171875,17.788999557495117
2016-05-02,1294.699951171875,17.6560001373291
2016-05-03,1290.699951171875,17.474000930786133
2016-05-04,1273.300048828125,17.277000427246094
2016-05-05,1271.4000244140625,17.302000045776367
2016-05-06,1292.9000244140625,17.506999969482422
2016-05-09,1265.5999755859375,17.06999969482422
2016-05-10,1263.9000244140625,17.075000762939453
2016-05-11,1274.5999755859375,17.302000045776367
2016-05-12,1270.300048828125,17.086999893188477
2016-05-13,1271.9000244140625,17.114999771118164
2016-05-16,1273.4000244140625,17.142000198364258
2016-05-17,1276.199951171875,17.235000610351562
2016-05-18,1273.699951171875,17.1200008392334
2016-05-19,1254.199951171875,16.479000091552734
2016-05-20,1252.4000244140625,16.518999099731445
2016-05-23,1251.0999755859375,16.40999984741211
2016-05-24,1228.9000244140625,16.238000869750977
2016-05-25,1223.5,16.2549991607666
2016-05-26,1220.0999755859375,16.33799934387207
2016-05-27,1213.800048828125,16.246000289916992
2016-05-31,1214.800048828125,15.972000122070312
2016-06-01,1211.9000244140625,15.906000137329102
2016-06-02,1209.800048828125,16.0049991607666
2016-06-03,1240.0999755859375,16.34600067138672
2016-06-06,1244.5999755859375,16.42799949645996
2016-06-07,1244.4000244140625,16.37700080871582
2016-06-08,1259.800048828125,16.968000411987305
2016-06-09,1270.199951171875,17.253000259399414
2016-06-10,1273.4000244140625,17.315000534057617
2016-06-13,1284.4000244140625,17.42799949645996
2016-06-14,1285.5999755859375,17.40999984741211
2016-06-15,1285.800048828125,17.48900032043457
2016-06-16,1296.0999755859375,17.5939998626709
2016-06-17,1292.5,17.399999618530273
2016-06-20,1290.0,17.503000259399414
2016-06-21,1270.5,17.31100082397461
2016-06-22,1268.0,17.30500030517578
2016-06-23,1261.199951171875,17.347999572753906
2016-06-24,1320.0,17.78499984741211
2016-06-27,1322.5,17.739999771118164
2016-06-28,1315.300048828125,17.839000701904297
2016-06-29,1323.9000244140625,18.36199951171875
2016-06-30,1318.4000244140625,18.582000732421875
2016-07-01,1336.699951171875,19.54400062561035
2016-07-05,1356.4000244140625,19.865999221801758
2016-07-06,1364.9000244140625,20.15999984741211
2016-07-07,1360.0999755859375,19.79800033569336
2016-07-08,1356.5999755859375,20.058000564575195
2016-07-11,1355.0,20.263999938964844
2016-07-12,1334.0999755859375,20.1299991607666
2016-07-13,1342.4000244140625,20.3700008392334
2016-07-14,1331.300048828125,20.2810001373291
2016-07-15,1326.5,20.125
2016-07-18,1328.4000244140625,20.04400062561035
2016-07-19,1331.5,19.975000381469727
2016-07-20,1318.800048828125,19.582000732421875
2016-07-21,1330.5,19.784000396728516
2016-07-22,1323.0999755859375,19.656999588012695
2016-07-25,1319.300048828125,19.614999771118164
2016-07-26,1320.699951171875,19.655000686645508
2016-07-27,1326.5999755859375,19.96500015258789
2016-07-28,1332.300048828125,20.15999984741211
2016-07-29,1349.0,20.312000274658203
2016-08-01,1351.4000244140625,20.46500015258789
2016-08-02,1364.4000244140625,20.666000366210938
2016-08-03,1356.0999755859375,20.43600082397461
2016-08-04,1358.800048828125,20.4060001373291
2016-08-05,1336.4000244140625,19.780000686645508
2016-08-08,1333.4000244140625,19.76799964904785
2016-08-09,1339.0,19.81399917602539
2016-08-10,1344.300048828125,20.134000778198242
2016-08-11,1342.5,19.983999252319336
2016-08-12,1335.800048828125,19.672000885009766
2016-08-15,1340.300048828125,19.820999145507812
2016-08-16,1350.5,19.847999572753906
2016-08-17,1342.699951171875,19.62700080871582
2016-08-18,1351.199951171875,19.719999313354492
2016-08-19,1340.4000244140625,19.301000595092773
2016-08-22,1337.699951171875,18.843000411987305
2016-08-23,1340.5999755859375,18.90999984741211
2016-08-24,1324.4000244140625,18.545000076293945
2016-08-25,1320.0999755859375,18.47800064086914
2016-08-26,1321.5,18.645000457763672
2016-08-29,1322.9000244140625,18.761999130249023
2016-08-30,1311.699951171875,18.57699966430664
2016-08-31,1306.9000244140625,18.621999740600586
2016-09-01,1312.199951171875,18.85700035095215
2016-09-02,1322.0999755859375,19.275999069213867
2016-09-06,1349.4000244140625,20.048999786376953
2016-09-07,1344.300048828125,19.759000778198242
2016-09-08,1336.800048828125,19.590999603271484
2016-09-09,1330.0999755859375,19.281999588012695
2016-09-12,1321.0,18.915000915527344
2016-09-13,1319.0,18.889999389648438
2016-09-14,1321.5,18.98200035095215
2016-09-15,1313.5,18.958999633789062
2016-09-16,1305.800048828125,18.7810001373291
2016-09-19,1313.5,19.20599937438965
2016-09-20,1313.699951171875,19.19499969482422
2016-09-21,1326.9000244140625,19.68600082397461
2016-09-22,1340.4000244140625,20.020000457763672
2016-09-23,1337.199951171875,19.732999801635742
2016-09-26,1339.699951171875,19.516000747680664
2016-09-27,1325.9000244140625,19.086999893188477
2016-09-28,1319.4000244140625,19.04400062561035
2016-09-29,1321.699951171875,19.114999771118164
2016-09-30,1313.300048828125,19.138999938964844
2016-10-03,1309.0,18.795000076293945
2016-10-04,1266.300048828125,17.71299934387207
2016-10-05,1265.199951171875,17.634000778198242
2016-10-06,1249.800048828125,17.288000106811523
2016-10-07,1248.9000244140625,17.323999404907227
2016-10-11,1253.0,17.45599937438965
2016-10-12,1251.0999755859375,17.454999923706055
2016-10-13,1255.0,17.40999984741211
2016-10-14,1253.0999755859375,17.39299964904785
2016-10-17,1254.4000244140625,17.426000595092773
2016-10-18,1260.800048828125,17.590999603271484
2016-10-19,1267.9000244140625,17.615999221801758
2016-10-20,1265.5999755859375,17.50200080871582
2016-10-21,1265.9000244140625,17.447999954223633
2016-10-24,1262.0,17.562000274658203
2016-10-25,1271.9000244140625,17.736000061035156
2016-10-26,1264.800048828125,17.584999084472656
2016-10-27,1267.9000244140625,17.604000091552734
2016-10-28,1275.5,17.761999130249023
2016-10-31,1271.5,17.761999130249023
2016-11-01,1286.4000244140625,18.385000228881836
2016-11-02,1306.800048828125,18.65999984741211
2016-11-03,1302.0999755859375,18.382999420166016
2016-11-04,1303.300048828125,18.341999053955078
2016-11-07,1278.300048828125,18.124000549316406
2016-11-08,1273.4000244140625,18.329999923706055
2016-11-09,1272.5999755859375,18.35700035095215
2016-11-10,1265.5,18.715999603271484
2016-11-14,1221.199951171875,16.87700080871582
2016-11-15,1224.0,17.02899932861328
2016-11-16,1223.4000244140625,16.913999557495117
2016-11-17,1216.5,16.76099967956543
2016-11-18,1208.5,16.613000869750977
2016-11-21,1209.5999755859375,16.511999130249023
2016-11-22,1211.0,16.62299919128418
2016-11-23,1189.0999755859375,16.382999420166016
2016-11-25,1178.199951171875,16.464000701904297
2016-11-28,1190.5999755859375,16.577999114990234
2016-11-29,1187.9000244140625,16.660999298095703
2016-11-30,1170.800048828125,16.4060001373291
2016-12-01,1166.9000244140625,16.427000045776367
2016-12-02,1175.0999755859375,16.753000259399414
2016-12-05,1174.0,16.823999404907227
2016-12-06,1167.5999755859375,16.739999771118164
2016-12-07,1175.0,17.202999114990234
2016-12-08,1169.800048828125,17.024999618530273
2016-12-09,1159.4000244140625,16.89699935913086
2016-12-12,1163.5,17.115999221801758
2016-12-13,1156.699951171875,16.910999298095703
2016-12-14,1161.300048828125,17.152000427246094
2016-12-15,1127.800048828125,15.897000312805176
2016-12-16,1135.300048828125,16.152999877929688
2016-12-19,1140.5,16.025999069213867
2016-12-20,1131.5,16.054000854492188
2016-12-21,1131.0999755859375,15.918000221252441
2016-12-22,1128.800048828125,15.8149995803833
2016-12-23,1131.9000244140625,15.704000473022461
2016-12-27,1137.300048828125,15.928999900817871
2016-12-28,1139.4000244140625,15.98799991607666
2016-12-29,1156.4000244140625,16.163000106811523
2016-12-30,1150.0,15.935999870300293
2017-01-03,1160.4000244140625,16.356000900268555
2017-01-04,1163.800048828125,16.499000549316406
2017-01-05,1179.699951171875,16.583999633789062
2017-01-06,1171.9000244140625,16.465999603271484
2017-01-09,1183.5,16.6299991607666
2017-01-10,1184.199951171875,16.80299949645996
2017-01-11,1195.5999755859375,16.783000946044922
2017-01-12,1198.9000244140625,16.780000686645508
2017-01-13,1195.300048828125,16.719999313354492
2017-01-17,1212.0,17.101999282836914
2017-01-18,1211.300048828125,17.235000610351562
2017-01-19,1200.9000244140625,16.966999053955078
2017-01-20,1204.300048828125,16.996999740600586
2017-01-23,1215.0,17.149999618530273
2017-01-24,1210.300048828125,17.14900016784668
2017-01-25,1197.300048828125,16.944000244140625
2017-01-26,1189.5,16.81399917602539
2017-01-27,1188.0999755859375,17.100000381469727
2017-01-30,1193.199951171875,17.121999740600586
2017-01-31,1208.5999755859375,17.511999130249023
2017-02-01,1205.5999755859375,17.420000076293945
2017-02-02,1216.699951171875,17.402000427246094
2017-02-03,1218.5,17.452999114990234
2017-02-06,1230.0,17.66699981689453
2017-02-07,1234.199951171875,17.732999801635742
2017-02-08,1237.5999755859375,17.683000564575195
2017-02-09,1235.0999755859375,17.719999313354492
2017-02-10,1234.4000244140625,17.91200065612793
2017-02-13,1224.4000244140625,17.804000854492188
2017-02-14,1223.9000244140625,17.871999740600586
2017-02-15,1231.699951171875,17.94700050354004
2017-02-16,1240.0,18.062999725341797
2017-02-17,1237.5999755859375,18.018999099731445
2017-02-21,1237.5,17.989999771118164
2017-02-22,1232.0,17.941999435424805
2017-02-23,1250.199951171875,18.113000869750977
2017-02-24,1256.9000244140625,18.334999084472656
2017-02-27,1257.4000244140625,18.354000091552734
2017-02-28,1252.5999755859375,18.420000076293945
2017-03-01,1248.9000244140625,18.44300079345703
2017-03-02,1231.9000244140625,17.704999923706055
2017-03-03,1225.5,17.69700050354004
2017-03-06,1224.5,17.725000381469727
2017-03-07,1215.0999755859375,17.492000579833984
2017-03-08,1208.5,17.256999969482422
2017-03-09,1202.4000244140625,16.993000030517578
2017-03-10,1200.699951171875,16.882999420166016
2017-03-13,1202.4000244140625,16.934999465942383
2017-03-14,1201.9000244140625,16.88800048828125
2017-03-15,1200.0999755859375,16.88800048828125
2017-03-16,1226.5,17.29599952697754
2017-03-17,1229.800048828125,17.378999710083008
2017-03-20,1233.5999755859375,17.402999877929688
2017-03-21,1246.0999755859375,17.549999237060547
2017-03-22,1249.300048828125,17.545000076293945
2017-03-23,1246.9000244140625,17.562999725341797
2017-03-24,1248.199951171875,17.719999313354492
2017-03-27,1255.4000244140625,18.079999923706055
2017-03-28,1255.300048828125,18.225000381469727
2017-03-29,1253.4000244140625,18.22800064086914
2017-03-30,1245.0,18.184999465942383
2017-03-31,1247.300048828125,18.235000610351562
2017-04-03,1250.800048828125,18.19099998474121
2017-04-04,1255.0,18.302000045776367
2017-04-05,1245.4000244140625,18.166000366210938
2017-04-06,1250.300048828125,18.225000381469727
2017-04-07,1254.300048828125,18.1299991607666
2017-04-10,1251.0999755859375,17.893999099731445
2017-04-11,1271.199951171875,18.232999801635742
2017-04-12,1275.300048828125,18.27899932861328
2017-04-13,1285.9000244140625,18.48900032043457
2017-04-17,1289.4000244140625,18.493000030517578
2017-04-18,1291.699951171875,18.250999450683594
2017-04-19,1281.4000244140625,18.13599967956543
2017-04-20,1281.9000244140625,17.992000579833984
2017-04-21,1287.4000244140625,17.829999923706055
2017-04-24,1275.800048828125,17.847999572753906
2017-04-25,1265.5999755859375,17.58099937438965
2017-04-26,1262.0999755859375,17.35300064086914
2017-04-27,1263.699951171875,17.264999389648438
2017-04-28,1266.0999755859375,17.19099998474121
2017-05-01,1253.300048828125,16.780000686645508
2017-05-02,1255.0999755859375,16.768999099731445
2017-05-03,1246.4000244140625,16.48699951171875
2017-05-04,1226.5,16.243999481201172
2017-05-05,1224.800048828125,16.21500015258789
2017-05-08,1225.300048828125,16.198999404907227
2017-05-09,1214.300048828125,16.007999420166016
2017-05-10,1217.300048828125,16.150999069213867
2017-05-11,1222.699951171875,16.208999633789062
2017-05-12,1226.199951171875,16.34600067138672
2017-05-15,1228.5999755859375,16.56100082397461
2017-05-16,1235.0,16.69300079345703
2017-05-17,1257.5,16.851999282836914
2017-05-18,1251.699951171875,16.621000289916992
2017-05-19,1252.699951171875,16.75
2017-05-22,1260.699951171875,17.14299964904785
2017-05-23,1254.800048828125,17.090999603271484
2017-05-24,1252.4000244140625,17.07699966430664
2017-05-25,1255.800048828125,17.152000427246094
2017-05-26,1267.5999755859375,17.283000946044922
2017-05-30,1262.0999755859375,17.38800048828125
2017-05-31,1272.0,17.368000030517578
2017-06-01,1267.0,17.243000030517578
2017-06-02,1276.800048828125,17.48699951171875
2017-06-05,1279.300048828125,17.547000885009766
2017-06-06,1294.4000244140625,17.677000045776367
2017-06-07,1290.0999755859375,17.586999893188477
2017-06-08,1276.300048828125,17.384000778198242
2017-06-09,1268.5,17.19300079345703
2017-06-12,1266.0999755859375,16.913999557495117
2017-06-13,1265.800048828125,16.738000869750977
2017-06-14,1272.800048828125,17.10700035095215
2017-06-15,1252.199951171875,16.69099998474121
2017-06-16,1254.0,16.63599967956543
2017-06-19,1244.199951171875,16.482999801635742
2017-06-20,1241.0,16.398000717163086
2017-06-21,1243.4000244140625,16.354999542236328
2017-06-22,1247.5999755859375,16.489999771118164
2017-06-23,1256.199951171875,16.628000259399414
2017-06-26,1246.300048828125,16.559999465942383
2017-06-27,1246.4000244140625,16.576000213623047
2017-06-28,1248.0,16.71500015258789
2017-06-29,1244.199951171875,16.586000442504883
2017-06-30,1240.699951171875,16.56800079345703
2017-07-03,1217.9000244140625,16.03700065612793
2017-07-05,1220.4000244140625,15.842000007629395
2017-07-06,1222.199951171875,15.927000045776367
2017-07-07,1208.5999755859375,15.371000289916992
2017-07-10,1212.0999755859375,15.57699966430664
2017-07-11,1213.5999755859375,15.696999549865723
2017-07-12,1218.0999755859375,15.83899974822998
2017-07-13,1216.300048828125,15.642000198364258
2017-07-14,1226.5999755859375,15.883999824523926
2017-07-17,1232.800048828125,16.049999237060547
2017-07-18,1241.0999755859375,16.222000122070312
2017-07-19,1241.199951171875,16.250999450683594
2017-07-20,1244.800048828125,16.298999786376953
2017-07-21,1254.300048828125,16.40999984741211
2017-07-24,1253.9000244140625,16.398000717163086
2017-07-25,1251.699951171875,16.496999740600586
2017-07-26,1249.0,16.415000915527344
2017-07-27,1259.5999755859375,16.52899932861328
2017-07-28,1268.4000244140625,16.663999557495117
2017-07-31,1266.5999755859375,16.75
2017-08-01,1272.5999755859375,16.72800064086914
2017-08-02,1271.800048828125,16.69700050354004
2017-08-03,1267.800048828125,16.5939998626709
2017-08-04,1258.300048828125,16.222000122070312
2017-08-07,1258.199951171875,16.22100067138672
2017-08-08,1256.4000244140625,16.360000610351562
2017-08-09,1273.0,16.833999633789062
2017-08-10,1283.699951171875,17.035999298095703
2017-08-11,1287.699951171875,17.041000366210938
2017-08-14,1284.199951171875,17.093000411987305
2017-08-15,1273.699951171875,16.690000534057617
2017-08-16,1276.9000244140625,16.91699981689453
2017-08-17,1286.4000244140625,17.030000686645508
2017-08-18,1285.699951171875,16.979999542236328
2017-08-21,1290.800048828125,16.9950008392334
2017-08-22,1285.0999755859375,16.961999893188477
2017-08-23,1288.9000244140625,17.031999588012695
2017-08-24,1286.5,16.95199966430664
2017-08-25,1292.5,17.038000106811523
2017-08-28,1309.699951171875,17.430999755859375
2017-08-29,1313.0999755859375,17.422000885009766
2017-08-30,1308.0999755859375,17.40399932861328
2017-08-31,1316.199951171875,17.479999542236328
2017-09-01,1324.5,17.7189998626709
2017-09-05,1339.199951171875,17.844999313354492
2017-09-06,1333.9000244140625,17.81599998474121
2017-09-07,1345.0999755859375,18.016000747680664
2017-09-08,1346.0,18.027000427246094
2017-09-11,1331.0,17.80699920654297
2017-09-12,1328.0,17.795000076293945
2017-09-13,1323.4000244140625,17.77199935913086
2017-09-14,1324.699951171875,17.697999954223633
2017-09-15,1320.4000244140625,17.611000061035156
2017-09-18,1306.300048828125,17.070999145507812
2017-09-19,1306.199951171875,17.19499969482422
2017-09-20,1312.0,17.250999450683594
2017-09-21,1290.5999755859375,16.937000274658203
2017-09-22,1293.300048828125,16.902999877929688
2017-09-25,1306.800048828125,17.05900001525879
2017-09-26,1297.0,16.804000854492188
2017-09-27,1283.4000244140625,16.74799919128418
2017-09-28,1285.5,16.773000717163086
2017-09-29,1281.5,16.60700035095215
2017-10-02,1272.699951171875,16.584999084472656
2017-10-03,1271.5,16.58099937438965
2017-10-04,1273.699951171875,16.562999725341797
2017-10-05,1269.9000244140625,16.582000732421875
2017-10-06,1271.5999755859375,16.733999252319336
2017-10-09,1281.800048828125,16.916000366210938
2017-10-10,1290.5999755859375,17.155000686645508
2017-10-11,1285.800048828125,17.08099937438965
2017-10-12,1293.300048828125,17.211000442504883
2017-10-13,1301.5,17.354999542236328
2017-10-16,1299.9000244140625,17.315000534057617
2017-10-17,1283.0,16.98699951171875
2017-10-18,1279.9000244140625,16.94300079345703
2017-10-19,1286.9000244140625,17.201000213623047
2017-10-20,1277.4000244140625,17.02199935913086
2017-10-23,1277.699951171875,17.02400016784668
2017-10-24,1275.0,16.906999588012695
2017-10-25,1275.4000244140625,16.868000030517578
2017-10-26,1266.300048828125,16.763999938964844
2017-10-27,1268.5,16.70199966430664
2017-10-30,1274.0999755859375,16.802000045776367
2017-10-31,1267.0,16.645000457763672
2017-11-01,1274.0999755859375,17.131999969482422
2017-11-02,1274.9000244140625,17.0939998626709
2017-11-03,1266.5,16.79400062561035
2017-11-06,1279.4000244140625,17.19499969482422
2017-11-07,1273.699951171875,16.905000686645508
2017-11-08,1281.5999755859375,17.106000900268555
2017-11-09,1285.5999755859375,16.94300079345703
2017-11-10,1272.4000244140625,16.8439998626709
2017-11-13,1277.300048828125,17.023000717163086
2017-11-14,1281.5,17.052000045776367
2017-11-15,1276.5,16.950000762939453
2017-11-16,1277.4000244140625,17.055999755859375
2017-11-17,1295.800048828125,17.357999801635742
2017-11-20,1274.5999755859375,16.82699966430664
2017-11-21,1281.0999755859375,16.948999404907227
2017-11-22,1291.5999755859375,17.10099983215332
2017-11-24,1286.699951171875,16.981000900268555
2017-11-27,1293.800048828125,17.009000778198242
2017-11-28,1294.699951171875,16.81100082397461
2017-11-29,1282.0999755859375,16.457000732421875
2017-11-30,1273.199951171875,16.381999969482422
2017-12-01,1278.800048828125,16.297000885009766
2017-12-04,1274.300048828125,16.284000396728516
2017-12-05,1261.5999755859375,15.972999572753906
2017-12-06,1262.800048828125,15.868000030517578
2017-12-07,1249.800048828125,15.71500015258789
2017-12-08,1245.199951171875,15.736000061035156
2017-12-11,1243.699951171875,15.696999549865723
2017-12-12,1238.5,15.581999778747559
2017-12-13,1245.4000244140625,15.784000396728516
2017-12-14,1253.800048828125,15.850000381469727
2017-12-15,1254.300048828125,15.977999687194824
2017-12-18,1262.199951171875,16.1200008392334
2017-12-19,1260.699951171875,16.06599998474121
2017-12-20,1266.0999755859375,16.187999725341797
2017-12-21,1267.300048828125,16.152000427246094
2017-12-22,1275.4000244140625,16.35700035095215
2017-12-26,1284.0999755859375,16.520000457763672
2017-12-27,1287.0,16.618999481201172
2017-12-28,1294.0999755859375,16.832000732421875
2017-12-29,1306.300048828125,17.059999465942383
2018-01-02,1313.699951171875,17.121000289916992
2018-01-03,1316.199951171875,17.184999465942383
2018-01-04,1319.4000244140625,17.18899917602539
2018-01-05,1320.300048828125,17.204999923706055
2018-01-08,1318.5999755859375,17.06399917602539
2018-01-09,1311.699951171875,16.93600082397461
2018-01-10,1317.4000244140625,16.96299934387207
2018-01-11,1320.5999755859375,16.893999099731445
2018-01-12,1333.4000244140625,17.069000244140625
2018-01-16,1335.4000244140625,17.121999740600586
2018-01-17,1338.0,17.104999542236328
2018-01-18,1326.0,16.89299964904785
2018-01-19,1331.9000244140625,16.975000381469727
2018-01-22,1330.9000244140625,16.930999755859375
2018-01-23,1335.699951171875,16.854999542236328
2018-01-24,1355.9000244140625,17.424999237060547
2018-01-25,1362.4000244140625,17.551000595092773
2018-01-26,1351.5999755859375,17.381999969482422
2018-01-30,1335.4000244140625,17.01300048828125
2018-01-31,1339.0,17.20400047302246
2018-02-01,1344.300048828125,17.118000030517578
2018-02-02,1333.699951171875,16.676000595092773
2018-02-05,1333.0,16.638999938964844
2018-02-06,1326.0999755859375,16.54800033569336
2018-02-07,1311.5999755859375,16.20599937438965
2018-02-08,1316.9000244140625,16.31399917602539
2018-02-09,1313.0999755859375,16.115999221801758
2018-02-12,1324.199951171875,16.54800033569336
2018-02-13,1328.0999755859375,16.506999969482422
2018-02-14,1355.5,16.857999801635742
2018-02-15,1352.0999755859375,16.777000427246094
2018-02-16,1353.199951171875,16.69499969482422
2018-02-20,1328.800048828125,16.424999237060547
2018-02-21,1330.0,16.604000091552734
2018-02-22,1330.5999755859375,16.57900047302246
2018-02-23,1328.199951171875,16.47599983215332
2018-02-26,1330.699951171875,16.54199981689453
2018-02-27,1315.5,16.34600067138672
2018-02-28,1315.5,16.323999404907227
2018-03-01,1302.9000244140625,16.200000762939453
2018-03-02,1321.0999755859375,16.392000198364258
2018-03-05,1318.0999755859375,16.33799934387207
2018-03-06,1333.5999755859375,16.71500015258789
2018-03-07,1326.0,16.42799949645996
2018-03-08,1319.9000244140625,16.43600082397461
2018-03-09,1322.4000244140625,16.54599952697754
2018-03-12,1319.4000244140625,16.47100067138672
2018-03-13,1325.9000244140625,16.55900001525879
2018-03-14,1324.4000244140625,16.466999053955078
2018-03-15,1316.800048828125,16.35300064086914
2018-03-16,1311.300048828125,16.20199966430664
2018-03-19,1316.800048828125,16.2549991607666
2018-03-20,1311.0999755859375,16.125
2018-03-21,1320.699951171875,16.35700035095215
2018-03-22,1326.5999755859375,16.327999114990234
2018-03-23,1349.300048828125,16.530000686645508
2018-03-26,1354.4000244140625,16.631999969482422
2018-03-27,1341.300048828125,16.48900032043457
2018-03-28,1324.199951171875,16.204999923706055
2018-03-29,1322.800048828125,16.222999572753906
2018-04-02,1342.0999755859375,16.62700080871582
2018-04-03,1332.800048828125,16.347000122070312
2018-04-04,1335.800048828125,16.208999633789062
2018-04-05,1324.300048828125,16.31999969482422
2018-04-06,1331.9000244140625,16.332000732421875
2018-04-09,1336.300048828125,16.499000549316406
2018-04-10,1342.0,16.56599998474121
2018-04-11,1356.5,16.738000869750977
2018-04-12,1338.4000244140625,16.44300079345703
2018-04-13,1344.800048828125,16.628000259399414
2018-04-16,1347.5,16.66200065612793
2018-04-17,1347.199951171875,16.77199935913086
2018-04-18,1351.199951171875,17.231000900268555
2018-04-19,1346.800048828125,17.222000122070312
2018-04-20,1336.699951171875,17.14699935913086
2018-04-23,1322.5,16.570999145507812
2018-04-24,1331.4000244140625,16.687000274658203
2018-04-25,1321.199951171875,16.486000061035156
2018-04-26,1316.300048828125,16.488000869750977
2018-04-27,1320.300048828125,16.4060001373291
2018-04-30,1316.199951171875,16.312000274658203
2018-05-01,1303.800048828125,16.038999557495117
2018-05-02,1302.5999755859375,16.291000366210938
2018-05-03,1310.699951171875,16.36199951171875
2018-05-04,1312.699951171875,16.43400001525879
2018-05-07,1312.199951171875,16.413000106811523
2018-05-08,1312.0,16.38800048828125
2018-05-09,1311.300048828125,16.45800018310547
2018-05-10,1320.800048828125,16.68000030517578
2018-05-11,1319.0,16.676000595092773
2018-05-14,1316.5,16.56999969482422
2018-05-15,1288.9000244140625,16.194000244140625
2018-05-16,1290.199951171875,16.297000885009766
2018-05-17,1288.199951171875,16.413000106811523
2018-05-18,1290.199951171875,16.386999130249023
2018-05-21,1290.199951171875,16.45199966430664
2018-05-22,1291.699951171875,16.507999420166016
2018-05-23,1289.300048828125,16.33799934387207
2018-05-24,1303.699951171875,16.621000289916992
2018-05-25,1303.300048828125,16.481000900268555
2018-05-29,1298.699951171875,16.30500030517578
2018-05-30,1301.5,16.479000091552734
2018-05-31,1300.0999755859375,16.402000427246094
2018-06-01,1294.800048828125,16.38800048828125
2018-06-04,1293.0999755859375,16.378999710083008
2018-06-05,1297.5,16.490999221801758
2018-06-06,1297.0999755859375,16.642000198364258
2018-06-07,1298.699951171875,16.766000747680664
2018-06-08,1298.0999755859375,16.694000244140625
2018-06-11,1298.9000244140625,16.905000686645508
2018-06-12,1295.0999755859375,16.849000930786133
2018-06-13,1296.9000244140625,16.952999114990234
2018-06-14,1304.0,17.22599983215332
2018-06-15,1274.5999755859375,16.45199966430664
2018-06-18,1276.199951171875,16.41200065612793
2018-06-19,1275.5999755859375,16.30299949645996
2018-06-20,1271.199951171875,16.288999557495117
2018-06-21,1267.199951171875,16.305999755859375
2018-06-22,1267.4000244140625,16.43899917602539
2018-06-25,1265.5999755859375,16.308000564575195
2018-06-26,1256.5999755859375,16.238000869750977
2018-06-27,1252.800048828125,16.138999938964844
2018-06-28,1247.800048828125,15.951000213623047
2018-06-29,1251.300048828125,16.104000091552734
2018-07-02,1239.800048828125,15.744000434875488
2018-07-03,1251.5999755859375,15.95199966430664
2018-07-05,1257.300048828125,16.007999420166016
2018-07-06,1254.300048828125,15.980999946594238
2018-07-09,1258.0999755859375,16.05299949645996
2018-07-10,1253.800048828125,16.003000259399414
2018-07-11,1242.800048828125,15.732000350952148
2018-07-12,1245.0,15.89799976348877
2018-07-13,1239.5999755859375,15.73900032043457
2018-07-16,1238.0999755859375,15.734999656677246
2018-07-17,1225.699951171875,15.545999526977539
2018-07-18,1226.300048828125,15.503000259399414
2018-07-19,1222.4000244140625,15.34000015258789
2018-07-20,1229.5,15.489999771118164
2018-07-23,1224.0,15.368000030517578
2018-07-24,1223.9000244140625,15.463000297546387
2018-07-25,1231.4000244140625,15.532999992370605
2018-07-26,1225.300048828125,15.437999725341797
2018-07-27,1222.5999755859375,15.435999870300293
2018-07-30,1221.300048828125,15.475000381469727
2018-07-31,1223.699951171875,15.5
2018-08-01,1217.9000244140625,15.394000053405762
2018-08-02,1210.5999755859375,15.329000473022461
2018-08-03,1214.199951171875,15.406000137329102
2018-08-06,1208.5999755859375,15.291999816894531
2018-08-07,1209.5999755859375,15.317000389099121
2018-08-08,1212.5999755859375,15.37600040435791
2018-08-09,1211.9000244140625,15.418999671936035
2018-08-10,1211.0999755859375,15.265999794006348
2018-08-13,1191.300048828125,14.95300006866455
2018-08-14,1193.0,15.024999618530273
2018-08-15,1177.5,14.420999526977539
2018-08-16,1176.199951171875,14.696999549865723
2018-08-17,1176.5,14.616000175476074
2018-08-20,1186.800048828125,14.654999732971191
2018-08-21,1192.5999755859375,14.75100040435791
2018-08-22,1196.300048828125,14.734999656677246
2018-08-23,1187.0,14.527000427246094
2018-08-24,1206.300048828125,14.779000282287598
2018-08-27,1209.0,14.843999862670898
2018-08-28,1207.4000244140625,14.767000198364258
2018-08-29,1204.5,14.687999725341797
2018-08-30,1197.699951171875,14.47700023651123
2018-08-31,1200.300048828125,14.437999725341797
2018-09-04,1192.699951171875,14.060999870300293
2018-09-05,1194.9000244140625,14.118000030517578
2018-09-06,1197.9000244140625,14.074999809265137
2018-09-07,1193.5999755859375,14.067000389099121
2018-09-10,1193.0,14.079000473022461
2018-09-11,1195.4000244140625,14.052000045776367
2018-09-12,1204.699951171875,14.192000389099121
2018-09-13,1202.0,14.142999649047852
2018-09-14,1195.0,14.041999816894531
2018-09-17,1199.699951171875,14.121999740600586
2018-09-18,1196.800048828125,14.083999633789062
2018-09-19,1202.199951171875,14.189000129699707
2018-09-20,1206.199951171875,14.21500015258789
2018-09-21,1196.199951171875,14.269000053405762
2018-09-24,1199.300048828125,14.25100040435791
2018-09-25,1200.0,14.39799976348877
2018-09-26,1194.0,14.305000305175781
2018-09-27,1182.300048828125,14.201000213623047
2018-09-28,1191.5,14.623000144958496
2018-10-01,1187.0999755859375,14.42199993133545
2018-10-02,1202.4000244140625,14.609999656677246
2018-10-03,1198.300048828125,14.59000015258789
2018-10-04,1197.199951171875,14.510000228881836
2018-10-05,1201.199951171875,14.569000244140625
2018-10-08,1184.4000244140625,14.258999824523926
2018-10-09,1187.199951171875,14.329000473022461
2018-10-10,1189.300048828125,14.255000114440918
2018-10-11,1223.5,14.53499984741211
2018-10-12,1218.0999755859375,14.564000129699707
2018-10-15,1226.4000244140625,14.656000137329102
2018-10-16,1227.300048828125,14.630000114440918
2018-10-17,1223.699951171875,14.592000007629395
2018-10-18,1226.5,14.532999992370605
2018-10-19,1225.300048828125,14.579000473022461
2018-10-22,1221.199951171875,14.522000312805176
2018-10-23,1233.4000244140625,14.727999687194824
2018-10-24,1227.800048828125,14.611000061035156
2018-10-25,1229.0999755859375,14.5649995803833
2018-10-26,1232.5,14.635000228881836
2018-10-29,1224.5,14.376999855041504
2018-10-30,1222.5999755859375,14.402999877929688
2018-10-31,1212.300048828125,14.229000091552734
2018-11-01,1236.0,14.729000091552734
2018-11-02,1230.9000244140625,14.706999778747559
2018-11-05,1229.800048828125,14.604000091552734
2018-11-06,1223.800048828125,14.458000183105469
2018-11-07,1226.199951171875,14.527999877929688
2018-11-08,1222.9000244140625,14.38599967956543
2018-11-09,1206.4000244140625,14.102999687194824
2018-11-12,1201.300048828125,13.973999977111816
2018-11-13,1199.199951171875,13.95199966430664
2018-11-14,1207.9000244140625,14.055000305175781
2018-11-15,1212.800048828125,14.237000465393066
2018-11-16,1220.800048828125,14.357999801635742
2018-11-19,1223.0999755859375,14.380999565124512
2018-11-20,1219.0,14.246999740600586
2018-11-21,1225.800048828125,14.479999542236328
2018-11-23,1221.0,14.220999717712402
2018-11-26,1220.199951171875,14.182999610900879
2018-11-27,1211.199951171875,14.062000274658203
2018-11-28,1221.4000244140625,14.303000450134277
2018-11-29,1224.0999755859375,14.27299976348877
2018-11-30,1220.199951171875,14.093999862670898
2018-12-03,1233.9000244140625,14.380999565124512
2018-12-04,1241.0999755859375,14.520999908447266
2018-12-06,1238.0999755859375,14.390000343322754
2018-12-07,1246.800048828125,14.571999549865723
2018-12-10,1243.699951171875,14.477999687194824
2018-12-11,1241.9000244140625,14.49899959564209
2018-12-12,1244.4000244140625,14.725000381469727
2018-12-13,1242.699951171875,14.729000091552734
2018-12-14,1237.0,14.512999534606934
2018-12-17,1247.4000244140625,14.638999938964844
2018-12-18,1249.199951171875,14.585000038146973
2018-12-19,1252.0999755859375,14.70199966430664
2018-12-20,1263.5999755859375,14.753000259399414
2018-12-21,1253.800048828125,14.583000183105469
2018-12-24,1267.5,14.701000213623047
2018-12-26,1269.199951171875,15.003999710083008
2018-12-27,1277.300048828125,15.190999984741211
2018-12-28,1279.9000244140625,15.326000213623047
2018-12-31,1278.300048828125,15.432999610900879
2019-01-02,1281.0,15.541999816894531
2019-01-03,1291.800048828125,15.706000328063965
2019-01-04,1282.699951171875,15.694999694824219
2019-01-07,1286.800048828125,15.668999671936035
2019-01-08,1283.199951171875,15.62600040435791
2019-01-09,1289.300048828125,15.652999877929688
2019-01-10,1284.699951171875,15.560999870300293
2019-01-11,1287.0999755859375,15.57699966430664
2019-01-14,1289.0999755859375,15.609000205993652
2019-01-15,1286.199951171875,15.545999526977539
2019-01-16,1291.5999755859375,15.564000129699707
2019-01-17,1291.0,15.467000007629395
2019-01-18,1281.300048828125,15.329999923706055
2019-01-22,1282.5,15.258999824523926
2019-01-23,1283.0999755859375,15.317000389099121
2019-01-24,1279.0999755859375,15.23799991607666
2019-01-25,1297.4000244140625,15.638999938964844
2019-01-28,1302.4000244140625,15.708999633789062
2019-01-29,1308.199951171875,15.78600025177002
2019-01-30,1309.9000244140625,15.880000114440918
2019-01-31,1319.699951171875,16.02199935913086
2019-02-01,1316.9000244140625,15.880000114440918
2019-02-04,1314.300048828125,15.836999893188477
2019-02-05,1314.199951171875,15.789999961853027
2019-02-06,1309.5,15.656000137329102
2019-02-07,1309.4000244140625,15.675000190734863
2019-02-08,1313.699951171875,15.77299976348877
2019-02-11,1307.0,15.656999588012695
2019-02-12,1309.199951171875,15.65999984741211
2019-02-13,1310.800048828125,15.62399959564209
2019-02-14,1309.800048828125,15.5
2019-02-15,1318.0999755859375,15.722999572753906
2019-02-19,1340.0999755859375,15.946999549865723
2019-02-20,1343.300048828125,16.156999588012695
2019-02-21,1323.5,15.791000366210938
2019-02-22,1329.199951171875,15.907999992370605
2019-02-25,1325.9000244140625,15.824999809265137
2019-02-26,1325.0999755859375,15.82699966430664
2019-02-27,1317.699951171875,15.67199993133545
2019-02-28,1312.800048828125,15.538000106811523
2019-03-01,1296.4000244140625,15.168999671936035
2019-03-04,1284.800048828125,15.017000198364258
2019-03-05,1282.0,15.020000457763672
2019-03-06,1284.9000244140625,15.003000259399414
2019-03-07,1283.800048828125,14.960000038146973
2019-03-08,1297.0,15.272000312805176
2019-03-11,1288.800048828125,15.196999549865723
2019-03-12,1296.300048828125,15.338000297546387
2019-03-13,1307.5,15.380999565124512
2019-03-14,1293.4000244140625,15.10099983215332
2019-03-15,1301.800048828125,15.253000259399414
2019-03-18,1300.300048828125,15.25100040435791
2019-03-19,1305.0,15.300999641418457
2019-03-20,1300.5,15.244999885559082
2019-03-21,1306.0999755859375,15.371999740600586
2019-03-22,1311.5999755859375,15.345000267028809
2019-03-25,1321.9000244140625,15.506999969482422
2019-03-26,1314.300048828125,15.371000289916992
2019-03-27,1309.9000244140625,15.23900032043457
2019-03-28,1289.800048828125,14.920999526977539
2019-03-29,1293.0,15.0600004196167
2019-04-01,1288.4000244140625,15.050999641418457
2019-04-02,1290.0,15.017999649047852
2019-04-03,1289.9000244140625,15.059000015258789
2019-04-04,1289.0,15.041000366210938
2019-04-05,1290.4000244140625,15.043000221252441
2019-04-08,1297.0999755859375,15.17300033569336
2019-04-09,1303.5,15.168000221252441
2019-04-10,1309.0999755859375,15.201000213623047
2019-04-11,1288.5999755859375,14.824000358581543
2019-04-12,1290.5999755859375,14.920000076293945
2019-04-15,1286.800048828125,14.947999954223633
2019-04-16,1272.5999755859375,14.890999794006348
2019-04-17,1272.199951171875,14.920999526977539
2019-04-18,1271.9000244140625,14.937000274658203
2019-04-22,1273.5,14.956999778747559
2019-04-23,1269.300048828125,14.77299976348877
2019-04-24,1275.5,14.89799976348877
2019-04-25,1275.800048828125,14.861000061035156
2019-04-26,1284.9000244140625,15.001999855041504
2019-04-29,1278.5999755859375,14.843999862670898
2019-04-30,1282.800048828125,14.899999618530273
2019-05-01,1281.4000244140625,14.645000457763672
2019-05-02,1269.699951171875,14.539999961853027
2019-05-03,1279.199951171875,14.906999588012695
2019-05-06,1281.699951171875,14.857000350952148
2019-05-07,1283.5,14.859999656677246
2019-05-08,1279.4000244140625,14.791999816894531
2019-05-09,1283.5,14.706999778747559
2019-05-10,1285.699951171875,14.72599983215332
2019-05-13,1300.0999755859375,14.713000297546387
2019-05-14,1294.699951171875,14.751999855041504
2019-05-15,1296.300048828125,14.751999855041504
2019-05-16,1285.0,14.479000091552734
2019-05-17,1274.5,14.347999572753906
2019-05-20,1276.0999755859375,14.409000396728516
2019-05-21,1272.0,14.373000144958496
2019-05-22,1273.5999755859375,14.413999557495117
2019-05-23,1284.800048828125,14.57699966430664
2019-05-24,1283.0,14.520000457763672
2019-05-28,1276.5,14.281000137329102
2019-05-29,1280.5999755859375,14.371999740600586
2019-05-30,1287.0999755859375,14.460000038146973
2019-05-31,1305.800048828125,14.529999732971191
2019-06-03,1322.699951171875,14.70300006866455
2019-06-04,1323.4000244140625,14.732000350952148
2019-06-05,1328.300048828125,14.753999710083008
2019-06-06,1337.5999755859375,14.868000030517578
2019-06-07,1341.199951171875,14.994000434875488
2019-06-10,1324.699951171875,14.604999542236328
2019-06-11,1326.4000244140625,14.706000328063965
2019-06-12,1331.9000244140625,14.722000122070312
2019-06-13,1339.199951171875,14.871000289916992
2019-06-14,1340.0999755859375,14.781999588012695
2019-06-17,1338.699951171875,14.814000129699707
2019-06-18,1346.5999755859375,14.979999542236328
2019-06-19,1344.5999755859375,14.944999694824219
2019-06-20,1392.9000244140625,15.468999862670898
2019-06-21,1396.199951171875,15.27299976348877
2019-06-24,1414.300048828125,15.368000030517578
2019-06-25,1414.9000244140625,15.291000366210938
2019-06-26,1411.5999755859375,15.282999992370605
2019-06-27,1408.4000244140625,15.204999923706055
2019-06-28,1409.699951171875,15.253000259399414
2019-07-01,1385.5999755859375,15.105999946594238
2019-07-02,1404.5999755859375,15.154000282287598
2019-07-03,1417.699951171875,15.251999855041504
2019-07-05,1396.699951171875,14.918000221252441
2019-07-08,1397.0,14.972000122070312
2019-07-09,1397.5,15.067999839782715
2019-07-10,1410.0999755859375,15.147000312805176
2019-07-11,1404.300048828125,15.067000389099121
2019-07-12,1409.9000244140625,15.16100025177002
2019-07-15,1411.4000244140625,15.289999961853027
2019-07-16,1409.199951171875,15.600000381469727
2019-07-17,1421.300048828125,15.892999649047852
2019-07-18,1426.0999755859375,16.1200008392334
2019-07-19,1425.0999755859375,16.117000579833984
2019-07-22,1425.300048828125,16.34000015258789
2019-07-23,1420.0999755859375,16.405000686645508
2019-07-24,1422.800048828125,16.554000854492188
2019-07-25,1413.9000244140625,16.339000701904297
2019-07-26,1418.5,16.325000762939453
2019-07-29,1419.5999755859375,16.368000030517578
2019-07-30,1429.699951171875,16.4950008392334
2019-07-31,1426.0999755859375,16.34600067138672
2019-08-01,1420.9000244140625,16.121000289916992
2019-08-02,1445.5999755859375,16.222000122070312
2019-08-05,1464.5999755859375,16.344999313354492
2019-08-06,1472.4000244140625,16.405000686645508
2019-08-07,1507.300048828125,17.1560001373291
2019-08-08,1497.699951171875,16.900999069213867
2019-08-09,1496.5999755859375,16.89699935913086
2019-08-12,1505.300048828125,17.038999557495117
2019-08-13,1502.199951171875,16.95599937438965
2019-08-14,1515.9000244140625,17.253000259399414
2019-08-15,1519.5999755859375,17.187999725341797
2019-08-16,1512.5,17.09600067138672
2019-08-19,1500.4000244140625,16.913999557495117
2019-08-20,1504.5999755859375,17.121999740600586
2019-08-21,1504.5999755859375,17.125
2019-08-22,1497.300048828125,17.013999938964844
2019-08-23,1526.5999755859375,17.395000457763672
2019-08-26,1526.300048828125,17.624000549316406
2019-08-27,1541.0,18.138999938964844
2019-08-28,1537.800048828125,18.304000854492188
2019-08-29,1526.5,18.16699981689453
2019-08-30,1519.0999755859375,18.184999465942383
2019-09-03,1545.9000244140625,19.07900047302246
2019-09-04,1550.300048828125,19.391000747680664
2019-09-05,1515.4000244140625,18.6560001373291
2019-09-06,1506.199951171875,17.968000411987305
2019-09-09,1502.199951171875,18.018999099731445
2019-09-10,1490.300048828125,18.041000366210938
2019-09-11,1494.4000244140625,18.0310001373291
2019-09-12,1498.699951171875,18.041000366210938
2019-09-13,1490.9000244140625,17.43600082397461
2019-09-16,1503.0999755859375,17.900999069213867
2019-09-17,1505.0999755859375,18.016000747680664
2019-09-18,1507.5,17.795000076293945
2019-09-19,1498.4000244140625,17.773000717163086
2019-09-20,1507.300048828125,17.738000869750977
2019-09-23,1523.699951171875,18.600000381469727
2019-09-24,1532.0999755859375,18.517000198364258
2019-09-25,1504.5999755859375,17.961999893188477
2019-09-26,1507.5,17.801000595092773
2019-09-27,1499.0999755859375,17.552000045776367
2019-09-30,1465.699951171875,16.898000717163086
2019-10-01,1482.0,17.20199966430664
2019-10-02,1501.0,17.591999053955078
2019-10-03,1507.0999755859375,17.584999084472656
2019-10-04,1506.199951171875,17.540000915527344
2019-10-07,1497.699951171875,17.457000732421875
2019-10-08,1497.199951171875,17.617000579833984
2019-10-09,1506.0999755859375,17.72800064086914
2019-10-10,1494.800048828125,17.520000457763672
2019-10-11,1482.699951171875,17.461999893188477
2019-10-14,1491.699951171875,17.634000778198242
2019-10-15,1477.5999755859375,17.308000564575195
2019-10-16,1488.0,17.35099983215332
2019-10-17,1492.300048828125,17.535999298095703
2019-10-18,1488.199951171875,17.50200080871582
2019-10-21,1482.4000244140625,17.525999069213867
2019-10-22,1481.699951171875,17.437000274658203
2019-10-23,1489.9000244140625,17.517000198364258
2019-10-24,1498.9000244140625,17.73900032043457
2019-10-25,1499.5,17.861000061035156
2019-10-28,1490.0,17.81599998474121
2019-10-29,1487.0,17.770999908447266
2019-10-30,1493.199951171875,17.815000534057617
2019-10-31,1511.4000244140625,18.013999938964844
2019-11-01,1508.0,18.003999710083008
2019-11-04,1508.0,18.013999938964844
2019-11-05,1480.800048828125,17.516000747680664
2019-11-06,1490.199951171875,17.558000564575195
2019-11-07,1464.199951171875,16.969999313354492
2019-11-08,1461.300048828125,16.783000946044922
2019-11-11,1455.5,16.761999130249023
2019-11-12,1452.0999755859375,16.677000045776367
2019-11-13,1461.699951171875,16.898000717163086
2019-11-14,1471.800048828125,17.01300048828125
2019-11-15,1467.300048828125,16.933000564575195
2019-11-18,1470.9000244140625,16.985000610351562
2019-11-19,1473.300048828125,17.10300064086914
2019-11-20,1473.300048828125,17.100000381469727
2019-11-21,1463.0999755859375,17.049999237060547
2019-11-22,1463.0999755859375,16.985000610351562
2019-11-25,1456.5999755859375,16.871000289916992
2019-11-26,1459.800048828125,17.030000686645508
2019-11-27,1453.4000244140625,16.91200065612793
2019-11-29,1465.5999755859375,16.9689998626709
2019-12-02,1462.300048828125,16.836000442504883
2019-12-03,1478.199951171875,17.125
2019-12-04,1474.0,16.797000885009766
2019-12-05,1476.9000244140625,16.941999435424805
2019-12-06,1459.0999755859375,16.481000900268555
2019-12-09,1459.300048828125,16.531999588012695
2019-12-10,1462.5999755859375,16.59600067138672
2019-12-11,1469.4000244140625,16.743999481201172
2019-12-12,1466.699951171875,16.844999313354492
2019-12-13,1475.5999755859375,16.91200065612793
2019-12-16,1475.0,17.018999099731445
2019-12-17,1474.5999755859375,16.97800064086914
2019-12-18,1472.5999755859375,16.952999114990234
2019-12-19,1478.199951171875,17.058000564575195
2019-12-20,1474.699951171875,17.128000259399414
2019-12-23,1482.5,17.402999877929688
2019-12-24,1499.0999755859375,17.756999969482422
2019-12-26,1509.300048828125,17.893999099731445
2019-12-27,1513.800048828125,17.849000930786133
2019-12-30,1514.5,17.908000946044922
2019-12-31,1519.5,17.827999114990234
2020-01-02,1524.5,17.965999603271484
2020-01-03,1549.199951171875,18.06800079345703
2020-01-06,1566.199951171875,18.097000122070312
2020-01-07,1571.800048828125,18.31599998474121
2020-01-08,1557.4000244140625,18.08799934387207
2020-01-09,1551.699951171875,17.860000610351562
2020-01-10,1557.5,18.033000946044922
2020-01-13,1548.4000244140625,17.926000595092773
2020-01-14,1542.4000244140625,17.673999786376953
2020-01-15,1552.0999755859375,17.92300033569336
2020-01-16,1549.0,17.875
2020-01-17,1558.800048828125,18.01300048828125
2020-01-21,1556.4000244140625,17.750999450683594
2020-01-22,1555.300048828125,17.770999908447266
2020-01-23,1564.5999755859375,17.773000717163086
2020-01-24,1571.0999755859375,18.05699920654297
2020-01-27,1576.800048828125,18.0
2020-01-28,1569.199951171875,17.402000427246094
2020-01-29,1569.800048828125,17.430999755859375
2020-01-30,1583.5,17.95199966430664
2020-01-31,1582.9000244140625,17.972000122070312
2020-02-03,1577.199951171875,17.639999389648438
2020-02-04,1550.4000244140625,17.527999877929688
2020-02-05,1557.800048828125,17.569000244140625
2020-02-06,1565.0999755859375,17.788999557495117
2020-02-07,1568.5999755859375,17.665000915527344
2020-02-10,1574.699951171875,17.757999420166016
2020-02-11,1565.5999755859375,17.572999954223633
2020-02-12,1567.4000244140625,17.47800064086914
2020-02-13,1575.0999755859375,17.600000381469727
2020-02-14,1582.699951171875,17.71500015258789
2020-02-18,1600.0,18.131000518798828
2020-02-19,1607.5,18.29199981689453
2020-02-20,1616.5999755859375,18.30900001525879
2020-02-21,1644.5999755859375,18.520999908447266
2020-02-24,1672.4000244140625,18.868000030517578
2020-02-25,1646.9000244140625,18.183000564575195
2020-02-26,1640.0,17.826000213623047
2020-02-27,1640.0,17.658000946044922
2020-02-28,1564.0999755859375,16.386999130249023
2020-03-02,1592.300048828125,16.679000854492188
2020-03-03,1642.0999755859375,17.128999710083008
2020-03-04,1641.0999755859375,17.187000274658203
2020-03-05,1666.4000244140625,17.341999053955078
2020-03-06,1670.800048828125,17.214000701904297
2020-03-09,1674.5,17.000999450683594
2020-03-10,1659.0999755859375,16.9060001373291
2020-03-11,1641.4000244140625,16.729000091552734
2020-03-12,1589.300048828125,15.961000442504883
2020-03-13,1515.699951171875,14.456000328063965
2020-03-16,1485.9000244140625,12.772000312805176
2020-03-17,1524.9000244140625,12.468999862670898
2020-03-18,1477.300048828125,11.734999656677246
2020-03-19,1478.5999755859375,12.097000122070312
2020-03-20,1484.0,12.348999977111816
2020-03-23,1567.0,13.225000381469727
2020-03-24,1660.199951171875,14.229000091552734
2020-03-25,1632.300048828125,14.836999893188477
2020-03-26,1650.0999755859375,14.640000343322754
2020-03-27,1623.9000244140625,14.498000144958496
2020-03-30,1622.0,14.074000358581543
2020-03-31,1583.4000244140625,14.097999572753906
2020-04-01,1578.199951171875,13.925999641418457
2020-04-02,1625.699951171875,14.595999717712402
2020-04-03,1633.699951171875,14.435999870300293
2020-04-06,1677.0,15.111000061035156
2020-04-07,1664.800048828125,15.42199993133545
2020-04-08,1665.4000244140625,15.147000312805176
2020-04-09,1736.199951171875,15.994999885559082
2020-04-13,1744.800048828125,15.479000091552734
2020-04-14,1756.699951171875,16.07200050354004
2020-04-15,1727.199951171875,15.446999549865723
2020-04-16,1720.4000244140625,15.564000129699707
2020-04-17,1689.199951171875,15.237000465393066
2020-04-20,1701.5999755859375,15.555999755859375
2020-04-21,1678.199951171875,14.817999839782715
2020-04-22,1728.699951171875,15.277000427246094
2020-04-23,1733.300048828125,15.347999572753906
2020-04-24,1723.5,15.253999710083008
2020-04-27,1711.9000244140625,15.201000213623047
2020-04-28,1710.5,15.161999702453613
2020-04-29,1703.4000244140625,15.15999984741211
2020-04-30,1684.199951171875,14.89799976348877
2020-05-01,1694.5,14.86299991607666
2020-05-04,1706.9000244140625,14.722000122070312
2020-05-05,1704.4000244140625,15.057000160217285
2020-05-06,1684.199951171875,14.987000465393066
2020-05-07,1721.800048828125,15.562000274658203
2020-05-08,1709.9000244140625,15.739999771118164
2020-05-11,1695.300048828125,15.63599967956543
2020-05-12,1704.4000244140625,15.687000274658203
2020-05-13,1713.9000244140625,15.663000106811523
2020-05-14,1738.0999755859375,16.13599967956543
2020-05-15,1753.4000244140625,17.04599952697754
2020-05-18,1731.800048828125,17.464000701904297
2020-05-19,1744.199951171875,17.892000198364258
2020-05-20,1750.5999755859375,18.00200080871582
2020-05-21,1720.5,17.334999084472656
2020-05-22,1734.5999755859375,17.663999557495117
2020-05-26,1704.800048828125,17.565000534057617
2020-05-27,1710.300048828125,17.68600082397461
2020-05-28,1713.300048828125,17.895000457763672
2020-05-29,1736.9000244140625,18.440000534057617
2020-06-01,1737.800048828125,18.76799964904785
2020-06-02,1725.199951171875,18.207000732421875
2020-06-03,1697.800048828125,17.92099952697754
2020-06-04,1718.9000244140625,18.02400016784668
2020-06-05,1676.199951171875,17.44300079345703
2020-06-08,1698.300048828125,17.868000030517578
2020-06-09,1714.699951171875,17.77400016784668
2020-06-10,1713.300048828125,17.775999069213867
2020-06-11,1732.0,17.868999481201172
2020-06-12,1729.300048828125,17.461999893188477
2020-06-15,1720.300048828125,17.378999710083008
2020-06-16,1729.5999755859375,17.631999969482422
2020-06-17,1729.199951171875,17.756999969482422
2020-06-18,1724.800048828125,17.493000030517578
2020-06-19,1745.9000244140625,17.832000732421875
2020-06-22,1756.699951171875,17.886999130249023
2020-06-23,1772.0999755859375,18.051000595092773
2020-06-24,1765.800048828125,17.658000946044922
2020-06-25,1762.0999755859375,17.882999420166016
2020-06-26,1772.5,18.023000717163086
2020-06-29,1774.800048828125,17.979999542236328
2020-06-30,1793.0,18.541000366210938
2020-07-01,1773.199951171875,18.132999420166016
2020-07-02,1784.0,18.243999481201172
2020-07-06,1788.5,18.503999710083008
2020-07-07,1804.199951171875,18.628000259399414
2020-07-08,1815.5,19.08099937438965
2020-07-09,1799.199951171875,18.881999969482422
2020-07-10,1798.199951171875,18.982999801635742
2020-07-13,1811.0,19.708999633789062
2020-07-14,1810.5999755859375,19.451000213623047
2020-07-15,1811.4000244140625,19.684999465942383
2020-07-16,1798.699951171875,19.496999740600586
2020-07-17,1808.300048828125,19.684999465942383
2020-07-20,1815.9000244140625,20.124000549316406
2020-07-21,1842.4000244140625,21.496999740600586
2020-07-22,1864.0999755859375,23.08300018310547
2020-07-23,1889.0999755859375,22.94499969482422
2020-07-24,1897.300048828125,22.808000564575195
2020-07-27,1931.0,24.47599983215332
2020-07-28,1944.699951171875,24.266000747680664
2020-07-29,1953.5,24.292999267578125
2020-07-30,1942.300048828125,23.34000015258789
2020-07-31,1962.800048828125,24.18899917602539
2020-08-03,1966.0,24.389999389648438
2020-08-04,2001.199951171875,26.011999130249023
2020-08-05,2031.0999755859375,26.87700080871582
2020-08-06,2051.5,28.386999130249023
2020-08-07,2010.0999755859375,27.533000946044922
2020-08-10,2024.4000244140625,29.249000549316406
2020-08-11,1932.5999755859375,26.03700065612793
2020-08-12,1934.9000244140625,25.954999923706055
2020-08-13,1956.699951171875,27.694000244140625
2020-08-14,1937.0,26.065000534057617
2020-08-17,1985.0,27.64299964904785
2020-08-18,1999.4000244140625,28.048999786376953
2020-08-19,1958.699951171875,27.315000534057617
2020-08-20,1933.800048828125,27.121999740600586
2020-08-21,1934.5999755859375,26.707000732421875
2020-08-24,1927.699951171875,26.58799934387207
2020-08-25,1911.800048828125,26.253999710083008
2020-08-26,1940.699951171875,27.43000030517578
2020-08-27,1921.5999755859375,27.010000228881836
2020-08-28,1964.5999755859375,27.610000610351562
2020-08-31,1967.5999755859375,28.437000274658203
2020-09-01,1968.199951171875,28.486000061035156
2020-09-02,1934.4000244140625,27.249000549316406
2020-09-03,1927.5999755859375,26.735000610351562
2020-09-04,1923.9000244140625,26.576000213623047
2020-09-08,1933.0,26.86400032043457
2020-09-09,1944.699951171875,26.954999923706055
2020-09-10,1954.199951171875,27.163000106811523
2020-09-11,1937.800048828125,26.73900032043457
2020-09-14,1953.0999755859375,27.229000091552734
2020-09-15,1956.300048828125,27.34600067138672
2020-09-16,1960.199951171875,27.354999542236328
2020-09-17,1940.0,26.985000610351562
2020-09-18,1952.0999755859375,27.027999877929688
2020-09-21,1901.199951171875,24.298999786376953
2020-09-22,1898.5999755859375,24.441999435424805
2020-09-23,1859.9000244140625,23.013999938964844
2020-09-24,1868.300048828125,23.118000030517578
2020-09-25,1857.699951171875,23.017000198364258
2020-09-28,1872.800048828125,23.527999877929688
2020-09-29,1894.300048828125,24.3799991607666
2020-09-30,1887.5,23.433000564575195
2020-10-01,1908.4000244140625,24.19300079345703
2020-10-02,1900.199951171875,23.97100067138672
2020-10-05,1912.5,24.50200080871582
2020-10-06,1901.0999755859375,23.8700008392334
2020-10-07,1883.5999755859375,23.847999572753906
2020-10-08,1888.5999755859375,23.836999893188477
2020-10-09,1919.5,25.069000244140625
2020-10-12,1922.5,25.22599983215332
2020-10-13,1888.5,24.086000442504883
2020-10-14,1901.300048828125,24.36400032043457
2020-10-15,1903.199951171875,24.19300079345703
2020-10-16,1900.800048828125,24.368999481201172
2020-10-19,1906.4000244140625,24.656999588012695
2020-10-20,1910.4000244140625,24.937000274658203
2020-10-21,1924.5999755859375,25.19700050354004
2020-10-22,1901.0999755859375,24.665000915527344
2020-10-23,1902.0,24.62700080871582
2020-10-26,1902.699951171875,24.375999450683594
2020-10-27,1908.800048828125,24.525999069213867
2020-10-28,1876.199951171875,23.323999404907227
2020-10-29,1865.5999755859375,23.339000701904297
2020-10-30,1877.4000244140625,23.617000579833984
2020-11-02,1890.4000244140625,24.006000518798828
2020-11-03,1908.5,24.30500030517578
2020-11-04,1894.5999755859375,23.86400032043457
2020-11-05,1945.300048828125,25.17099952697754
2020-11-06,1950.300048828125,25.645999908447266
2020-11-09,1853.199951171875,23.684999465942383
2020-11-10,1875.4000244140625,24.445999145507812
2020-11-11,1860.699951171875,24.250999450683594
2020-11-12,1872.5999755859375,24.290000915527344
2020-11-13,1885.699951171875,24.759000778198242
2020-11-16,1887.300048828125,24.785999298095703
2020-11-17,1884.5,24.635000228881836
2020-11-18,1873.5,24.433000564575195
2020-11-19,1861.0999755859375,24.033000946044922
2020-11-20,1872.5999755859375,24.347999572753906
2020-11-23,1837.800048828125,23.624000549316406
2020-11-24,1804.800048828125,23.29199981689453
2020-11-25,1805.699951171875,23.356000900268555
2020-11-27,1781.9000244140625,22.55299949645996
2020-11-30,1775.699951171875,22.534000396728516
2020-12-01,1814.0999755859375,24.033000946044922
2020-12-02,1825.699951171875,24.024999618530273
2020-12-03,1836.800048828125,24.086999893188477
2020-12-04,1835.9000244140625,24.202999114990234
2020-12-07,1861.800048828125,24.740999221801758
2020-12-08,1870.800048828125,24.68400001525879
2020-12-09,1834.5999755859375,23.93000030517578
2020-12-10,1833.5999755859375,24.0310001373291
2020-12-11,1839.800048828125,24.031999588012695
2020-12-14,1828.699951171875,23.985000610351562
2020-12-15,1852.300048828125,24.58099937438965
2020-12-16,1856.0999755859375,24.985000610351562
2020-12-17,1887.199951171875,26.100000381469727
2020-12-18,1885.699951171875,25.948999404907227
2020-12-21,1879.199951171875,26.277999877929688
2020-12-22,1866.5999755859375,25.43400001525879
2020-12-23,1874.699951171875,25.823999404907227
2020-12-24,1879.9000244140625,25.81100082397461
2020-12-28,1877.199951171875,26.459999084472656
2020-12-29,1879.699951171875,26.13800048828125
2020-12-30,1891.0,26.488000869750977
2020-12-31,1893.0999755859375,26.332000732421875
2021-01-04,1944.699951171875,27.284000396728516
2021-01-05,1952.699951171875,27.570999145507812
2021-01-06,1906.9000244140625,26.972999572753906
2021-01-07,1912.300048828125,27.200000762939453
2021-01-08,1834.0999755859375,24.582000732421875
2021-01-11,1849.5999755859375,25.23900032043457
2021-01-12,1842.9000244140625,25.384000778198242
2021-01-13,1853.5999755859375,25.520000457763672
2021-01-14,1850.300048828125,25.746000289916992
2021-01-15,1829.300048828125,24.825000762939453
2021-01-19,1839.5,25.27899932861328
2021-01-20,1865.9000244140625,25.733999252319336
2021-01-21,1865.300048828125,25.82200050354004
2021-01-22,1855.699951171875,25.52400016784668
2021-01-25,1854.9000244140625,25.454999923706055
2021-01-26,1850.699951171875,25.52899932861328
2021-01-27,1844.9000244140625,25.375999450683594
2021-01-28,1837.9000244140625,25.909000396728516
2021-01-29,1847.300048828125,26.899999618530273
2021-02-01,1860.800048828125,29.398000717163086
2021-02-02,1830.5,26.384000778198242
2021-02-03,1832.199951171875,26.878000259399414
2021-02-04,1788.9000244140625,26.222999572753906
2021-02-05,1810.9000244140625,27.013999938964844
2021-02-08,1831.9000244140625,27.56999969482422
2021-02-09,1835.300048828125,27.395999908447266
2021-02-10,1840.5999755859375,27.073999404907227
2021-02-11,1824.9000244140625,27.04199981689453
2021-02-12,1821.5999755859375,27.322999954223633
2021-02-16,1797.199951171875,27.319000244140625
2021-02-17,1771.0999755859375,27.31399917602539
2021-02-18,1773.4000244140625,27.07699966430664
2021-02-19,1775.800048828125,27.25200080871582
2021-02-22,1806.699951171875,28.08300018310547
2021-02-23,1804.4000244140625,27.68600082397461
2021-02-24,1796.4000244140625,27.85700035095215
2021-02-25,1774.4000244140625,27.636999130249023
2021-02-26,1728.0999755859375,26.402000427246094
2021-03-01,1722.5,26.64699935913086
2021-03-02,1733.0999755859375,26.850000381469727
2021-03-03,1715.300048828125,26.35700035095215
2021-03-04,1700.199951171875,25.43400001525879
2021-03-05,1698.0,25.256999969482422
2021-03-08,1677.699951171875,25.239999771118164
2021-03-09,1716.5999755859375,26.148000717163086
2021-03-10,1721.5,26.101999282836914
2021-03-11,1722.300048828125,26.16200065612793
2021-03-12,1719.5,25.8799991607666
2021-03-15,1728.9000244140625,26.253000259399414
2021-03-16,1730.5999755859375,25.974000930786133
2021-03-17,1726.800048828125,26.030000686645508
2021-03-18,1732.199951171875,26.320999145507812
2021-03-19,1741.4000244140625,26.29199981689453
2021-03-22,1737.800048828125,25.740999221801758
2021-03-23,1724.699951171875,25.200000762939453
2021-03-24,1732.9000244140625,25.201000213623047
2021-03-25,1724.9000244140625,25.02199935913086
2021-03-26,1732.199951171875,25.091999053955078
2021-03-29,1712.0999755859375,24.746999740600586
2021-03-30,1683.9000244140625,24.121000289916992
2021-03-31,1713.800048828125,24.517000198364258
2021-04-01,1726.5,24.934999465942383
2021-04-05,1727.0,24.76300048828125
2021-04-06,1741.5,25.211999893188477
2021-04-07,1740.0999755859375,25.232999801635742
2021-04-08,1756.800048828125,25.569000244140625
2021-04-09,1743.300048828125,25.31100082397461
2021-04-12,1731.199951171875,24.85300064086914
2021-04-13,1746.199951171875,25.41699981689453
2021-04-14,1734.9000244140625,25.514999389648438
2021-04-15,1765.4000244140625,25.95599937438965
2021-04-16,1779.0,26.099000930786133
2021-04-19,1769.4000244140625,25.83099937438965
2021-04-20,1777.300048828125,25.834999084472656
2021-04-21,1792.300048828125,26.565000534057617
2021-04-22,1781.199951171875,26.173999786376953
2021-04-23,1777.0,26.07699966430664
2021-04-26,1779.199951171875,26.211000442504883
2021-04-27,1778.0,26.41200065612793
2021-04-28,1773.199951171875,26.08099937438965
2021-04-29,1768.0999755859375,26.05299949645996
2021-04-30,1767.300048828125,25.85300064086914
2021-05-03,1791.4000244140625,26.94300079345703
2021-05-04,1775.800048828125,26.538999557495117
2021-05-05,1784.0999755859375,26.50200080871582
2021-05-06,1815.5,27.461999893188477
2021-05-07,1831.0999755859375,27.461999893188477
2021-05-10,1837.5,27.479000091552734
2021-05-11,1835.9000244140625,27.656999588012695
2021-05-12,1822.5999755859375,27.231000900268555
2021-05-13,1823.800048828125,27.04400062561035
2021-05-14,1837.9000244140625,27.35300064086914
2021-05-17,1867.5,28.260000228881836
2021-05-18,1867.800048828125,28.31399917602539
2021-05-19,1881.300048828125,28.007999420166016
2021-05-20,1881.800048828125,28.052000045776367
2021-05-21,1876.699951171875,27.472999572753906
2021-05-24,1884.5999755859375,27.886999130249023
2021-05-25,1898.0999755859375,28.03700065612793
2021-05-26,1901.300048828125,27.85300064086914
2021-05-27,1895.699951171875,27.91900062561035
2021-05-28,1902.5,27.993000030517578
2021-06-01,1902.9000244140625,28.08300018310547
2021-06-02,1907.5,28.18600082397461
2021-06-03,1871.199951171875,27.459999084472656
2021-06-04,1889.800048828125,27.878999710083008
2021-06-07,1896.800048828125,28.000999450683594
2021-06-08,1892.199951171875,27.71500015258789
2021-06-09,1893.199951171875,27.985000610351562
2021-06-10,1894.199951171875,28.014999389648438
2021-06-11,1877.4000244140625,28.131000518798828
2021-06-14,1864.0,28.02400016784668
2021-06-15,1854.5,27.679000854492188
2021-06-16,1859.5,27.799999237060547
2021-06-17,1773.800048828125,25.8439998626709
2021-06-18,1767.9000244140625,25.95800018310547
2021-06-21,1781.800048828125,26.014999389648438
2021-06-22,1776.300048828125,25.847999572753906
2021-06-23,1782.300048828125,26.107999801635742
2021-06-24,1775.5999755859375,26.047000885009766
2021-06-25,1776.5999755859375,26.082000732421875
2021-06-28,1779.5999755859375,26.218000411987305
2021-06-29,1762.800048828125,25.871999740600586
2021-06-30,1770.800048828125,26.165000915527344
2021-07-01,1775.9000244140625,26.075000762939453
2021-07-02,1782.5999755859375,26.481000900268555
2021-07-06,1793.5,26.15399932861328
2021-07-07,1801.5,26.110000610351562
2021-07-08,1799.5999755859375,25.966999053955078
2021-07-09,1810.0,26.211000442504883
2021-07-12,1805.5,26.216999053955078
2021-07-13,1809.4000244140625,26.114999771118164
2021-07-14,1824.300048828125,26.246000289916992
2021-07-15,1828.4000244140625,26.375
2021-07-16,1814.5,25.777000427246094
2021-07-19,1808.699951171875,25.125999450683594
2021-07-20,1810.9000244140625,24.976999282836914
2021-07-21,1802.9000244140625,25.238000869750977
2021-07-22,1805.0,25.364999771118164
2021-07-23,1801.4000244140625,25.218000411987305
2021-07-26,1798.699951171875,25.295000076293945
2021-07-27,1799.5,24.631999969482422
2021-07-28,1799.5,24.856000900268555
2021-07-29,1831.199951171875,25.763999938964844
2021-07-30,1812.5999755859375,25.527999877929688
2021-08-02,1818.0999755859375,25.55699920654297
2021-08-03,1810.0999755859375,25.56599998474121
2021-08-04,1810.5,25.445999145507812
2021-08-05,1805.0999755859375,25.277000427246094
2021-08-06,1760.0,24.312000274658203
2021-08-09,1723.4000244140625,23.2549991607666
2021-08-10,1728.800048828125,23.37700080871582
2021-08-11,1750.4000244140625,23.474000930786133
2021-08-12,1749.0,23.104999542236328
2021-08-13,1775.199951171875,23.76799964904785
2021-08-16,1786.9000244140625,23.780000686645508
2021-08-17,1785.0,23.648000717163086
2021-08-18,1781.5999755859375,23.41200065612793
2021-08-19,1780.199951171875,23.219999313354492
2021-08-20,1781.0,23.104999542236328
2021-08-23,1803.199951171875,23.64900016784668
2021-08-24,1805.5999755859375,23.889999389648438
2021-08-25,1788.199951171875,23.770999908447266
2021-08-26,1792.199951171875,23.54599952697754
2021-08-27,1816.5999755859375,24.059999465942383
2021-08-30,1809.0,23.959999084472656
2021-08-31,1815.0,23.959999084472656
2021-09-01,1813.0999755859375,24.177000045776367
2021-09-02,1808.699951171875,23.875
2021-09-03,1830.9000244140625,24.761999130249023
2021-09-07,1795.9000244140625,24.333999633789062
2021-09-08,1790.699951171875,24.011999130249023
2021-09-09,1797.4000244140625,24.132999420166016
2021-09-10,1789.5999755859375,23.854999542236328
2021-09-13,1792.0,23.753000259399414
2021-09-14,1804.699951171875,23.841999053955078
2021-09-15,1792.4000244140625,23.759000778198242
2021-09-16,1754.5999755859375,22.75200080871582
2021-09-17,1749.4000244140625,22.295000076293945
2021-09-20,1761.800048828125,22.163000106811523
2021-09-21,1776.0,22.572999954223633
2021-09-22,1776.699951171875,22.868999481201172
2021-09-23,1747.699951171875,22.642000198364258
2021-09-24,1749.699951171875,22.38800048828125
2021-09-27,1750.0,22.656999588012695
2021-09-28,1735.800048828125,22.43000030517578
2021-09-29,1721.5,21.458999633789062
2021-09-30,1755.300048828125,22.020999908447266
2021-10-01,1757.0,22.510000228881836
2021-10-04,1766.199951171875,22.618000030517578
2021-10-05,1759.5999755859375,22.582000732421875
2021-10-06,1760.5,22.506000518798828
2021-10-07,1757.9000244140625,22.631999969482422
2021-10-08,1756.300048828125,22.679000854492188
2021-10-11,1754.5999755859375,22.639999389648438
2021-10-12,1758.300048828125,22.490999221801758
2021-10-13,1793.699951171875,23.14900016784668
2021-10-14,1796.699951171875,23.45599937438965
2021-10-15,1767.199951171875,23.327999114990234
2021-10-18,1764.800048828125,23.243000030517578
2021-10-19,1769.699951171875,23.86199951171875
2021-10-20,1784.0999755859375,24.423999786376953
2021-10-21,1781.199951171875,24.149999618530273
2021-10-22,1795.5,24.429000854492188
2021-10-25,1806.0,24.57200050354004
2021-10-26,1792.699951171875,24.086000442504883
2021-10-27,1797.9000244140625,24.18899917602539
2021-10-28,1801.5999755859375,24.117000579833984
2021-10-29,1783.0,23.94499969482422
2021-11-01,1795.0999755859375,24.06399917602539
2021-11-02,1788.699951171875,23.5
2021-11-03,1763.5999755859375,23.22599983215332
2021-11-04,1793.0,23.9060001373291
2021-11-05,1816.4000244140625,24.152000427246094
2021-11-08,1827.4000244140625,24.53700065612793
2021-11-09,1830.199951171875,24.312999725341797
2021-11-10,1847.5999755859375,24.767000198364258
2021-11-11,1863.199951171875,25.301000595092773
2021-11-12,1867.9000244140625,25.3439998626709
2021-11-15,1866.0999755859375,25.10700035095215
2021-11-16,1853.5999755859375,24.944000244140625
2021-11-17,1869.699951171875,25.16699981689453
2021-11-18,1861.0,24.900999069213867
2021-11-19,1851.199951171875,24.780000686645508
2021-11-22,1806.0,24.297000885009766
2021-11-23,1783.5,23.434999465942383
2021-11-24,1784.0999755859375,23.496000289916992
2021-11-26,1785.300048828125,23.10700035095215
2021-11-29,1782.300048828125,22.798999786376953
2021-11-30,1773.5999755859375,22.764999389648438
2021-12-01,1781.5999755859375,22.298999786376953
2021-12-02,1760.699951171875,22.280000686645508
2021-12-03,1782.0,22.44499969482422
2021-12-06,1777.5,22.22800064086914
2021-12-07,1782.5999755859375,22.48699951171875
2021-12-08,1783.4000244140625,22.389999389648438
2021-12-09,1774.5999755859375,21.974000930786133
2021-12-10,1782.9000244140625,22.15999984741211
2021-12-13,1786.300048828125,22.290000915527344
2021-12-14,1770.4000244140625,21.886999130249023
2021-12-15,1762.5999755859375,21.507999420166016
2021-12-16,1796.5999755859375,22.454999923706055
2021-12-17,1803.800048828125,22.506999969482422
2021-12-20,1793.699951171875,22.274999618530273
2021-12-21,1787.9000244140625,22.50200080871582
2021-12-22,1801.5999755859375,22.79199981689453
2021-12-23,1811.199951171875,22.930999755859375
2021-12-27,1808.0999755859375,22.979000091552734
2021-12-28,1810.199951171875,23.111000061035156
2021-12-29,1805.0999755859375,22.847999572753906
2021-12-30,1812.699951171875,23.027999877929688
2021-12-31,1827.5,23.327999114990234
2022-01-03,1799.4000244140625,22.790000915527344
2022-01-04,1814.0,23.038000106811523
2022-01-05,1824.5999755859375,23.149999618530273
2022-01-06,1788.699951171875,22.173999786376953
2022-01-07,1797.0,22.393999099731445
2022-01-10,1798.4000244140625,22.445999145507812
2022-01-11,1818.5999755859375,22.805999755859375
2022-01-12,1827.199951171875,23.200000762939453
2022-01-13,1821.199951171875,23.155000686645508
2022-01-14,1816.5,22.910999298095703
2022-01-18,1812.300048828125,23.48699951171875
2022-01-19,1843.0999755859375,24.22599983215332
2022-01-20,1842.5,24.711000442504883
2022-01-21,1831.800048828125,24.31399917602539
2022-01-24,1841.699951171875,23.795000076293945
2022-01-25,1852.699951171875,23.895999908447266
2022-01-26,1829.9000244140625,23.80699920654297
2022-01-27,1793.300048828125,22.67300033569336
2022-01-28,1784.9000244140625,22.302000045776367
2022-01-31,1795.0,22.395000457763672
2022-02-01,1800.300048828125,22.59600067138672
2022-02-02,1809.199951171875,22.711000442504883
2022-02-03,1803.0,22.375
2022-02-04,1806.5999755859375,22.475000381469727
2022-02-07,1820.5999755859375,23.076000213623047
2022-02-08,1826.5999755859375,23.19499969482422
2022-02-09,1835.199951171875,23.336000442504883
2022-02-10,1836.199951171875,23.518999099731445
2022-02-11,1840.800048828125,23.365999221801758
2022-02-14,1868.0,23.844999313354492
2022-02-15,1854.800048828125,23.33799934387207
2022-02-16,1870.199951171875,23.60099983215332
2022-02-17,1900.699951171875,23.874000549316406
2022-02-18,1898.5999755859375,23.990999221801758
2022-02-22,1906.0999755859375,24.31100082397461
2022-02-23,1909.199951171875,24.55500030517578
2022-02-24,1925.0999755859375,24.68600082397461
2022-02-25,1886.5,23.996999740600586
2022-02-28,1899.4000244140625,24.361000061035156
2022-03-01,1942.4000244140625,25.534000396728516
2022-03-02,1920.9000244140625,25.183000564575195
2022-03-03,1934.4000244140625,25.204999923706055
2022-03-04,1965.0999755859375,25.781999588012695
2022-03-07,1993.9000244140625,25.71299934387207
2022-03-08,2040.0999755859375,26.88800048828125
2022-03-09,1985.9000244140625,25.756999969482422
2022-03-10,1998.0999755859375,26.20199966430664
2022-03-11,1982.699951171875,26.106000900268555
2022-03-14,1959.5999755859375,25.243999481201172
2022-03-15,1928.5,25.12299919128418
2022-03-16,1908.0,24.670000076293945
2022-03-17,1942.0999755859375,25.583999633789062
2022-03-18,1928.199951171875,25.05500030517578
2022-03-21,1928.5999755859375,25.281999588012695
2022-03-22,1920.699951171875,24.885000228881836
2022-03-23,1936.5999755859375,25.170000076293945
2022-03-24,1961.5999755859375,25.899999618530273
2022-03-25,1953.800048828125,25.594999313354492
2022-03-28,1939.5999755859375,25.176000595092773
2022-03-29,1912.0,24.715999603271484
2022-03-30,1933.5,25.10300064086914
2022-03-31,1949.199951171875,25.121000289916992
2022-04-01,1919.0999755859375,24.642000198364258
2022-04-04,1929.199951171875,24.583999633789062
2022-04-05,1922.9000244140625,24.527999877929688
2022-04-06,1918.4000244140625,24.454999923706055
2022-04-07,1933.800048828125,24.732999801635742
2022-04-08,1941.5999755859375,24.819000244140625
2022-04-11,1944.300048828125,24.97800064086914
2022-04-12,1972.0999755859375,25.725000381469727
2022-04-13,1981.0,26.020000457763672
2022-04-14,1970.9000244140625,25.690000534057617
2022-04-18,1982.9000244140625,26.139999389648438
2022-04-19,1955.699951171875,25.391000747680664
2022-04-20,1952.300048828125,25.270000457763672
2022-04-21,1944.9000244140625,24.621000289916992
2022-04-22,1931.0,24.256999969482422
2022-04-25,1893.199951171875,23.667999267578125
2022-04-26,1901.4000244140625,23.54199981689453
2022-04-27,1885.9000244140625,23.45800018310547
2022-04-28,1888.699951171875,23.128999710083008
2022-04-29,1909.300048828125,23.040000915527344
2022-05-02,1861.800048828125,22.54400062561035
2022-05-03,1868.800048828125,22.621000289916992
2022-05-04,1867.0,22.36199951171875
2022-05-05,1874.0,22.399999618530273
2022-05-06,1881.199951171875,22.325000762939453
2022-05-09,1857.0999755859375,21.781999588012695
2022-05-10,1839.9000244140625,21.389999389648438
2022-05-11,1852.5999755859375,21.549999237060547
2022-05-12,1823.800048828125,20.756999969482422
2022-05-13,1807.4000244140625,20.983999252319336
2022-05-16,1813.5,21.53499984741211
2022-05-17,1818.199951171875,21.73699951171875
2022-05-18,1815.9000244140625,21.533000946044922
2022-05-19,1841.199951171875,21.898000717163086
2022-05-20,1841.800048828125,21.66900062561035
2022-05-23,1847.800048828125,21.722999572753906
2022-05-24,1865.0999755859375,22.062999725341797
2022-05-25,1846.199951171875,21.860000610351562
2022-05-26,1847.4000244140625,21.94099998474121
2022-05-27,1851.300048828125,22.059999465942383
2022-05-31,1842.699951171875,21.650999069213867
2022-06-01,1843.300048828125,21.884000778198242
2022-06-02,1866.5,22.253999710083008
2022-06-03,1845.4000244140625,21.889999389648438
2022-06-06,1839.199951171875,22.073999404907227
2022-06-07,1847.5,22.159000396728516
2022-06-08,1851.9000244140625,22.073999404907227
2022-06-09,1848.800048828125,21.797000885009766
2022-06-10,1871.5,21.913000106811523
2022-06-13,1828.0,21.236000061035156
2022-06-14,1809.5,20.93600082397461
2022-06-15,1815.300048828125,21.402000427246094
2022-06-16,1845.699951171875,21.867000579833984
2022-06-17,1835.5999755859375,21.572999954223633
2022-06-21,1834.5999755859375,21.753999710083008
2022-06-22,1834.300048828125,21.406999588012695
2022-06-23,1825.699951171875,21.031999588012695
2022-06-24,1826.5,21.115999221801758
2022-06-27,1820.9000244140625,21.159000396728516
2022-06-28,1817.5,20.797000885009766
2022-06-29,1813.699951171875,20.667999267578125
2022-06-30,1804.0999755859375,20.281999588012695
2022-07-01,1798.9000244140625,19.597000122070312
2022-07-05,1761.800048828125,19.052000045776367
2022-07-06,1734.9000244140625,19.084999084472656
2022-07-07,1737.9000244140625,19.121999740600586
2022-07-08,1740.5999755859375,19.16699981689453
2022-07-11,1730.0,19.066999435424805
2022-07-12,1723.300048828125,18.89900016784668
2022-07-13,1734.199951171875,19.13800048828125
2022-07-14,1704.5,18.16900062561035
2022-07-15,1702.4000244140625,18.54800033569336
2022-07-18,1709.199951171875,18.791000366210938
2022-07-19,1710.0,18.670000076293945
2022-07-20,1699.5,18.638999938964844
2022-07-21,1712.699951171875,18.687000274658203
2022-07-22,1727.0999755859375,18.584999084472656
2022-07-25,1719.0,18.29400062561035
2022-07-26,1717.699951171875,18.48699951171875
2022-07-27,1719.0999755859375,18.55299949645996
2022-07-28,1750.300048828125,19.82699966430664
2022-07-29,1762.9000244140625,20.1560001373291
2022-08-01,1769.0,20.32200050354004
2022-08-02,1771.0999755859375,20.104999542236328
2022-08-03,1758.0,19.864999771118164
2022-08-04,1788.5,20.099000930786133
2022-08-05,1772.9000244140625,19.819000244140625
2022-08-08,1786.800048828125,20.591999053955078
2022-08-09,1794.0,20.45800018310547
2022-08-10,1795.5999755859375,20.718000411987305
2022-08-11,1789.699951171875,20.326000213623047
2022-08-12,1798.5999755859375,20.677000045776367
2022-08-15,1781.4000244140625,20.250999450683594
2022-08-16,1773.199951171875,20.065000534057617
2022-08-17,1760.300048828125,19.711000442504883
2022-08-18,1755.300048828125,19.447999954223633
2022-08-19,1747.5999755859375,19.058000564575195
2022-08-22,1734.0,18.87299919128418
2022-08-23,1746.800048828125,19.011999130249023
2022-08-24,1747.800048828125,18.895000457763672
2022-08-25,1757.699951171875,19.111000061035156
2022-08-26,1736.0999755859375,18.739999771118164
2022-08-29,1736.5999755859375,18.55500030517578
2022-08-30,1723.199951171875,18.159000396728516
2022-08-31,1712.800048828125,17.761999130249023
2022-09-01,1696.5999755859375,17.551000595092773
2022-09-02,1709.800048828125,17.775999069213867
2022-09-06,1700.4000244140625,17.795000076293945
2022-09-07,1715.300048828125,18.136999130249023
2022-09-08,1708.0,18.329999923706055
2022-09-09,1716.199951171875,18.658000946044922
2022-09-12,1728.0999755859375,19.7549991607666
2022-09-13,1705.0,19.389999389648438
2022-09-14,1696.5,19.47100067138672
2022-09-15,1665.4000244140625,19.174999237060547
2022-09-16,1671.699951171875,19.29599952697754
2022-09-19,1666.199951171875,19.273000717163086
2022-09-20,1659.699951171875,19.101999282836914
2022-09-21,1664.5999755859375,19.410999298095703
2022-09-22,1670.800048828125,19.54800033569336
2022-09-23,1645.300048828125,18.840999603271484
2022-09-26,1623.300048828125,18.4060001373291
2022-09-27,1626.699951171875,18.256999969482422
2022-09-28,1660.4000244140625,18.79599952697754
2022-09-29,1658.5,18.611000061035156
2022-09-30,1662.4000244140625,18.959999084472656
2022-10-03,1692.9000244140625,20.518999099731445
2022-10-04,1721.0999755859375,21.03700065612793
2022-10-05,1711.4000244140625,20.479000091552734
2022-10-06,1711.699951171875,20.594999313354492
2022-10-07,1700.5,20.191999435424805
2022-10-10,1667.300048828125,19.555999755859375
2022-10-11,1678.699951171875,19.427000045776367
2022-10-12,1670.300048828125,18.878000259399414
2022-10-13,1670.0,18.857999801635742
2022-10-14,1641.699951171875,18.014999389648438
2022-10-17,1657.0,18.673999786376953
2022-10-18,1649.0,18.570999145507812
2022-10-19,1627.5,18.336000442504883
2022-10-20,1630.800048828125,18.666000366210938
2022-10-21,1651.0,19.042999267578125
2022-10-24,1648.699951171875,19.173999786376953
2022-10-25,1652.800048828125,19.339000701904297
2022-10-26,1664.0,19.479999542236328
2022-10-27,1660.699951171875,19.47800064086914
2022-10-28,1639.5999755859375,19.14699935913086
2022-10-31,1635.9000244140625,19.125
2022-11-01,1645.0,19.67300033569336
2022-11-02,1645.699951171875,19.600000381469727
2022-11-03,1627.300048828125,19.43600082397461
2022-11-04,1672.5,20.790000915527344
2022-11-07,1676.5,20.898000717163086
2022-11-08,1712.0999755859375,21.476999282836914
2022-11-09,1710.0999755859375,21.29800033569336
2022-11-10,1750.300048828125,21.677000045776367
2022-11-11,1766.0,21.645999908447266
2022-11-14,1773.5999755859375,22.091999053955078
2022-11-15,1773.800048828125,21.499000549316406
2022-11-16,1773.0,21.503999710083008
2022-11-17,1760.800048828125,20.954999923706055
2022-11-18,1751.9000244140625,20.97599983215332
2022-11-21,1737.4000244140625,20.849000930786133
2022-11-22,1738.300048828125,21.034000396728516
2022-11-23,1744.9000244140625,21.35700035095215
2022-11-25,1753.300048828125,21.424999237060547
2022-11-28,1740.0999755859375,20.90999984741211
2022-11-29,1748.4000244140625,21.20400047302246
2022-11-30,1746.0,21.549999237060547
2022-12-01,1801.0999755859375,22.636999130249023
2022-12-02,1795.9000244140625,23.038000106811523
2022-12-05,1767.4000244140625,22.198999404907227
2022-12-06,1769.300048828125,22.12299919128418
2022-12-07,1785.5,22.709999084472656
2022-12-08,1788.699951171875,23.062999725341797
2022-12-09,1798.0999755859375,23.53499984741211
2022-12-12,1780.5,23.219999313354492
2022-12-13,1813.9000244140625,23.801000595092773
2022-12-14,1807.5,23.945999145507812
2022-12-15,1777.199951171875,23.128000259399414
2022-12-16,1790.0,23.150999069213867
2022-12-19,1787.699951171875,23.02899932861328
2022-12-20,1815.9000244140625,24.0939998626709
2022-12-21,1815.9000244140625,24.03499984741211
2022-12-22,1787.0,23.47599983215332
2022-12-23,1795.9000244140625,23.763999938964844
2022-12-27,1814.800048828125,24.040000915527344
2022-12-28,1807.9000244140625,23.663000106811523
2022-12-29,1819.5,24.077999114990234
2022-12-30,1819.699951171875,23.86199951171875
2023-01-03,1839.699951171875,24.05900001525879
2023-01-04,1852.800048828125,23.79199981689453
2023-01-05,1834.800048828125,23.257999420166016
2023-01-06,1864.199951171875,23.82200050354004
2023-01-09,1872.699951171875,23.711999893188477
2023-01-10,1871.5999755859375,23.506999969482422
2023-01-11,1874.5999755859375,23.32699966430664
2023-01-12,1895.5,23.863000869750977
2023-01-13,1918.4000244140625,24.231000900268555
2023-01-17,1907.199951171875,23.944000244140625
2023-01-18,1904.4000244140625,23.530000686645508
2023-01-19,1922.0999755859375,23.753999710083008
2023-01-20,1926.4000244140625,23.829999923706055
2023-01-23,1927.0999755859375,23.45199966430664
2023-01-24,1933.9000244140625,23.64900016784668
2023-01-25,1941.199951171875,23.839000701904297
2023-01-26,1929.0999755859375,23.93000030517578
2023-01-27,1928.5999755859375,23.527000427246094
2023-01-30,1922.9000244140625,23.645000457763672
2023-01-31,1929.5,23.74799919128418
2023-02-01,1927.800048828125,23.520999908447266
2023-02-02,1916.300048828125,23.534000396728516
2023-02-03,1862.9000244140625,22.333999633789062
2023-02-06,1866.199951171875,22.177000045776367
2023-02-07,1871.699951171875,22.117000579833984
2023-02-08,1877.4000244140625,22.367000579833984
2023-02-09,1866.199951171875,22.097000122070312
2023-02-10,1862.800048828125,22.034000396728516
2023-02-13,1851.9000244140625,21.81800079345703
2023-02-14,1854.0,21.841999053955078
2023-02-15,1834.199951171875,21.54599952697754
2023-02-16,1842.0,21.68400001525879
2023-02-17,1840.4000244140625,21.694000244140625
2023-02-21,1833.0,21.868999481201172
2023-02-22,1832.0,21.660999298095703
2023-02-23,1818.0,21.298999786376953
2023-02-24,1808.800048828125,20.805999755859375
2023-02-27,1817.0,20.670000076293945
2023-02-28,1828.9000244140625,20.961000442504883
2023-03-01,1837.699951171875,20.958999633789062
2023-03-02,1833.5,20.766000747680664
2023-03-03,1847.699951171875,21.093000411987305
2023-03-06,1847.9000244140625,20.983999252319336
2023-03-07,1813.9000244140625,20.054000854492188
2023-03-08,1812.699951171875,20.0049991607666
2023-03-09,1829.300048828125,20.024999618530273
2023-03-10,1862.0,20.375
2023-03-13,1911.699951171875,21.792999267578125
2023-03-14,1906.199951171875,21.929000854492188
2023-03-15,1926.5999755859375,21.77400016784668
2023-03-16,1919.0,21.58799934387207
2023-03-17,1969.800048828125,22.35099983215332
2023-03-20,1979.199951171875,22.533000946044922
2023-03-21,1938.0,22.323999404907227
2023-03-22,1946.800048828125,22.674999237060547
2023-03-23,1993.800048828125,23.143999099731445
2023-03-24,1982.0999755859375,23.246999740600586
2023-03-27,1952.4000244140625,23.054000854492188
2023-03-28,1972.4000244140625,23.323999404907227
2023-03-29,1966.0999755859375,23.375999450683594
2023-03-30,1980.300048828125,23.902000427246094
2023-03-31,1969.0,24.076000213623047
2023-04-03,1983.9000244140625,23.94099998474121
2023-04-04,2022.199951171875,25.02199935913086
2023-04-05,2020.9000244140625,24.96299934387207
2023-04-06,2011.9000244140625,25.024999618530273
2023-04-10,1989.0999755859375,24.84600067138672
2023-04-11,2004.800048828125,25.131000518798828
2023-04-12,2010.9000244140625,25.40399932861328
2023-04-13,2041.300048828125,25.874000549316406
2023-04-14,2002.199951171875,25.423999786376953
2023-04-17,1994.199951171875,25.05299949645996
2023-04-18,2007.4000244140625,25.24799919128418
2023-04-19,1995.199951171875,25.365999221801758
2023-04-20,2007.5999755859375,25.368000030517578
2023-04-21,1979.5,25.05299949645996
2023-04-24,1989.0999755859375,25.305999755859375
2023-04-25,1994.0,24.87700080871582
2023-04-26,1985.699951171875,24.871000289916992
2023-04-27,1989.9000244140625,24.982999801635742
2023-04-28,1990.0999755859375,24.999000549316406
2023-05-01,1983.4000244140625,25.009000778198242
2023-05-02,2014.300048828125,25.40399932861328
2023-05-03,2028.5999755859375,25.47599983215332
2023-05-04,2048.0,26.03499984741211
2023-05-05,2017.4000244140625,25.743000030517578
2023-05-08,2026.300048828125,25.63599967956543
2023-05-09,2036.199951171875,25.697999954223633
2023-05-10,2030.5,25.461000442504883
2023-05-11,2014.699951171875,24.2549991607666
2023-05-12,2014.5,23.992000579833984
2023-05-15,2018.0,24.12700080871582
2023-05-16,1988.4000244140625,23.73699951171875
2023-05-17,1980.699951171875,23.75200080871582
2023-05-18,1956.5,23.4950008392334
2023-05-19,1978.699951171875,23.920000076293945
2023-05-22,1974.800048828125,23.71500015258789
2023-05-23,1972.4000244140625,23.474000930786133
2023-05-24,1962.800048828125,23.114999771118164
2023-05-25,1943.0999755859375,22.785999298095703
2023-05-26,1944.0999755859375,23.239999771118164
2023-05-30,1958.0,23.125
2023-05-31,1963.9000244140625,23.474000930786133
2023-06-01,1978.0,23.875
2023-06-02,1952.4000244140625,23.64299964904785
2023-06-05,1958.0,23.534000396728516
2023-06-06,1965.5,23.573999404907227
2023-06-07,1942.699951171875,23.43899917602539
2023-06-08,1963.5999755859375,24.263999938964844
2023-06-09,1962.199951171875,24.333999633789062
2023-06-12,1955.300048828125,23.985000610351562
2023-06-13,1944.5999755859375,23.756000518798828
2023-06-14,1955.300048828125,24.04400062561035
2023-06-15,1957.800048828125,23.891000747680664
2023-06-16,1958.4000244140625,24.076000213623047
2023-06-20,1935.5,23.19300079345703
2023-06-21,1933.300048828125,22.77400016784668
2023-06-22,1912.699951171875,22.43600082397461
2023-06-23,1919.0999755859375,22.327999114990234
2023-06-26,1923.699951171875,22.80500030517578
2023-06-27,1914.0,22.93899917602539
2023-06-28,1912.300048828125,22.868000030517578
2023-06-29,1909.199951171875,22.590999603271484
2023-06-30,1921.0999755859375,22.809999465942383
2023-07-03,1921.699951171875,22.895999908447266
2023-07-05,1919.5999755859375,23.19700050354004
2023-07-06,1908.699951171875,22.68600082397461
2023-07-07,1926.199951171875,23.091999053955078
2023-07-10,1925.0,23.150999069213867
2023-07-11,1931.300048828125,23.086000442504883
2023-07-12,1956.199951171875,24.118999481201172
2023-07-13,1959.199951171875,24.76799964904785
2023-07-14,1960.0999755859375,25.013999938964844
2023-07-17,1952.4000244140625,24.8439998626709
2023-07-18,1977.199951171875,25.083999633789062
2023-07-19,1977.5,25.2189998626709
2023-07-20,1968.300048828125,24.80500030517578
2023-07-21,1964.300048828125,24.697999954223633
2023-07-24,1960.300048828125,24.43600082397461
2023-07-25,1962.0999755859375,24.68000030517578
2023-07-26,1968.9000244140625,24.825000762939453
2023-07-27,1945.4000244140625,24.236000061035156
2023-07-28,1960.4000244140625,24.3700008392334
2023-07-31,1970.5,24.854000091552734
2023-08-01,1940.699951171875,24.20800018310547
2023-08-02,1937.4000244140625,23.753999710083008
2023-08-03,1932.0,23.586000442504883
2023-08-04,1939.5999755859375,23.617000579833984
2023-08-07,1933.5,23.142000198364258
2023-08-08,1924.0999755859375,22.716999053955078
2023-08-09,1915.4000244140625,22.649999618530273
2023-08-10,1914.4000244140625,22.746000289916992
2023-08-11,1912.9000244140625,22.673999786376953
2023-08-14,1910.5999755859375,22.643999099731445
2023-08-15,1902.5,22.594999313354492
2023-08-16,1896.0999755859375,22.479999542236328
2023-08-17,1884.0999755859375,22.670000076293945
2023-08-18,1886.0999755859375,22.69499969482422
2023-08-21,1893.300048828125,23.304000854492188
2023-08-22,1896.4000244140625,23.420000076293945
2023-08-23,1918.5,24.363000869750977
2023-08-24,1918.199951171875,24.211000442504883
2023-08-25,1911.0999755859375,24.219999313354492
2023-08-28,1917.9000244140625,24.238000869750977
2023-08-29,1936.5,24.777000427246094
2023-08-30,1944.300048828125,24.733999252319336
2023-08-31,1938.199951171875,24.472000122070312
2023-09-01,1939.800048828125,24.23200035095215
2023-09-05,1926.199951171875,23.558000564575195
2023-09-06,1918.0999755859375,23.20599937438965
2023-09-07,1917.5,22.950000762939453
2023-09-08,1918.4000244140625,22.892000198364258
2023-09-11,1923.300048828125,23.10300064086914
2023-09-12,1911.300048828125,23.12700080871582
2023-09-13,1909.0999755859375,22.91200065612793
2023-09-14,1910.0,22.74799919128418
2023-09-15,1923.699951171875,23.125999450683594
2023-09-18,1931.5,23.23200035095215
2023-09-19,1932.0,23.194000244140625
2023-09-20,1945.5999755859375,23.57900047302246
2023-09-21,1919.199951171875,23.444000244140625
2023-09-22,1925.4000244140625,23.59600067138672
2023-09-25,1916.5999755859375,23.145000457763672
2023-09-26,1900.4000244140625,22.950000762939453
2023-09-27,1871.5999755859375,22.476999282836914
2023-09-28,1860.4000244140625,22.514999389648438
2023-09-29,1848.0999755859375,22.236000061035156
2023-10-02,1830.0,21.218000411987305
2023-10-03,1824.5999755859375,21.17799949645996
2023-10-04,1818.5,20.95599937438965
2023-10-05,1816.5999755859375,20.847999572753906
2023-10-06,1830.199951171875,21.540000915527344
2023-10-09,1849.5,21.740999221801758
2023-10-10,1861.0,21.775999069213867
2023-10-11,1872.800048828125,21.957000732421875
2023-10-12,1869.300048828125,21.79199981689453
2023-10-13,1927.4000244140625,22.726999282836914
2023-10-16,1921.0999755859375,22.610000610351562
2023-10-17,1922.699951171875,22.863000869750977
2023-10-18,1955.300048828125,22.944000244140625
2023-10-19,1968.4000244140625,22.886999130249023
2023-10-20,1982.5,23.35099983215332
2023-10-23,1976.300048828125,23.07200050354004
2023-10-24,1975.0,22.979999542236328
2023-10-25,1984.0999755859375,22.87700080871582
2023-10-26,1987.199951171875,22.78700065612793
2023-10-27,1988.5999755859375,22.770000457763672
2023-10-30,1996.199951171875,23.281999588012695
2023-10-31,1985.199951171875,22.840999603271484
2023-11-01,1978.800048828125,22.684999465942383
2023-11-02,1985.5999755859375,22.750999450683594
2023-11-03,1991.5,23.201000213623047
2023-11-06,1981.5999755859375,23.14900016784668
2023-11-07,1966.800048828125,22.507999420166016
2023-11-08,1951.5,22.64699935913086
2023-11-09,1964.199951171875,22.83099937438965
2023-11-10,1932.5999755859375,22.21500015258789
2023-11-13,1945.5,22.298999786376953
2023-11-14,1961.800048828125,23.07900047302246
2023-11-15,1960.0999755859375,23.485000610351562
2023-11-16,1983.9000244140625,23.892000198364258
2023-11-17,1981.5999755859375,23.80900001525879
2023-11-20,1977.699951171875,23.57900047302246
2023-11-21,1999.300048828125,23.843000411987305
2023-11-22,1991.4000244140625,23.672000885009766
2023-11-24,2002.199951171875,24.32900047302246
2023-11-27,2011.800048828125,24.672000885009766
2023-11-28,2039.699951171875,24.93000030517578
2023-11-29,2047.0999755859375,25.07200050354004
2023-11-30,2038.0999755859375,25.292999267578125
2023-12-01,2071.0,25.499000549316406
2023-12-04,2024.0999755859375,24.55500030517578
2023-12-05,2018.5,24.201000213623047
2023-12-06,2030.5,23.888999938964844
2023-12-07,2029.9000244140625,23.73200035095215
2023-12-08,1998.300048828125,22.97100067138672
2023-12-11,1978.0,22.773000717163086
2023-12-12,1977.800048828125,22.72800064086914
2023-12-13,1982.300048828125,22.638999938964844
2023-12-14,2030.199951171875,24.09600067138672
2023-12-15,2021.0999755859375,23.8700008392334
2023-12-18,2026.300048828125,23.83099937438965
2023-12-19,2038.4000244140625,24.040000915527344
2023-12-20,2034.5,24.347000122070312
2023-12-21,2039.0999755859375,24.30699920654297
2023-12-22,2057.10009765625,24.290000915527344
2023-12-26,2058.199951171875,24.143999099731445
2023-12-27,2081.89990234375,24.375
2023-12-28,2073.89990234375,24.134000778198242
2023-12-29,2062.39990234375,23.85300064086914
2024-01-02,2064.39990234375,23.732999801635742
2024-01-03,2034.199951171875,22.945999145507812
2024-01-04,2042.300048828125,22.98900032043457
2024-01-05,2042.4000244140625,23.121999740600586
2024-01-08,2026.5999755859375,23.1200008392334
2024-01-09,2026.4000244140625,22.90399932861328
2024-01-10,2021.699951171875,22.884000778198242
2024-01-11,2014.300048828125,22.53700065612793
2024-01-12,2046.699951171875,23.16200065612793
2024-01-16,2026.0,22.933000564575195
2024-01-17,2002.5999755859375,22.516000747680664
2024-01-18,2018.5999755859375,22.66699981689453
2024-01-19,2026.5,22.570999145507812
2024-01-22,2019.800048828125,22.163000106811523
2024-01-23,2023.699951171875,22.333999633789062
2024-01-24,2013.9000244140625,22.7549991607666
2024-01-25,2016.9000244140625,22.808000564575195
2024-01-26,2016.800048828125,22.7549991607666
2024-01-29,2025.199951171875,23.13800048828125
2024-01-30,2031.5,23.10700035095215
2024-01-31,2048.39990234375,23.051000595092773
2024-02-01,2053.0,23.1299991607666
2024-02-02,2036.0999755859375,22.701000213623047
2024-02-05,2025.699951171875,22.334999084472656
2024-02-06,2034.5,22.39299964904785
2024-02-07,2035.199951171875,22.277999877929688
2024-02-08,2032.199951171875,22.565000534057617
2024-02-09,2023.300048828125,22.527999877929688
2024-02-12,2018.199951171875,22.708999633789062
2024-02-13,1992.9000244140625,22.09600067138672
2024-02-14,1990.300048828125,22.33099937438965
2024-02-15,2002.0999755859375,22.91200065612793
2024-02-16,2011.5,23.43899917602539
2024-02-20,2027.5,23.106000900268555
2024-02-21,2022.300048828125,22.85099983215332
2024-02-22,2019.699951171875,22.764999389648438
2024-02-23,2038.5999755859375,22.9689998626709
2024-02-26,2028.5,22.517000198364258
2024-02-27,2034.0,22.523000717163086
2024-02-28,2033.0,22.40999984741211
2024-02-29,2045.699951171875,22.666000366210938
2024-03-01,2086.89990234375,23.149999618530273
2024-03-04,2117.699951171875,23.77899932861328
2024-03-05,2133.5,23.76300048828125
2024-03-06,2150.300048828125,24.27199935913086
2024-03-07,2158.0,24.3700008392334
2024-03-08,2178.60009765625,24.339000701904297
2024-03-11,2182.5,24.511999130249023
2024-03-12,2160.39990234375,24.194000244140625
2024-03-13,2175.39990234375,24.958999633789062
2024-03-14,2163.0,24.874000549316406
2024-03-15,2157.300048828125,25.200000762939453
2024-03-18,2160.699951171875,25.090999603271484
2024-03-19,2156.300048828125,24.964000701904297
2024-03-20,2157.89990234375,24.933000564575195
2024-03-21,2182.39990234375,24.849000930786133
2024-03-22,2158.10009765625,24.691999435424805
2024-03-25,2174.800048828125,24.7450008392334
2024-03-26,2175.60009765625,24.482999801635742
2024-03-27,2190.60009765625,24.625
2024-03-28,2217.39990234375,24.797000885009766
2024-04-01,2236.5,24.95400047302246
2024-04-02,2261.0,25.804000854492188
2024-04-03,2294.39990234375,26.94499969482422
2024-04-04,2288.800048828125,27.139999389648438
2024-04-05,2325.699951171875,27.399999618530273
2024-04-08,2331.699951171875,27.711999893188477
2024-04-09,2343.5,27.891000747680664
2024-04-10,2329.60009765625,27.961000442504883
2024-04-11,2354.800048828125,28.176000595092773
2024-04-12,2356.199951171875,28.2549991607666
2024-04-15,2365.800048828125,28.650999069213867
2024-04-16,2390.800048828125,28.31800079345703
2024-04-17,2371.699951171875,28.34600067138672
2024-04-18,2382.300048828125,28.32900047302246
2024-04-19,2398.39990234375,28.808000564575195
2024-04-22,2332.199951171875,27.21299934387207
2024-04-23,2327.699951171875,27.33099937438965
2024-04-24,2324.5,27.323999404907227
2024-04-25,2329.800048828125,27.341999053955078
2024-04-26,2334.800048828125,27.240999221801758
2024-04-29,2345.39990234375,27.37299919128418
2024-04-30,2291.39990234375,26.391000747680664
2024-05-01,2299.89990234375,26.48900032043457
2024-05-02,2299.199951171875,26.58300018310547
2024-05-03,2299.0,26.44499969482422
2024-05-06,2321.60009765625,27.368999481201172
2024-05-07,2315.199951171875,27.30299949645996
2024-05-08,2313.60009765625,27.361000061035156
2024-05-09,2332.10009765625,28.131999969482422
2024-05-10,2367.300048828125,28.274999618530273
2024-05-13,2336.10009765625,28.22100067138672
2024-05-14,2353.39990234375,28.485000610351562
2024-05-15,2388.699951171875,29.513999938964844
2024-05-16,2380.0,29.665000915527344
2024-05-17,2412.199951171875,31.047000885009766
2024-05-20,2433.89990234375,32.20500183105469
2024-05-21,2421.699951171875,31.868000030517578
2024-05-22,2389.199951171875,31.295000076293945
2024-05-23,2335.0,30.284000396728516
2024-05-24,2332.5,30.329999923706055
2024-05-28,2355.199951171875,31.97100067138672
2024-05-29,2340.300048828125,32.202999114990234
2024-05-30,2342.89990234375,31.38800048828125
2024-05-31,2322.89990234375,30.297000885009766
2024-06-03,2346.60009765625,30.641000747680664
2024-06-04,2325.5,29.488000869750977
2024-06-05,2354.10009765625,29.947999954223633
2024-06-06,2370.300048828125,31.246999740600586
2024-06-07,2305.199951171875,29.334999084472656
2024-06-10,2307.699951171875,29.768999099731445
2024-06-11,2307.5,29.132999420166016
2024-06-12,2336.0,30.176000595092773
2024-06-13,2300.199951171875,28.989999771118164
2024-06-14,2331.39990234375,29.402000427246094
2024-06-17,2312.39990234375,29.325000762939453
2024-06-18,2330.39990234375,29.5049991607666
2024-06-20,2353.800048828125,30.775999069213867
2024-06-21,2316.39990234375,29.572999954223633
2024-06-24,2330.0,29.48900032043457
2024-06-25,2316.60009765625,28.836999893188477
2024-06-26,2299.199951171875,28.909000396728516
2024-06-27,2324.5,28.917999267578125
2024-06-28,2327.699951171875,29.23699951171875
2024-07-01,2327.60009765625,29.299999237060547
2024-07-02,2323.0,29.35300064086914
2024-07-03,2359.800048828125,30.54800033569336
2024-07-05,2388.5,31.38800048828125
2024-07-08,2355.199951171875,30.618000030517578
2024-07-09,2360.10009765625,30.77199935913086
2024-07-10,2372.199951171875,30.726999282836914
2024-07-11,2415.0,31.393999099731445
2024-07-12,2414.0,30.88599967956543
2024-07-15,2422.89990234375,30.672000885009766
2024-07-16,2462.39990234375,31.19499969482422
2024-07-17,2454.800048828125,30.136999130249023
2024-07-18,2451.800048828125,29.9950008392334
2024-07-19,2395.5,29.08799934387207
2024-07-22,2392.0,29.124000549316406
2024-07-23,2404.60009765625,29.131999969482422
2024-07-24,2413.300048828125,29.115999221801758
2024-07-25,2351.89990234375,27.80699920654297
2024-07-26,2380.0,27.860000610351562
2024-07-29,2377.300048828125,27.702999114990234
2024-07-30,2405.0,28.364999771118164
2024-07-31,2426.5,28.777999877929688
2024-08-01,2435.0,28.33099937438965
2024-08-02,2425.699951171875,28.246000289916992
2024-08-05,2401.699951171875,27.076000213623047
2024-08-06,2389.10009765625,27.09600067138672
2024-08-07,2390.5,26.829999923706055
2024-08-08,2422.199951171875,27.5
2024-08-09,2432.10009765625,27.48699951171875
2024-08-12,2462.39990234375,27.91699981689453
2024-08-13,2466.699951171875,27.69499969482422
2024-08-14,2439.39990234375,27.253999710083008
2024-08-15,2453.10009765625,28.341999053955078
2024-08-16,2498.60009765625,28.777999877929688
2024-08-19,2501.800048828125,29.239999771118164
2024-08-20,2511.300048828125,29.454999923706055
2024-08-21,2508.39990234375,29.47599983215332
2024-08-22,2478.89990234375,29.006000518798828
2024-08-23,2508.39990234375,29.785999298095703
2024-08-26,2517.699951171875,29.976999282836914
2024-08-27,2516.0,29.951000213623047
2024-08-28,2501.0,29.176000595092773
2024-08-29,2525.699951171875,29.55699920654297
2024-08-30,2493.800048828125,28.731000900268555
2024-09-03,2489.89990234375,27.951000213623047
2024-09-04,2493.39990234375,28.16699981689453
2024-09-05,2511.39990234375,28.719999313354492
2024-09-06,2493.5,27.808000564575195
2024-09-09,2501.800048828125,28.291000366210938
2024-09-10,2512.300048828125,28.256999969482422
2024-09-11,2512.10009765625,28.562999725341797
2024-09-12,2551.199951171875,29.743000030517578
2024-09-13,2581.300048828125,30.698999404907227
2024-09-16,2580.39990234375,30.770999908447266
2024-09-17,2564.300048828125,30.618999481201172
2024-09-18,2570.699951171875,30.340999603271484
2024-09-19,2588.0,31.0939998626709
2024-09-20,2619.89990234375,31.176000595092773
2024-09-23,2626.5,30.767000198364258
2024-09-24,2651.199951171875,32.111000061035156
2024-09-25,2659.199951171875,31.697999954223633
2024-09-26,2669.89990234375,32.025001525878906
2024-09-27,2644.300048828125,31.518999099731445
2024-09-30,2636.10009765625,31.163999557495117
2024-10-01,2667.300048828125,31.44499969482422
2024-10-02,2647.10009765625,31.628000259399414
2024-10-03,2657.10009765625,32.18899917602539
2024-10-04,2645.800048828125,32.12799835205078
2024-10-07,2644.800048828125,31.7450008392334
2024-10-08,2615.0,30.354999542236328
2024-10-09,2606.0,30.424999237060547
2024-10-10,2620.60009765625,31.0049991607666
2024-10-11,2657.60009765625,31.520000457763672
2024-10-14,2647.800048828125,31.08300018310547
2024-10-15,2661.39990234375,31.527000427246094
2024-10-16,2674.0,31.760000228881836
2024-10-17,2691.0,31.572999954223633
2024-10-18,2713.699951171875,33.03200149536133
2024-10-21,2723.10009765625,33.86899948120117
2024-10-22,2744.199951171875,34.83100128173828
2024-10-23,2714.39990234375,33.63999938964844
2024-10-24,2734.89990234375,33.611000061035156
2024-10-25,2740.89990234375,33.60300064086914
2024-10-28,2742.89990234375,33.83000183105469
2024-10-29,2768.39990234375,34.26900100708008
2024-10-30,2788.5,33.91400146484375
2024-10-31,2738.300048828125,32.65299987792969
2024-11-01,2738.60009765625,32.54199981689453
2024-11-04,2736.10009765625,32.47999954223633
2024-11-05,2740.300048828125,32.654998779296875
2024-11-06,2667.60009765625,31.22100067138672
2024-11-07,2698.39990234375,31.764999389648438
2024-11-08,2687.5,31.358999252319336
2024-11-11,2611.199951171875,30.540000915527344
2024-11-12,2600.0,30.68600082397461
2024-11-13,2580.800048828125,30.59000015258789
2024-11-14,2568.199951171875,30.507999420166016
2024-11-15,2565.699951171875,30.371000289916992
2024-11-18,2610.60009765625,31.163000106811523
2024-11-19,2627.10009765625,31.20800018310547
2024-11-20,2648.199951171875,30.95599937438965
2024-11-21,2672.10009765625,30.91200065612793
2024-11-22,2709.89990234375,31.30900001525879
2024-11-25,2616.800048828125,30.209999084472656
2024-11-26,2620.300048828125,30.38800048828125
2024-11-27,2639.89990234375,30.111000061035156
2024-11-29,2657.0,30.684999465942383
2024-12-02,2634.89990234375,30.448999404907227
2024-12-03,2644.699951171875,31.07699966430664
2024-12-04,2653.800048828125,31.5049991607666
2024-12-05,2626.60009765625,31.134000778198242
2024-12-06,2638.60009765625,31.18600082397461
2024-12-09,2664.89990234375,32.215999603271484
2024-12-10,2697.60009765625,32.362998962402344
2024-12-11,2733.800048828125,32.5620002746582
2024-12-12,2687.5,31.22800064086914
2024-12-13,2656.0,30.655000686645508
2024-12-16,2651.39990234375,30.69700050354004
2024-12-17,2644.39990234375,30.572999954223633
2024-12-18,2636.5,30.40999984741211
2024-12-19,2592.199951171875,29.0939998626709
2024-12-20,2628.699951171875,29.65999984741211
2024-12-23,2612.300048828125,29.88800048828125
2024-12-24,2620.0,29.974000930786133
2024-12-26,2638.800048828125,30.047000885009766
2024-12-27,2617.199951171875,29.655000686645508
2024-12-30,2606.10009765625,29.106000900268555
